lat,lon,dist_from_center,dist_from_yamuna,dist_from_ridge,concrete_pct,vegetation_pct,water_pct,asphalt_pct,ndvi,ndbi,est_summer_temp,cluster
28.4,76.84,0.4421483235295594,0.3999999999999915,0.4327817001676475,4.5,72.3,1.2,21.9,0.6069878424516051,0.021829578126112387,27.951447985596527,0
28.4,76.85000000000001,0.4336601664898405,0.38999999999998636,0.4252058325093816,4.9,78.5,1.1,15.5,0.6126525393279391,0.009609022903462952,27.521958758505317,0
28.4,76.86000000000001,0.4252377452672712,0.37999999999998124,0.41773197148410035,5.0,80.7,6.3,8.0,0.6150278436291501,-0.040603656733188144,27.873935178141256,0
28.4,76.87000000000002,0.4168850441068728,0.3699999999999761,0.41036569057365213,11.2,72.3,0.5,16.0,0.5332246561520615,-0.05304464293816662,28.66560583729492,-1
28.4,76.88000000000002,0.4086063386683889,0.359999999999971,0.4031128874149123,5.4,80.2,1.6,12.9,0.6731412797793529,-0.07632594762896935,27.455014221729243,0
28.4,76.89000000000003,0.40040621873290533,0.3499999999999659,0.3959797974644481,5.0,70.3,2.7,22.0,0.5195838201850436,-0.14934826922383482,27.64102243061632,-1
28.4,76.90000000000003,0.3922896124038725,0.3399999999999608,0.38897300677551283,17.5,67.7,1.6,13.1,0.5607698809067662,0.04587900688909055,28.974697316844605,0
28.4,76.91000000000004,0.38426181178979785,0.32999999999995566,0.38209946349083135,10.7,79.1,5.2,4.9,0.5883212648321732,-0.05593672448033509,28.136808273667366,0
28.4,76.92000000000004,0.37632850011655467,0.31999999999995055,0.3753664875824416,4.6,74.3,0.9,20.2,0.6048152741891369,0.022061402295172373,27.431353716123436,0
28.4,76.93000000000005,0.36849578016576195,0.30999999999994543,0.3687817782916853,11.8,61.3,1.3,25.6,0.4620548090171181,-0.008267963081280756,28.413370930883893,0
28.4,76.94000000000005,0.3607702038694045,0.2999999999999403,0.3623534186398361,4.8,59.8,0.2,35.2,0.3906622505708022,0.041175781700754636,27.730382062684676,0
28.4,76.95000000000006,0.3531588028068534,0.2899999999999352,0.3560898762952622,5.0,75.9,1.9,17.2,0.5787511951186639,-0.11466720318730436,27.41322603230578,0
28.4,76.96000000000006,0.3456691192455127,0.2799999999999301,0.34999999999996306,12.6,68.6,0.6,18.2,0.4078698541799431,-0.010701671212985483,28.141072044873926,0
28.4,76.97000000000007,0.33830923723712775,0.26999999999992497,0.34409301068166637,4.8,71.0,0.3,23.9,0.5017980079484075,-0.12236329429949344,26.781450786762008,-1
28.4,76.98000000000008,0.3310878131251075,0.25999999999991985,0.33837848631373235,5.1,67.2,1.6,26.1,0.42590967973701765,0.047102317331572066,26.96063199283439,-1
28.4,76.99000000000008,0.32401410463121083,0.24999999999991473,0.3328663395418233,9.8,66.1,1.6,22.6,0.5947750046589837,0.05153246943238805,27.704947144470424,0
28.4,77.00000000000009,0.31709799747075756,0.23999999999990962,0.3275667870831416,6.3,66.6,0.2,26.9,0.4210984691991693,-0.03773421942184957,27.364675348923697,0
28.4,77.01000000000009,0.31035002819391544,0.2299999999999045,0.322490309931899,21.8,63.0,2.5,12.8,0.596289531360899,0.06349176602857684,28.565214575388545,-1
28.4,77.0200000000001,0.30378140166896955,0.2199999999998994,0.31764760348532856,10.5,46.2,2.0,41.3,0.3415139766334241,0.10242427641704634,27.951078871330306,-1
28.4,77.0300000000001,0.2974040013180115,0.20999999999989427,0.3130495168499273,6.5,62.0,0.4,31.1,0.432056641602349,-0.021119689236065727,27.262939058423267,0
28.4,77.0400000000001,0.2912303898976958,0.19999999999988916,0.30870698080861986,35.8,45.1,1.2,17.9,0.3462180050310414,0.18805968306823986,29.918915293551684,0
28.4,77.05000000000011,0.2852737983060559,0.18999999999988404,0.3046309242345144,20.9,58.5,2.6,18.1,0.3942742640420225,0.04806142216569016,28.358202758847643,-1
28.4,77.06000000000012,0.279548099617874,0.17999999999987892,0.30083217912978577,22.6,71.5,1.4,4.6,0.47302255597961956,0.05931693351088818,28.295855011434874,-1
28.4,77.07000000000012,0.27406776534274435,0.1699999999998738,0.29732137494633104,10.4,57.6,1.0,31.1,0.42235351341044153,0.03265958377468941,27.461716815984182,-1
28.4,77.08000000000013,0.26884780080924325,0.1599999999998687,0.2941088233970178,20.5,51.0,0.8,27.7,0.394003634816312,0.22602677385729292,28.336899546828317,-1
28.4,77.09000000000013,0.26390365666274446,0.14999999999986358,0.2912043955711862,28.4,58.6,1.9,11.1,0.4913205447630944,0.0883076109227838,28.749552203945843,2
28.4,77.10000000000014,0.25925111378732607,0.13999999999985846,0.28861739379320467,16.3,56.6,5.5,21.7,0.43428650547794967,0.07153853725425335,27.795594120379757,-1
28.4,77.11000000000014,0.25490613958861535,0.12999999999985334,0.2863564212654989,35.7,56.4,2.4,5.4,0.3811327238165334,0.1515079260855842,29.14493991826375,0
28.4,77.12000000000015,0.2508847145602387,0.11999999999984823,0.28442925306653344,21.6,50.1,0.1,28.2,0.42021380410404113,0.15615255021177613,28.35977156413151,0
28.4,77.13000000000015,0.24720262943580198,0.10999999999984311,0.2828427124745989,27.6,65.2,1.2,6.0,0.544948791311802,0.060698723090936574,28.392244034194274,2
28.4,77.14000000000016,0.24387525499725596,0.099999999999838,0.28160255680655905,28.0,44.3,4.9,22.8,0.312150876388577,0.18781897493473315,28.66723760297621,0
28.4,77.15000000000016,0.2409172887112484,0.08999999999983288,0.2807133769523537,47.5,42.3,0.2,10.0,0.3412388873411747,0.24014019820850632,30.51923000134538,-1
28.4,77.16000000000017,0.23834248467275324,0.07999999999982776,0.2801785145224332,33.5,40.2,9.3,17.0,0.37104051554924045,0.16057086771269213,29.208342296721945,0
28.4,77.17000000000017,0.2361633756533481,0.06999999999982265,0.28000000000000114,21.1,50.6,5.7,22.7,0.3282208029953134,0.05789248501099315,28.10623544461296,-1
28.4,77.18000000000018,0.2343909981206348,0.05999999999981753,0.2801785145224454,41.1,35.2,0.2,23.5,0.17181611588584983,0.282262381107603,29.954363365142505,0
28.4,77.19000000000018,0.23303463261925392,0.04999999999981242,0.280713376952378,23.0,49.1,5.9,22.0,0.3132655404786017,0.19936155125051225,28.1116690841054,0
28.4,77.20000000000019,0.23210157259267775,0.0399999999998073,0.2816025568065954,35.2,41.2,0.9,22.7,0.20331749850170788,0.11805233933538473,29.35052270659329,-1
28.4,77.21000000000019,0.231596934349308,0.029999999999802185,0.28284271247464715,14.0,57.8,3.7,24.6,0.4497607392308346,-0.018728118923394856,27.298255847151026,-1
28.4,77.2200000000002,0.23152351932363482,0.01999999999979707,0.28442925306659345,14.4,39.6,42.4,3.5,0.1759048399328157,0.07298893398716295,27.989997884641692,-1
28.4,77.2300000000002,0.23188173709890467,0.009999999999791953,0.28635642126557037,33.0,31.6,30.7,4.6,0.24765071170358485,0.27975722753057153,29.47052152702547,0
28.4,77.24000000000021,0.2326695940599239,2.1316282072803006e-13,0.2886173937932874,28.1,29.7,38.7,3.4,0.13369091819132556,0.27873014783122496,29.632324199088615,0
28.4,77.25000000000021,0.23388274840187384,0.010000000000218279,0.2912043955712799,28.5,31.7,35.7,4.1,0.25323538994220796,0.17818303403726146,29.320775049685896,0
28.4,77.26000000000022,0.23551462799583991,0.020000000000223395,0.2941088233971222,32.4,36.5,0.1,31.0,0.1006480850839776,0.3249893176338699,29.19826676789679,-1
28.4,77.27000000000022,0.23755660378112775,0.03000000000022851,0.2973213749464457,27.1,41.5,1.7,29.7,0.25424061861480846,0.15455167355957755,28.846539061296266,0
28.4,77.28000000000023,0.2399982083267056,0.040000000000233626,0.30083217912991045,17.5,49.2,0.4,32.8,0.2781494792121873,0.17828223600496088,27.815829913907194,-1
28.4,77.29000000000023,0.24282738725282624,0.05000000000023874,0.3046309242346487,24.5,69.3,0.9,5.3,0.5913677461294101,0.06742703791610966,28.003168804893555,-1
28.4,77.30000000000024,0.24603077043337385,0.06000000000024386,0.30870698080876346,27.3,54.8,0.9,17.0,0.47715123992519143,0.05999495931689028,28.506771523611015,-1
28.4,77.31000000000024,0.24959395024728698,0.07000000000024897,0.31304951685007987,41.7,35.1,1.3,21.9,0.09869605513253117,0.22869836526574305,30.091652022200368,-1
28.4,77.32000000000025,0.2535017554180859,0.08000000000025409,0.3176476034854896,34.0,45.4,0.8,19.7,0.35189307791668933,0.13137914236903098,29.29790005387514,0
28.4,77.33000000000025,0.257738510898269,0.0900000000002592,0.3224903099320682,10.2,60.1,0.2,29.5,0.4943343676829454,-0.037115964880329415,27.236570831409544,-1
28.4,77.34000000000026,0.2622882765204411,0.10000000000026432,0.3275667870833186,29.9,64.9,0.3,4.9,0.5003842262605414,0.0525389361691703,28.775132893788303,-1
28.41,76.84,0.43699558350170914,0.3999999999999915,0.42638011210655524,4.8,68.6,0.1,26.5,0.5468081654706011,-0.08853000759814703,27.593549768882752,0
28.41,76.85000000000001,0.42840534543816733,0.38999999999998636,0.4186884283091609,4.8,65.0,1.2,29.0,0.5108027507387783,-0.019347368049794585,27.51962990893793,0
28.41,76.86000000000001,0.4198775297631345,0.37999999999998124,0.41109609582188006,4.7,74.8,5.8,14.7,0.616675424100006,0.03674783453763303,27.964929053511344,0
28.41,76.87000000000002,0.4114160181616518,0.3699999999999761,0.4036087214121984,8.0,79.8,0.2,11.9,0.563576647976183,-0.04016559210230545,28.173590670338886,0
28.41,76.88000000000002,0.4030249868184173,0.359999999999971,0.3962322551231625,9.2,74.7,6.2,9.9,0.6323247172220009,-0.07375649442992041,28.261730968649008,0
28.41,76.89000000000003,0.39470893073248614,0.3499999999999659,0.38897300677551455,5.0,80.7,2.7,11.6,0.6367673167947715,-0.12043616602632079,27.13048214747959,0
28.41,76.90000000000003,0.3864726898501107,0.3399999999999608,0.38183766184071244,4.9,54.1,2.0,39.1,0.39436669198849006,0.02414398469145449,27.9244847211653,0
28.41,76.91000000000004,0.37832147705354674,0.32999999999995566,0.3748332962797999,7.6,74.2,2.1,16.2,0.5961312474620536,0.05535662968803841,27.923722624792692,0
28.41,76.92000000000004,0.37026090800944,0.31999999999995055,0.3679673898594527,15.4,72.1,3.4,9.0,0.48536156055852303,-0.06871772255365025,28.52186347265209,0
28.41,76.93000000000005,0.36229703283352027,0.30999999999994543,0.36124783736373683,4.7,74.9,0.2,20.2,0.49642789076252986,-0.06048845114296215,27.41750379016826,0
28.41,76.94000000000005,0.3544363694656221,0.2999999999999403,0.3546829570193294,7.1,61.1,1.4,30.5,0.44384839188485625,0.039068146186591435,27.912261420759002,0
28.41,76.95000000000006,0.3466859385668379,0.2899999999999352,0.34828149534532304,5.0,70.5,2.4,22.2,0.6116769465690399,0.02327443608123917,27.200923422087897,0
28.41,76.96000000000006,0.33905329964471337,0.2799999999999301,0.34205262752970234,5.5,68.2,1.9,24.3,0.45453086856497577,-0.041133539925640075,27.216987597050572,0
28.41,76.97000000000007,0.3315465879781701,0.26999999999992497,0.3360059523281879,22.7,67.9,3.7,5.7,0.5198577220333238,-0.019533784704474394,28.74335382028801,-1
28.41,76.98000000000008,0.3241745517463785,0.25999999999991985,0.330151480384341,29.3,53.9,0.2,16.6,0.3492658046031961,0.13287503612335644,29.493210923376324,1
28.41,76.99000000000008,0.316946588560225,0.24999999999991473,0.3244996147917152,17.6,66.0,2.6,13.7,0.4514510785373524,0.08853318654876885,28.186085848300742,0
28.41,77.00000000000009,0.3098727803469738,0.23999999999990962,0.3190611226708315,29.7,53.0,1.6,15.6,0.4020374182988421,0.11045583486201858,29.34685735803692,1
28.41,77.01000000000009,0.30296392524517407,0.2299999999999045,0.31384709652945875,23.3,64.6,1.0,11.1,0.5193687749694725,0.0049291094670141505,28.601908921614733,-1
28.41,77.0200000000001,0.2962315648271857,0.2199999999998994,0.3088689042295641,14.4,67.4,0.8,17.4,0.467222426551839,0.011710343961706175,27.775531031788347,0
28.41,77.0300000000001,0.2896880045841786,0.20999999999989427,0.3041381265148651,25.0,52.5,1.9,20.5,0.4418625127983392,0.031320645718258044,28.894788711845116,1
28.41,77.0400000000001,0.28334632519226927,0.19999999999988916,0.2996664812753884,39.0,51.5,4.5,5.0,0.3846251813246269,0.1485670571374117,29.923109192323896,0
28.41,77.05000000000011,0.2772203816460175,0.18999999999988404,0.2954657340538384,23.9,42.2,1.4,32.5,0.2677161017743365,0.21960128415961436,28.869177889535933,0
28.41,77.06000000000012,0.27132478692512435,0.17999999999987892,0.2915475947422215,42.3,46.9,3.6,7.3,0.3394759017952634,0.23614234135598283,30.127412736997915,0
28.41,77.07000000000012,0.26567487649374166,0.1699999999998738,0.2879236009777175,5.0,57.8,1.0,36.2,0.5220173757328108,0.018806786305429018,26.698218357046038,-1
28.41,77.08000000000013,0.26028664967678583,0.1599999999998687,0.28460498941511436,32.7,62.6,0.2,4.5,0.5010765375550341,0.16806646965572838,29.154042161278525,-1
28.41,77.09000000000013,0.2551766838877859,0.14999999999986358,0.28160255680653723,27.8,37.7,0.1,34.4,0.20436515323705956,0.2903937433954498,29.137614443209994,-1
28.41,77.10000000000014,0.2503620178860371,0.13999999999985846,0.27892651361959286,27.6,62.8,0.1,9.4,0.464264625236149,0.10200431143851109,28.436587233857978,2
28.41,77.11000000000014,0.24586000081340997,0.12999999999985334,0.27658633371875585,31.5,54.9,0.9,12.6,0.4006634435585752,0.046611432967237174,28.906971297358663,0
28.41,77.12000000000015,0.24168810479618508,0.11999999999984823,0.2745906043548928,11.3,52.7,0.8,35.2,0.4075678393822478,-0.023595585268600047,27.305306451790464,-1
28.41,77.13000000000015,0.23786370046725022,0.10999999999984311,0.2729468812791012,30.7,61.6,2.6,5.1,0.4663773860434616,0.1532745082218761,28.593254965172154,2
28.41,77.14000000000016,0.2344037968975245,0.099999999999838,0.2716615541441049,33.4,42.8,2.5,21.3,0.3799661954476085,0.19843639590800083,29.338647194846782,0
28.41,77.15000000000016,0.23132475008087292,0.08999999999983288,0.2707397274136054,45.8,40.8,0.1,13.2,0.2558656785649415,0.31517770891744484,30.31103793146167,-1
28.41,77.16000000000017,0.22864194715751726,0.07999999999982776,0.27018512172211934,31.8,49.4,0.5,18.3,0.2581047151286604,0.08146586292272477,28.720955799954087,-1
28.41,77.17000000000017,0.22636947674097696,0.06999999999982265,0.2699999999999996,26.2,54.7,0.6,18.5,0.40302642847486264,0.09704073808903411,28.301844107644317,0
28.41,77.18000000000018,0.22451979868151212,0.05999999999981753,0.270185121722132,31.0,55.0,1.6,12.4,0.37294374004019465,0.16945952951017898,28.59321238729864,0
28.41,77.19000000000018,0.2231034289292523,0.04999999999981242,0.2707397274136306,45.4,35.8,0.3,18.4,0.14699845049255775,0.22071062562557364,30.117791967941944,0
28.41,77.20000000000019,0.22212865641333485,0.0399999999998073,0.2716615541441426,38.2,30.6,0.3,31.0,0.14022380091664427,0.312339252982876,29.712466463920755,0
28.41,77.21000000000019,0.22160130866038896,0.029999999999802185,0.2729468812791512,28.9,40.4,5.5,25.3,0.24568060159113392,0.17856102363603304,28.80821080720739,0
28.41,77.2200000000002,0.22152458102883482,0.01999999999979707,0.2745906043549549,32.5,27.6,35.9,4.0,0.20539021081252432,0.2609030403191956,29.69372462564759,0
28.41,77.2300000000002,0.22189894096188212,0.009999999999791953,0.27658633371882985,29.5,33.6,32.9,4.0,0.12823758410510627,0.16131835516927512,29.275629683764933,0
28.41,77.24000000000021,0.2227221138549315,2.1316282072803006e-13,0.2789265136196784,34.0,37.5,24.8,3.8,0.2549892633787642,0.2270693019428758,29.768413404357354,0
28.41,77.25000000000021,0.2239891515230448,0.010000000000218279,0.28160255680663415,27.4,40.3,21.2,11.1,0.3737240310760594,0.29033948411321864,28.679064362152232,-1
28.41,77.26000000000022,0.22569257852224153,0.020000000000223395,0.2846049894152222,33.3,46.4,3.3,17.1,0.3088569182161659,0.18730109026493152,28.921259835792025,0
28.41,77.27000000000022,0.2278226064288244,0.03000000000022851,0.287923600977836,28.1,41.9,1.3,28.7,0.2668879755167414,0.13521378630554523,28.82303683252483,0
28.41,77.28000000000023,0.2303674022079254,0.040000000000233626,0.2915475947423502,19.9,57.4,0.3,22.4,0.4525888259738849,0.14247707900390255,27.73133343502485,-1
28.41,77.29000000000023,0.23331339438624893,0.05000000000023874,0.29546573405397697,34.6,24.9,2.6,37.9,0.15020907979568035,0.2412214236453536,29.702151047623197,0
28.41,77.30000000000024,0.23664560000143423,0.06000000000024386,0.2996664812755364,34.5,39.2,1.0,25.3,0.32367811119520107,0.2935551619569349,29.395618545180856,0
28.41,77.31000000000024,0.24034795609708118,0.07000000000024897,0.3041381265150221,31.0,46.7,0.6,21.6,0.3119444436050662,0.09575204358089269,29.01264763741214,0
28.41,77.32000000000025,0.24440364154416835,0.08000000000025409,0.30886890422972973,29.7,59.5,1.0,9.8,0.4706096455824815,0.105235420364564,28.597797342403332,-1
28.41,77.33000000000025,0.2487953777706821,0.0900000000002592,0.3138470965296326,17.6,53.1,1.5,27.8,0.41380503944370106,0.16361562478430744,27.7724055380657,-1
28.41,77.34000000000026,0.2535057001332765,0.10000000000026432,0.31906112267101316,25.1,35.5,0.8,38.5,0.20272220534243487,0.15445904357029272,28.84676824770823,-1
28.42,76.84,0.432012893326112,0.3999999999999915,0.4201190307519975,5.0,80.1,0.6,14.4,0.6152009905008986,-0.08134199583003515,27.390733650827524,0
28.42,76.85000000000001,0.42332155626662205,0.38999999999998636,0.4123105625617595,5.3,80.8,1.1,12.9,0.6266400414270115,-0.030235537882298116,27.1559522744801,0
28.42,76.86000000000001,0.4146892089263854,0.37999999999998124,0.4045985664828678,4.8,68.1,0.0,27.1,0.4510150092679792,-0.1388760486165844,27.715448053257905,-1
28.42,76.87000000000002,0.4061196129220897,0.3699999999999761,0.39698866482557,5.0,74.6,3.0,17.4,0.551966080327318,-0.011655812472251184,27.874116337498176,0
28.42,76.88000000000002,0.39761682559970324,0.359999999999971,0.3894868418829911,19.9,74.5,0.4,5.2,0.645308226338344,-0.017196324545857098,29.06418385969618,-1
28.42,76.89000000000003,0.3891852258243906,0.3499999999999659,0.3820994634908347,4.9,70.0,0.1,25.1,0.5818858307835559,0.03679770767812176,27.84837981550683,0
28.42,76.90000000000003,0.3808295419212895,0.3399999999999608,0.37483329627980155,6.2,55.8,2.1,35.9,0.3732032042142255,-0.0017748642773175102,28.212866104452292,-1
28.42,76.91000000000004,0.3725548818630306,0.32999999999995566,0.36769552621697676,5.2,83.0,3.1,8.8,0.6462128925733683,-0.16873879313457874,27.472867951207824,0
28.42,76.92000000000004,0.36436676577313465,0.31999999999995055,0.3606937759373977,4.7,75.4,3.2,16.8,0.6271694944713772,-0.09005182474648217,26.68770530144139,0
28.42,76.93000000000005,0.3562711607750089,0.30999999999994543,0.3538361202590488,7.6,68.4,1.2,22.7,0.537770284377111,-0.047395823480710586,27.860833971366304,0
28.42,76.94000000000005,0.34827451816056015,0.2999999999999403,0.34713109915415913,11.6,63.3,0.5,24.6,0.5096955476245402,0.007975701176696777,28.126206014061424,0
28.42,76.95000000000006,0.3403838127760611,0.2899999999999352,0.3405877273184891,35.6,56.9,2.6,4.9,0.43880640593973375,0.09887101452248419,30.175711965333555,-1
28.42,76.96000000000006,0.3326065844206442,0.2799999999999301,0.3342154993413269,11.4,65.3,2.4,21.0,0.4984705701365062,-0.09269492868820339,27.953910426700347,0
28.42,76.97000000000007,0.3249509809186085,0.26999999999992497,0.3280243893370913,16.2,61.2,0.5,22.2,0.4425053658576808,0.03785218152484396,28.426864580257718,0
28.42,76.98000000000008,0.31742580235381745,0.25999999999991985,0.3220248437620475,16.8,70.7,4.9,7.7,0.4765445719869898,0.008489835476231434,28.086735024238287,0
28.42,76.99000000000008,0.31004054573549555,0.24999999999991473,0.31622776601679164,6.6,61.6,0.2,31.5,0.48901174427341293,0.002137877877051801,27.395751890281147,0
28.42,77.00000000000009,0.30280544909225665,0.23999999999990962,0.31064449134013394,30.6,56.4,8.0,5.0,0.3965123990996295,0.12414141225009383,29.37550231634842,1
28.42,77.01000000000009,0.29573153365842264,0.2299999999999045,0.30528675044942677,26.7,56.1,3.7,13.5,0.3225056553071578,0.1038474039183314,29.069057425434295,1
28.42,77.0200000000001,0.28883064241863693,0.2199999999998994,0.3001666203960241,29.2,63.8,2.3,4.8,0.44691705033942847,-0.0004996775587377267,29.009606882612434,-1
28.42,77.0300000000001,0.28211547281204274,0.20999999999989427,0.2952964612046194,15.1,66.4,5.8,12.6,0.5402144844726406,-0.001742637448127046,27.68439718169354,0
28.42,77.0400000000001,0.27559960087047036,0.19999999999988916,0.2906888370749244,38.0,54.6,2.5,4.9,0.2955917809367028,0.14669499594515917,29.763488064558963,-1
28.42,77.05000000000011,0.2692974934899375,0.18999999999988404,0.2863564212654795,11.9,56.6,0.4,31.1,0.3579237742402104,0.040841468443703344,27.538165377694767,-1
28.42,77.06000000000012,0.2632245049382057,0.17999999999987892,0.28231188426981574,31.5,57.7,1.1,9.6,0.4261566700659609,0.03136049396856942,29.098519455991045,-1
28.42,77.07000000000012,0.25739685312754745,0.1699999999998738,0.27856776554363766,49.3,45.7,0.1,4.9,0.3815859321697133,0.28055564725341514,30.6743187219959,-1
28.42,77.08000000000013,0.2518315706974906,0.1599999999998687,0.2751363298439095,19.5,44.4,1.0,35.1,0.349598803446691,0.08789221733025787,28.215822746525564,-1
28.42,77.09000000000013,0.24654642564832768,0.14999999999986358,0.27202941017466886,25.2,61.0,2.7,11.1,0.5240817309314987,0.008490170268905035,28.266942044289525,-1
28.42,77.10000000000014,0.24155980625917,0.13999999999985846,0.26925824035668827,35.0,55.6,1.0,8.3,0.41078909243631095,0.1290409283194717,29.001916591634732,0
28.42,77.11000000000014,0.23689056545158002,0.12999999999985334,0.2668332812824933,27.9,44.2,0.8,27.2,0.2873409782766483,0.14691215813904052,28.71535308203281,0
28.42,77.12000000000015,0.23255782076716125,0.11999999999984823,0.2647640458974452,17.9,45.5,1.8,34.8,0.35166533372164777,0.15627207968053036,27.865759193557842,-1
28.42,77.13000000000015,0.2285807078473008,0.10999999999984311,0.2630589287592933,35.8,47.2,4.2,12.8,0.27983163600813715,0.21503269678147735,29.178372396493923,0
28.42,77.14000000000016,0.22497808782184828,0.099999999999838,0.26172504656602824,26.5,54.4,0.1,19.1,0.34073083748826827,0.14352824258940242,28.18993905222786,0
28.42,77.15000000000016,0.22176821232985056,0.08999999999983288,0.26076809620809166,42.8,45.3,1.0,10.9,0.24994551124159903,0.20181084948737862,29.6288871244085,0
28.42,77.16000000000017,0.21896835387786123,0.07999999999982776,0.2601922366251454,27.1,47.3,0.3,25.3,0.380144231048253,0.17246487122006654,28.421378791974007,0
28.42,77.17000000000017,0.21659441359366374,0.06999999999982265,0.259999999999998,47.4,45.9,2.2,4.5,0.27137097112614195,0.13469934523509586,30.29305811159968,-1
28.42,77.18000000000018,0.2146605226863712,0.05999999999981753,0.2601922366251585,27.0,48.0,0.2,24.9,0.3820301704258134,0.19571804286403913,28.47246426292279,0
28.42,77.19000000000018,0.21317865746830592,0.04999999999981242,0.2607680962081178,34.5,43.7,2.2,19.7,0.3007225141825527,0.16475851794608337,29.014060150988072,0
28.42,77.20000000000019,0.21215828996292538,0.0399999999998073,0.2617250465660674,47.1,47.0,0.7,5.2,0.37808698247722966,0.30479689560324574,29.893849517775745,-1
28.42,77.21000000000019,0.21160609632048966,0.029999999999802185,0.26305892875934517,25.9,36.6,0.5,37.1,0.17413089093174694,0.2509399988488944,28.443658750873933,-1
28.42,77.2200000000002,0.21152574311416605,0.01999999999979707,0.2647640458975096,33.0,35.5,27.3,4.1,0.18822421716589954,0.21163572084952803,29.40782087639297,0
28.42,77.2300000000002,0.2119177670701638,0.009999999999791953,0.26683328128257,36.2,36.4,23.8,3.6,0.25029945321897723,0.2276705314202145,30.025662286232123,0
28.42,77.24000000000021,0.21277955728877818,2.1316282072803006e-13,0.2692582403567769,19.3,39.5,31.0,10.2,0.23395200466499239,0.2196030807204241,27.999349291810297,3
28.42,77.25000000000021,0.2141054413134166,0.010000000000218279,0.27202941017476917,31.7,27.3,36.9,4.1,0.021032497575865797,0.14559405850652896,29.511407838357062,-1
28.42,77.26000000000022,0.2158868685214956,0.020000000000223395,0.27513632984402103,41.9,37.6,1.4,19.1,0.16978702737951035,0.229688460826724,29.649032306215126,0
28.42,77.27000000000022,0.21811267730240344,0.03000000000022851,0.2785677655437601,42.1,29.3,1.3,27.3,0.10803716529895033,0.3648711870220185,30.082002344979568,0
28.42,77.28000000000023,0.22076942723128,0.040000000000233626,0.28231188426994863,23.1,39.2,0.8,37.0,0.20084269348197906,0.21554267950125214,28.30461555365187,3
28.42,77.29000000000023,0.2238417744748122,0.05000000000023874,0.28635642126562244,21.7,43.3,0.3,34.8,0.32378915909173145,0.10671430625639708,28.138862602548773,-1
28.42,77.30000000000024,0.22731286809161985,0.06000000000024386,0.29068883707507687,36.8,28.7,0.9,33.6,0.17515243454223722,0.2826237305560374,29.805061691899358,0
28.42,77.31000000000024,0.23116474644729854,0.07000000000024897,0.29529646120478104,39.4,47.0,2.4,11.2,0.33111123066890796,0.1343653402263604,29.4045832457075,0
28.42,77.32000000000025,0.2353787161152208,0.08000000000025409,0.3001666203961945,37.1,54.4,3.2,5.2,0.4900334504119584,0.12222665635691801,29.16433733426385,-1
28.42,77.33000000000025,0.23993569971985365,0.0900000000002592,0.30528675044960557,35.8,38.4,1.5,24.3,0.30436122277839167,0.23209188095386815,29.493315013839396,0
28.42,77.34000000000026,0.24481654355876784,0.10000000000026432,0.31064449134032057,24.2,61.4,1.8,12.7,0.4926909645100526,0.09109125908036593,28.172078548301663,-1
28.430000000000003,76.84,0.42720620313848207,0.3999999999999915,0.41400483088968554,5.1,81.4,0.5,13.0,0.5578366969999288,-0.055229063789423376,27.655217757671412,0
28.430000000000003,76.85000000000001,0.41841503319072354,0.38999999999998636,0.40607881008493146,4.5,71.2,0.6,23.7,0.5437769968115498,0.019189363847980187,27.871627145740252,0
28.430000000000003,76.86000000000001,0.4096793136100366,0.37999999999998124,0.398246155034786,5.1,75.9,0.4,18.7,0.5980348331160634,-0.12388631221378793,27.291915200077725,0
28.430000000000003,76.87000000000002,0.4010026683202836,0.3699999999999761,0.39051248379531733,17.7,76.9,0.6,4.8,0.571338638536959,-0.030198948612507798,28.939978164663287,-1
28.430000000000003,76.88000000000002,0.39238901615614097,0.359999999999971,0.3828837943815138,6.2,67.8,0.5,25.4,0.5955189890391204,-0.06291735489871148,28.081007369546803,0
28.430000000000003,76.89000000000003,0.3838425979486661,0.3499999999999659,0.37536648758244645,4.8,76.3,1.4,17.5,0.5892601955286982,-0.08704281985554474,27.036439160489586,0
28.430000000000003,76.90000000000003,0.3753680060953232,0.3399999999999608,0.3679673898594558,11.9,77.0,1.7,9.3,0.5315825617381049,-0.08702188049018808,28.159367713407825,0
28.430000000000003,76.91000000000004,0.36697021677511665,0.32999999999995566,0.3606937759373992,5.0,78.5,5.8,10.6,0.5566311314625457,-0.0525298256691151,27.10675007397725,0
28.430000000000003,76.92000000000004,0.35865462495271655,0.31999999999995055,0.3535533905932411,15.4,56.7,0.4,27.5,0.5244171169113284,0.11535096049699717,28.735633210962135,0
28.430000000000003,76.93000000000005,0.35042708228670294,0.30999999999994543,0.3465544690232335,20.4,56.0,1.9,21.6,0.38299385113640544,0.13655071119912027,29.08538869859461,-1
28.430000000000003,76.94000000000005,0.3422939380123022,0.2999999999999403,0.3397057550292222,4.9,73.8,3.4,17.9,0.46027355283996896,-0.10955865405095278,27.274749749915056,0
28.430000000000003,76.95000000000006,0.3342620828032519,0.2899999999999352,0.3330165161068933,20.3,49.7,1.5,28.5,0.31733277597167503,0.10623509767905005,29.110778973713074,-1
28.430000000000003,76.96000000000006,0.32633899552454126,0.2799999999999301,0.32649655434624686,17.2,61.0,0.5,21.3,0.3576690253258085,-0.01004509463709169,28.51648137255916,0
28.430000000000003,76.97000000000007,0.3185327926602931,0.26999999999992497,0.32015621187159704,26.4,53.2,0.7,19.7,0.42466553992354006,0.05488858860023209,29.15312098908816,1
28.430000000000003,76.98000000000008,0.31085228003018445,0.25999999999991985,0.3140063693621044,35.3,59.8,0.1,4.8,0.3404573960434428,0.07381343128639622,29.825487400417884,-1
28.430000000000003,76.99000000000008,0.30330700618344336,0.24999999999991473,0.30805843601493854,16.2,48.6,0.7,34.4,0.2672897454831594,0.12276488454620772,28.405396851089474,-1
28.430000000000003,77.00000000000009,0.29590731657051444,0.23999999999990962,0.30232432915656954,12.4,60.7,2.6,24.3,0.44649942802555614,0.059645752142282266,27.795222826912166,0
28.430000000000003,77.01000000000009,0.28866440722742764,0.2299999999999045,0.2968164415930658,13.5,65.0,0.1,21.4,0.5404690083508221,0.04821147532483686,27.67433369427815,0
28.430000000000003,77.0200000000001,0.28159037625594013,0.2199999999998994,0.2915475947422137,15.9,53.3,0.5,30.2,0.37622829657603346,0.11081792039022378,28.017185766608193,-1
28.430000000000003,77.0300000000001,0.2746982708354056,0.20999999999989427,0.28653097563783664,25.3,61.1,2.6,11.0,0.38701772811004775,0.028007451315461715,28.51254005438386,-1
28.430000000000003,77.0400000000001,0.26800212685716135,0.19999999999988916,0.28178005607205625,31.7,56.6,3.2,8.4,0.41852814953476725,0.17123795096097608,29.003666896499233,0
28.430000000000003,77.05000000000011,0.2615169975354611,0.18999999999988404,0.2773084924771905,28.8,43.3,1.1,26.7,0.26631012680119326,0.21006400179858709,29.15043630875592,0
28.430000000000003,77.06000000000012,0.2552589665417513,0.17999999999987892,0.273130005674904,37.9,39.8,2.4,19.8,0.31483510866080555,0.19406549201595608,29.768682533608924,0
28.430000000000003,77.07000000000012,0.24924514037381684,0.1699999999998738,0.26925824035667756,29.8,32.1,1.0,37.1,0.23163940007065234,0.21015401639747125,29.272591855029862,0
28.430000000000003,77.08000000000013,0.243493613879224,0.1599999999998687,0.2657066051116829,47.4,47.1,0.4,5.2,0.2970420268759669,0.1738229208068366,30.22085794766957,0
28.430000000000003,77.09000000000013,0.2380234022107192,0.14999999999986358,0.2624880949680909,28.3,32.6,1.0,38.1,0.23238864052015634,0.15730783662445944,29.07876249247193,0
28.430000000000003,77.10000000000014,0.23285433214773388,0.13999999999985846,0.25961509971490365,57.8,35.8,1.7,4.8,0.23576128070995778,0.32770124277724694,31.39217549238572,-1
28.430000000000003,77.11000000000014,0.2280068858608633,0.12999999999985334,0.25709920264361275,43.6,42.8,6.3,7.3,0.3535404733360141,0.2579030892153008,29.778924582973413,0
28.430000000000003,77.12000000000015,0.22350199104251964,0.11999999999984823,0.25495097567960734,26.4,50.3,0.1,23.2,0.3895590653349288,0.08139737690603674,28.37151213088277,0
28.430000000000003,77.13000000000015,0.21936075309857164,0.10999999999984311,0.25317977802341607,25.4,42.9,1.4,30.3,0.3134497862438818,0.10010706444640113,28.382644660060354,0
28.430000000000003,77.14000000000016,0.2156041279752656,0.099999999999838,0.2517935662402614,42.7,38.1,0.8,18.5,0.3092979739335482,0.1907731606486845,29.774327116712502,0
28.430000000000003,77.15000000000016,0.2122525382650985,0.08999999999983288,0.25079872407967274,39.8,53.0,1.6,5.6,0.37777023407788,0.1599122316059589,29.036359516427986,0
28.430000000000003,77.16000000000017,0.2093254404031667,0.07999999999982776,0.2501999200639259,46.8,41.9,0.1,11.2,0.23844497720304647,0.16180113126636714,29.937091156136955,0
28.430000000000003,77.17000000000017,0.20684085669901509,0.06999999999982265,0.24999999999999645,42.7,39.9,0.7,16.6,0.26914198693470526,0.2849904989978625,29.733709721377682,0
28.430000000000003,77.18000000000018,0.20481489203665224,0.05999999999981753,0.25019992006393954,39.4,44.2,3.5,12.9,0.2800292847935726,0.25059788721291465,29.27567645276247,0
28.430000000000003,77.19000000000018,0.20326126045065432,0.04999999999981242,0.25079872407969994,31.2,29.3,1.6,37.9,0.193909827457485,0.2683172471930701,28.94069405005671,0
28.430000000000003,77.20000000000019,0.20219085043589916,0.0399999999998073,0.2517935662403021,22.7,45.6,1.1,30.5,0.3134972017489094,0.18058678748973972,28.02566729674798,-1
28.430000000000003,77.21000000000019,0.20161135880697736,0.029999999999802185,0.2531797780234699,35.3,44.8,0.7,19.2,0.32334684362102645,0.1848377693969542,28.9538334330574,0
28.430000000000003,77.2200000000002,0.20152702052082144,0.01999999999979707,0.25495097567967423,34.9,20.0,41.5,3.6,0.01979426335522433,0.3279576997413459,30.08929030625265,-1
28.430000000000003,77.2300000000002,0.20193845597112905,0.009999999999791953,0.25709920264369235,35.9,30.8,29.0,4.3,0.20261432676778124,0.1886908878345146,29.58213778115601,0
28.430000000000003,77.24000000000021,0.20284264837555208,2.1316282072803006e-13,0.2596150997149956,23.7,37.0,34.9,4.4,0.16873886065728955,0.2556239738602324,28.362221519734916,3
28.430000000000003,77.25000000000021,0.20423305315254997,0.010000000000218279,0.2624880949681948,31.8,29.0,35.4,3.9,0.2090880090767675,0.22603235303949704,29.474681372016505,0
28.430000000000003,77.26000000000022,0.20609983017949565,0.020000000000223395,0.26570660511179844,41.1,39.4,1.1,18.4,0.3027627188294519,0.21985995856053725,29.65174959895533,0
28.430000000000003,77.27000000000022,0.20843018015638187,0.03000000000022851,0.26925824035680423,31.8,58.1,1.1,9.0,0.4402977066303395,0.22926003836961711,28.364162190990346,-1
28.430000000000003,77.28000000000023,0.21120875928811964,0.040000000000233626,0.27313000567504137,39.6,48.9,3.8,7.8,0.35560434541762653,0.16329962754470623,29.30095346206367,0
28.430000000000003,77.29000000000023,0.2144181428891504,0.05000000000023874,0.27730849247733813,40.7,32.8,1.2,25.3,0.18401719646935394,0.2950700907511602,29.60819526831391,0
28.430000000000003,77.30000000000024,0.21803930838277208,0.06000000000024386,0.2817800560722136,25.3,50.9,1.6,22.1,0.3279385664184812,0.14712662331709037,28.1836057601756,-1
28.430000000000003,77.31000000000024,0.22205211100109642,0.07000000000024897,0.2865309756380033,37.8,50.4,0.5,11.3,0.35285103972853116,0.09475906848303091,29.318984589265053,0
28.430000000000003,77.32000000000025,0.2264357303961747,0.08000000000025409,0.2915475947423892,40.6,45.3,2.7,11.3,0.4068342460804585,0.14531284741773967,29.60648317227503,0
28.430000000000003,77.33000000000025,0.23116907232598222,0.0900000000002592,0.29681644159324966,44.1,49.5,1.5,4.9,0.35696594583940117,0.2865944321750377,29.88861653067855,-1
28.430000000000003,77.34000000000026,0.23623111564749782,0.10000000000026432,0.30232432915676133,39.3,53.2,3.0,4.5,0.31151254479752155,0.1808581471255717,29.65599193510836,0
28.440000000000005,76.84,0.4225815187629453,0.3999999999999915,0.4080441152620589,5.0,79.7,3.0,12.3,0.531882051688043,-0.0843437502862177,26.881256225112363,0
28.440000000000005,76.85000000000001,0.41369208355973375,0.38999999999998636,0.3999999999999915,4.8,77.3,0.5,17.4,0.5237962824254897,-0.09888240362638626,27.143178389133347,0
28.440000000000005,76.86000000000001,0.4048544676794245,0.37999999999998124,0.3920459156782406,4.8,77.3,2.4,15.4,0.576820170986577,-0.05609612189114653,27.86960854269524,0
28.440000000000005,76.87000000000002,0.3960721398937154,0.3699999999999761,0.3841874542459544,5.5,73.6,3.0,17.9,0.6256899542183173,-0.03074261335350821,27.963983884547012,0
28.440000000000005,76.88000000000002,0.38734886084766496,0.359999999999971,0.3764306044943539,7.6,75.4,0.8,16.2,0.5274258106815654,-0.042873922987916604,27.991614752243937,0
28.440000000000005,76.89000000000003,0.37868871121275954,0.3499999999999659,0.3687817782916914,39.1,55.9,0.3,4.6,0.4741873242297746,0.19124802904923346,30.995456654418273,-1
28.440000000000005,76.90000000000003,0.37009612264920866,0.3399999999999608,0.3612478373637413,11.2,76.7,0.0,12.1,0.5992724195868288,-0.09324292910840182,28.101536164437494,0
28.440000000000005,76.91000000000004,0.3615759118082613,0.32999999999995566,0.35383612025905165,17.8,58.1,1.1,23.0,0.44707218341391597,0.012864928161022554,28.95387372918121,0
28.440000000000005,76.92000000000004,0.35313331760111966,0.31999999999995055,0.34655446902323483,16.8,70.8,0.8,11.5,0.5600019794191847,0.04855352459851804,28.579091790837513,0
28.440000000000005,76.93000000000005,0.34477404194627403,0.30999999999994543,0.3394112549695054,16.4,65.7,1.5,16.4,0.520833264835219,0.12633436935719547,28.51778653474381,0
28.440000000000005,76.94000000000005,0.3365042941776067,0.2999999999999403,0.33241540277185294,9.8,57.8,0.4,32.0,0.3996317255988922,0.08252962213444077,27.99445628677074,0
28.440000000000005,76.95000000000006,0.32833083924597695,0.2899999999999352,0.3255764119219512,21.7,65.0,3.9,9.4,0.36827922053924306,0.10498768558936207,28.744575519337545,-1
28.440000000000005,76.96000000000006,0.3202610497702867,0.2799999999999301,0.3189043743819941,8.4,50.0,0.6,41.0,0.320582148876718,0.07145796819367042,27.879678301822125,-1
28.440000000000005,76.97000000000007,0.3123029618815114,0.26999999999992497,0.3124099870362186,15.5,68.7,0.5,15.3,0.4739060407231912,0.016305751243107226,27.986681605720907,0
28.440000000000005,76.98000000000008,0.30446533464413267,0.25999999999991985,0.3061045573002298,14.3,68.9,1.3,15.5,0.535628124185214,0.011032817284946166,27.822409135176358,0
28.440000000000005,76.99000000000008,0.29675771262085643,0.24999999999991473,0.2999999999999488,20.2,50.1,1.3,28.4,0.36186194587451687,0.10732866761227673,28.659027978784074,1
28.440000000000005,77.00000000000009,0.2891904908532819,0.23999999999990962,0.2941088233970024,44.6,50.0,0.5,4.9,0.3363810188457387,0.2543648432979819,30.509420192427665,-1
28.440000000000005,77.01000000000009,0.28177498114623606,0.2299999999999045,0.28844410203706566,5.3,80.4,0.7,13.6,0.7113762490035044,-0.030307636253167715,26.631458312795036,-1
28.440000000000005,77.0200000000001,0.2745234780487115,0.2199999999998994,0.2830194339616441,30.1,44.8,0.4,24.7,0.2711635693686677,0.14633828903514495,29.364221004278164,0
28.440000000000005,77.0300000000001,0.26744932230230334,0.20999999999989427,0.27784887978894185,10.2,47.8,2.5,39.4,0.21891333313055544,0.009321147053362844,27.557732973496087,-1
28.440000000000005,77.0400000000001,0.26056695876484703,0.19999999999988916,0.2729468812790696,24.0,66.2,3.0,6.8,0.5017728336702894,0.037821286139736586,28.17412497619619,-1
28.440000000000005,77.05000000000011,0.2538919849068927,0.18999999999988404,0.2683281572999214,37.1,57.0,1.1,4.8,0.4724597486046974,0.06856739075482086,29.531566207574592,-1
28.440000000000005,77.06000000000012,0.24744118493080813,0.17999999999987892,0.2640075756488295,29.7,45.6,2.4,22.3,0.32475804388013874,0.16228375281651333,29.02523091863864,0
28.440000000000005,77.07000000000012,0.24123254340980435,0.1699999999998738,0.2599999999999494,21.3,58.8,2.7,17.3,0.41136807529304786,0.01610670372555168,27.93821852012626,-1
28.440000000000005,77.08000000000013,0.23528523115564248,0.1599999999998687,0.25632011235947744,28.9,65.2,0.3,5.6,0.49882237525700057,0.123525831800285,28.219439054460928,2
28.440000000000005,77.09000000000013,0.22961955491631214,0.14999999999986358,0.25298221281342453,44.6,39.5,7.4,8.5,0.3474453282154753,0.27052113600218625,29.90188978355825,0
28.440000000000005,77.10000000000014,0.2242568616563753,0.13999999999985846,0.24999999999995737,28.8,42.8,3.6,24.8,0.24144359860196582,0.205406578972542,28.65690759323234,0
28.440000000000005,77.11000000000014,0.21921938782865039,0.12999999999985334,0.24738633753702075,36.9,49.4,0.4,13.3,0.3461436592102127,0.2173092918715134,29.241320203881898,0
28.440000000000005,77.12000000000015,0.214530044515844,0.11999999999984823,0.2451530134425907,36.2,52.4,0.4,11.0,0.4050971388080311,0.166155362212045,29.074876829042815,0
28.440000000000005,77.13000000000015,0.2102121309534062,0.10999999999984311,0.24331050121189907,32.2,47.7,0.3,19.8,0.3419943595332799,0.18544008941692938,28.700290735288004,0
28.440000000000005,77.14000000000016,0.20628897207551883,0.099999999999838,0.24186773244893214,60.9,26.2,0.3,12.7,0.12340664703773674,0.4234349366480694,31.38906295375357,-1
28.440000000000005,77.15000000000016,0.2027834805894617,0.08999999999983288,0.2408318915758275,43.1,49.5,2.6,4.7,0.3241837066779096,0.17507424360883586,29.634050420249917,0
28.440000000000005,77.16000000000017,0.19971765069712585,0.07999999999982776,0.2402082429892743,20.0,40.2,1.3,38.5,0.24754027626541084,0.18925576672694716,27.79751961576211,-1
28.440000000000005,77.17000000000017,0.19711199862002815,0.06999999999982265,0.23999999999999488,42.1,33.9,3.0,21.0,0.23170161627113328,0.20414307450502123,29.692318066475625,0
28.440000000000005,77.18000000000018,0.1949849737799941,0.05999999999981753,0.24020824298928847,34.4,41.7,2.7,21.1,0.2989886180929424,0.1986638457718385,28.881197676706716,0
28.440000000000005,77.19000000000018,0.1933523726257017,0.04999999999981242,0.2408318915758558,48.3,45.0,1.8,4.8,0.40973592919242724,0.33286418601366097,29.989307576489022,-1
28.440000000000005,77.20000000000019,0.19222679313766752,0.0399999999998073,0.24186773244897447,34.0,46.1,2.3,17.6,0.2380605243006843,0.21224126898940557,28.71583053987456,0
28.440000000000005,77.21000000000019,0.19161717042059476,0.029999999999802185,0.24331050121195513,40.6,39.9,0.0,19.4,0.34699533449273,0.21800028421773435,29.376722688357464,0
28.440000000000005,77.2200000000002,0.19152843130981645,0.01999999999979707,0.24515301344266024,36.2,29.7,30.2,3.9,0.15707618352877492,0.2733270307868084,29.758584548581137,0
28.440000000000005,77.2300000000002,0.19196129818274077,0.009999999999791953,0.24738633753710346,41.6,28.2,26.1,4.1,0.14927064893059427,0.2827500871832862,30.13096850617597,0
28.440000000000005,77.24000000000021,0.19291225984889437,2.1316282072803006e-13,0.25000000000005285,23.3,35.2,37.6,4.0,0.25973665675796676,0.20548503098891774,28.408942705563025,3
28.440000000000005,77.25000000000021,0.19437371221441388,0.010000000000218279,0.2529822128135324,35.3,16.4,43.5,4.7,0.09022042050799871,0.3039496574885679,29.57784029117044,-1
28.440000000000005,77.26000000000022,0.19633425579866706,0.020000000000223395,0.2563201123595972,36.3,36.6,3.8,23.3,0.28723090169575066,0.25064356001008115,29.13361825351043,0
28.440000000000005,77.27000000000022,0.19877912365241296,0.03000000000022851,0.26000000000008056,37.0,45.6,2.5,14.9,0.3791388644460476,0.20951549681239798,28.885426292804055,0
28.440000000000005,77.28000000000023,0.20169070380170312,0.040000000000233626,0.2640075756489716,54.6,22.7,0.6,22.1,0.10230845023580096,0.35063190051905524,31.08081802923146,0
28.440000000000005,77.29000000000023,0.20504911606742324,0.05000000000023874,0.2683281573000739,41.5,39.5,2.2,16.8,0.32488154403920233,0.23400296530581238,29.67158176457139,0
28.440000000000005,77.30000000000024,0.2088328039366351,0.06000000000024386,0.272946881279232,25.3,41.5,3.1,30.0,0.24204219069391503,0.18543838378637187,28.31264893192339,3
28.440000000000005,77.31000000000024,0.2130191071243205,0.07000000000024897,0.27784887978911366,44.6,49.9,0.7,4.8,0.33383515121390456,0.15793784861321936,29.813021882618298,0
28.440000000000005,77.32000000000025,0.21758478807133694,0.08000000000025409,0.28301943396182483,52.1,43.3,0.1,4.5,0.280599246550858,0.2640635167174102,30.772169007597228,-1
28.440000000000005,77.33000000000025,0.22250649428736835,0.0900000000002592,0.2884441020372549,44.1,34.6,5.2,16.1,0.18506851935517332,0.2983078858628331,30.161323539366485,0
28.440000000000005,77.34000000000026,0.22776114681846193,0.10000000000026432,0.2941088233971995,17.9,44.0,0.8,37.3,0.2989928162172938,0.20694330532524086,27.911405926113904,-1
28.450000000000006,76.84,0.41814487919858234,0.3999999999999915,0.40224370722237013,5.3,84.7,0.2,9.7,0.7071212360953706,-0.0916813774970685,27.236973872657785,0
28.450000000000006,76.85000000000001,0.4091590644235971,0.38999999999998636,0.39408120990475115,10.2,69.8,1.3,18.8,0.5607672988725824,-0.04618179440880078,28.557546483684224,0
28.450000000000006,76.86000000000001,0.40022136374760126,0.37999999999998124,0.3860051813123621,4.7,75.7,2.8,16.8,0.5506407833395864,-0.06954686292395496,27.28725617628152,0
28.450000000000006,76.87000000000002,0.3913350738178044,0.3699999999999761,0.3780211634286984,6.5,75.1,0.5,17.8,0.5411239642446777,-0.11314820269592785,27.929000623164026,0
28.450000000000006,76.88000000000002,0.3825037777591004,0.359999999999971,0.37013511046641345,11.5,66.3,0.6,21.6,0.4539326502130365,0.03936762911344304,28.420407935805578,0
28.450000000000006,76.89000000000003,0.37373137411780183,0.3499999999999659,0.36235341863984344,5.4,85.5,0.6,8.5,0.6739395911158901,-0.21428626134392648,27.002625673301868,-1
28.450000000000006,76.90000000000003,0.3650221089194155,0.3399999999999608,0.354682957019335,6.4,78.1,9.6,5.8,0.523857827122879,-0.020067240485778223,27.61432823106001,0
28.450000000000006,76.91000000000004,0.35638061114484765,0.32999999999995566,0.3471310991541631,4.9,64.1,0.4,30.6,0.4323699800573932,0.051466213284944794,26.258457239056373,-1
28.450000000000006,76.92000000000004,0.3478119319401978,0.31999999999995055,0.3397057550292247,5.4,83.3,1.8,9.5,0.6267589463662449,-0.24683126362387459,26.997897088423763,-1
28.450000000000006,76.93000000000005,0.33932158787788713,0.30999999999994543,0.3324154027718541,9.4,61.8,5.1,23.7,0.5089685478931177,0.08296404966090655,27.93380683339433,0
28.450000000000006,76.94000000000005,0.3309156085771247,0.2999999999999403,0.32526911934576974,4.8,68.0,0.3,26.9,0.5053914864414576,0.025764308486984213,27.174199318108485,-1
28.450000000000006,76.95000000000006,0.32260058896407345,0.2899999999999352,0.31827660925674606,29.1,59.9,6.5,4.6,0.4893929492232929,0.07329741083578915,29.505296561056728,-1
28.450000000000006,76.96000000000006,0.31438374639915084,0.2799999999999301,0.3114482300479013,4.9,63.9,5.8,25.4,0.4844787396595488,-0.0643907845493154,27.168020220110595,0
28.450000000000006,76.97000000000007,0.3062729828110281,0.26999999999992497,0.3047950130825136,15.3,69.5,4.6,10.6,0.5017850417090213,-0.043487954993109215,27.863068665742418,0
28.450000000000006,76.98000000000008,0.2982769518416789,0.25999999999991985,0.2983286778034741,21.8,54.4,0.5,23.3,0.3679429050281683,0.05547411018086011,28.645461197733955,-1
28.450000000000006,76.99000000000008,0.2904051308086039,0.24999999999991473,0.29206163733015106,35.7,50.2,2.0,12.1,0.2934970940710832,0.2219027980104814,29.80172755362397,0
28.450000000000006,77.00000000000009,0.2826678970098332,0.23999999999990962,0.2860069929214468,8.5,54.1,2.7,34.8,0.5070590962848589,0.03254799036337594,27.469159833501188,0
28.450000000000006,77.01000000000009,0.2750766075113644,0.2299999999999045,0.2801785145223819,36.6,44.3,8.5,10.5,0.354225627575622,0.2335661548037643,29.80767278516839,0
28.450000000000006,77.0200000000001,0.2676436810387291,0.2199999999998994,0.2745906043548628,26.0,49.7,0.4,23.9,0.37748627877287666,0.12329696610318547,28.805207439600704,1
28.450000000000006,77.0300000000001,0.26038267991546765,0.20999999999989427,0.26925824035666807,19.0,43.3,3.0,34.7,0.22453451581959913,0.14325378191573557,28.227336583566935,-1
28.450000000000006,77.0400000000001,0.25330838912274706,0.19999999999988916,0.2641968962724011,36.0,46.6,0.9,16.5,0.29681869556469354,0.09643022027585128,29.393142646222547,0
28.450000000000006,77.05000000000011,0.24643688847240663,0.18999999999988404,0.25942243542140053,34.9,48.0,0.4,16.7,0.28323331611548885,0.10734649271543731,29.200620756877644,0
28.450000000000006,77.06000000000012,0.23978561257915776,0.17999999999987892,0.2549509756795839,26.6,47.1,1.1,25.2,0.33027841165269567,0.2089548760620546,28.569982470511516,0
28.450000000000006,77.07000000000012,0.23337339179941377,0.1699999999998738,0.2507987240796353,30.8,38.9,2.9,27.4,0.20373463730346797,0.19011387392663284,29.19499195158592,0
28.450000000000006,77.08000000000013,0.22722046562746864,0.1599999999998687,0.2469817807045178,31.3,45.3,1.3,22.1,0.27418547097752755,0.18243297244429835,28.85443411066003,0
28.450000000000006,77.09000000000013,0.2213484583184731,0.14999999999986358,0.24351591323766952,36.2,45.2,1.5,17.1,0.2617422524330522,0.27291785796862783,29.252849581716532,0
28.450000000000006,77.10000000000014,0.2157803049399231,0.13999999999985846,0.24041630560338054,41.2,43.9,10.1,4.7,0.283112333761793,0.19771869106747575,29.703156246351433,0
28.450000000000006,77.11000000000014,0.2105401149424208,0.12999999999985334,0.2376972864800525,56.9,32.0,1.1,10.1,0.19157124902184028,0.3014877010572976,30.874099317163587,0
28.450000000000006,77.12000000000015,0.20565296010505066,0.11999999999984823,0.2353720459187591,27.1,34.0,2.0,37.0,0.195336902799351,0.27160429436998784,28.528183159677486,0
28.450000000000006,77.13000000000015,0.20114457487084145,0.10999999999984311,0.23345235059854275,59.3,22.8,0.9,17.1,0.18184532327058134,0.36451748449928584,31.403607596419043,-1
28.450000000000006,77.14000000000016,0.19704096020871836,0.099999999999838,0.23194827009483734,20.8,38.8,1.0,39.4,0.28975534522265683,0.18440035134639873,27.88604700932966,-1
28.450000000000006,77.15000000000016,0.19336788771659094,0.08999999999983288,0.23086792761228336,44.2,38.0,2.6,15.1,0.20284836007005477,0.29244081447694104,29.504198361573117,0
28.450000000000006,77.16000000000017,0.19015030896629834,0.07999999999982776,0.2302172886644129,46.5,27.2,5.4,20.9,0.16108028407217112,0.30350573218851795,30.159249512333197,0
28.450000000000006,77.17000000000017,0.1874116858682551,0.06999999999982265,0.22999999999999332,46.6,24.8,1.6,27.0,0.08816694489683513,0.3551794236680559,30.056586842958428,0
28.450000000000006,77.18000000000018,0.18517327020924088,0.05999999999981753,0.23021728866442773,37.7,34.0,3.0,25.3,0.18624380358596565,0.2373076863825873,29.153741149180615,0
28.450000000000006,77.19000000000018,0.1834533728225997,0.04999999999981242,0.23086792761231292,40.4,35.9,0.2,23.5,0.24705986016380202,0.2907569576785842,29.40402978391227,0
28.450000000000006,77.20000000000019,0.18226667276271646,0.0399999999998073,0.23194827009488148,35.9,37.6,0.4,26.0,0.27168249952919554,0.24076635347578002,29.092590441761494,0
28.450000000000006,77.21000000000019,0.18162362181168723,0.029999999999802185,0.23345235059860117,38.2,31.8,1.4,28.7,0.15682839928555029,0.24432980031305593,29.229408530618805,0
28.450000000000006,77.2200000000002,0.18152999752106708,0.01999999999979707,0.23537204591883154,40.1,21.7,34.3,3.8,0.04005652066072456,0.31551247911254326,30.207891957601422,0
28.450000000000006,77.2300000000002,0.18198664786187654,0.009999999999791953,0.23769728648013858,45.8,25.0,24.3,4.9,0.12938517488621656,0.19018337597288687,30.066598652073434,-1
28.450000000000006,77.24000000000021,0.1829894532480134,2.1316282072803006e-13,0.24041630560347985,33.6,33.4,28.4,4.6,0.22233112042909714,0.2934886829131792,29.007636111460585,0
28.450000000000006,77.25000000000021,0.18452950983517874,0.010000000000218279,0.24351591323778157,38.4,18.6,39.3,3.7,0.03548555846916376,0.2594682757508064,30.24389084680754,-1
28.450000000000006,77.26000000000022,0.18659351542863428,0.020000000000223395,0.24698178070464208,45.1,38.3,0.6,16.0,0.28552772587827985,0.19034411696505896,29.75474066952922,0
28.450000000000006,77.27000000000022,0.1891643201029751,0.03000000000022851,0.25079872407977133,51.1,19.3,1.5,28.2,0.10566465016327205,0.3348990719103456,30.56752196851039,0
28.450000000000006,77.28000000000023,0.19222159087892776,0.040000000000233626,0.2549509756797311,51.3,33.9,1.8,13.0,0.1724564482048197,0.1947524711357903,30.189905330052717,0
28.450000000000006,77.29000000000023,0.19574253497906668,0.05000000000023874,0.2594224354215583,34.1,44.0,5.4,16.5,0.3525081092929582,0.20568081399721228,28.742593403629876,0
28.450000000000006,77.30000000000024,0.1997026289262027,0.06000000000024386,0.264196896272569,37.5,44.8,2.3,15.4,0.3612363642158746,0.20655070023406288,28.963000388992423,0
28.450000000000006,77.31000000000024,0.20407630925720477,0.07000000000024897,0.2692582403568454,42.1,52.4,1.0,4.5,0.47498340528118127,0.13997304827218426,29.602737711652544,0
28.450000000000006,77.32000000000025,0.20883759240148347,0.08000000000025409,0.2745906043550491,43.3,39.9,5.2,11.6,0.34468798589918875,0.1964980068424713,29.820276041807645,0
28.450000000000006,77.33000000000025,0.21396060385046176,0.0900000000002592,0.28017851452257664,37.5,33.4,3.1,26.0,0.15546933887378914,0.21083017315328292,29.460640112108837,0
28.450000000000006,77.34000000000026,0.2194200082035832,0.10000000000026432,0.2860069929216495,36.9,40.5,0.4,22.2,0.31074912604329014,0.23893992051800256,29.369754600745303,0
28.460000000000008,76.84,0.4139023314744635,0.3999999999999915,0.3966106403010328,9.2,59.5,0.3,31.1,0.4794814648294657,-0.049586292797755185,28.738923356985122,-1
28.460000000000008,76.85000000000001,0.4048223561020227,0.38999999999998636,0.38832975677894166,5.1,79.8,2.3,12.9,0.6007758400288565,-0.10414995896132986,27.275305214672994,0
28.460000000000008,76.86000000000001,0.39578673550283283,0.37999999999998124,0.38013155617494976,6.1,68.6,1.6,23.7,0.5401462364033016,-0.10117138600163447,28.09863959967593,0
28.460000000000008,76.87000000000002,0.3867985780738937,0.3699999999999761,0.3720215047547469,5.0,79.9,3.1,12.0,0.5252188174888092,-0.04606277726941889,27.464994582873963,0
28.460000000000008,76.88000000000002,0.3778612708388925,0.359999999999971,0.36400549446400327,4.4,62.2,2.4,31.1,0.36453071660535163,-0.014611120710476563,27.7932503074773,0
28.460000000000008,76.89000000000003,0.3689785088592288,0.3499999999999659,0.35608987629527056,18.4,74.1,2.1,5.4,0.4811679029766326,0.012037467698206163,28.633479335084505,0
28.460000000000008,76.90000000000003,0.3601543280317165,0.3399999999999608,0.34828149534532965,16.8,66.5,8.9,7.8,0.5179628460713365,0.08037688196763426,28.600799083584924,0
28.460000000000008,76.91000000000004,0.3513931416518751,0.32999999999995566,0.34058772731849407,17.1,76.6,1.5,4.8,0.611225456596003,0.031621351881344704,28.40184572709123,0
28.460000000000008,76.92000000000004,0.3426997811495835,0.31999999999995055,0.3330165161068968,25.5,63.9,0.2,10.4,0.4614057943412791,0.0058949353017930875,29.153830312668077,0
28.460000000000008,76.93000000000005,0.33407954142684393,0.30999999999994543,0.32557641192195336,13.0,77.8,3.4,5.7,0.6862584564379632,-0.034527000199827254,27.85859282990729,0
28.460000000000008,76.94000000000005,0.32553823124169057,0.2999999999999403,0.31827660925674706,21.8,69.0,0.6,8.6,0.5703537701454643,0.07646970099851516,28.629067394738392,0
28.460000000000008,76.95000000000006,0.3170822290825626,0.2899999999999352,0.31112698372203407,12.9,64.6,2.9,19.6,0.4014843407605084,0.050523823208399106,27.95395753079418,0
28.460000000000008,76.96000000000006,0.30871854495634893,0.2799999999999301,0.3041381265148615,22.5,65.7,6.6,5.2,0.48270128970572895,0.07876651358942754,28.53717408533513,0
28.460000000000008,76.97000000000007,0.3004548884607537,0.26999999999992497,0.2973213749463181,18.4,62.1,2.4,17.1,0.4119157341909349,-0.04446617425942882,28.259019381907066,0
28.460000000000008,76.98000000000008,0.2922997434141242,0.25999999999991985,0.2906888370749185,22.0,40.7,1.8,35.5,0.28699979343607546,0.19655734822827464,28.908588891587268,-1
28.460000000000008,76.99000000000008,0.28426244915563853,0.24999999999991473,0.28425340807098187,28.9,51.3,1.2,18.5,0.3601710537617314,0.09055343518155823,29.152669421809367,1
28.460000000000008,77.00000000000009,0.2763532883827534,0.23999999999990962,0.27802877548909927,16.4,62.8,0.9,19.9,0.4210510813046779,0.06843430251310839,27.840980567474176,0
28.460000000000008,77.01000000000009,0.2685835810319775,0.2299999999999045,0.27202941017465004,44.5,43.1,0.8,11.5,0.3726236265263968,0.2501403994421486,30.533284546933643,-1
28.460000000000008,77.0200000000001,0.2609657831976456,0.2199999999998994,0.2662705391138273,19.4,46.5,2.2,31.9,0.3213698453979372,0.1551958616421832,28.16308221834106,0
28.460000000000008,77.0300000000001,0.25351358937926877,0.20999999999989427,0.2607680962080459,17.0,52.1,2.8,28.1,0.34809802302648796,0.08496754257845825,27.874996602697045,-1
28.460000000000008,77.0400000000001,0.2462420354041134,0.19999999999988916,0.25553864678355276,39.4,53.8,2.1,4.7,0.3715430025269847,0.21500456801213708,29.699146345840944,0
28.460000000000008,77.05000000000011,0.23916759813980026,0.18999999999988404,0.25059928172277385,38.6,51.9,0.4,9.1,0.4480334023104313,0.1818154003131717,29.52992225607238,-1
28.460000000000008,77.06000000000012,0.23230828655035435,0.17999999999987892,0.2459674775249184,41.5,44.3,1.4,12.8,0.34426373199170274,0.21907579731137783,29.68515081761699,0
28.460000000000008,77.07000000000012,0.2256837167364148,0.1699999999998738,0.24166091947183455,41.8,49.9,3.2,5.1,0.3409824445917441,0.12917945744808604,29.58426366372305,0
28.460000000000008,77.08000000000013,0.2193151613545294,0.1599999999998687,0.2376972864800395,34.7,37.7,1.2,26.4,0.18969551599501888,0.23540455024298862,29.294967522667452,0
28.460000000000008,77.09000000000013,0.21322556131937942,0.14999999999986358,0.23409399821434046,28.8,30.2,1.6,39.4,0.129990243092021,0.334335534211901,28.825463723347998,0
28.460000000000008,77.10000000000014,0.2074394851516119,0.13999999999985846,0.23086792761225522,38.6,31.4,2.9,27.1,0.15849286944976504,0.18929087573043582,29.581993188187774,0
28.460000000000008,77.11000000000014,0.20198301908815847,0.12999999999985334,0.22803508501978287,30.6,49.4,2.0,17.9,0.36995828796077773,0.18130530489997496,28.605510053334854,0
28.460000000000008,77.12000000000015,0.19688356965467982,0.11999999999984823,0.2256102834535294,49.5,31.6,1.0,17.9,0.2222265950493355,0.333311965979947,30.354650775799783,0
28.460000000000008,77.13000000000015,0.19216956054477294,0.10999999999984311,0.22360679774994402,39.8,34.6,4.5,21.2,0.17512294205124787,0.33267597022822487,29.44256221833984,0
28.460000000000008,77.14000000000016,0.18787000825031477,0.099999999999838,0.22203603311171605,34.3,35.6,0.4,29.8,0.2604380091685752,0.26118700376351434,28.918342310694655,0
28.460000000000008,77.15000000000016,0.18401396686114818,0.08999999999983288,0.2209072203437225,37.5,47.7,10.1,4.7,0.2838692056015952,0.17453394316175053,29.024397988264415,0
28.460000000000008,77.16000000000017,0.1806298424955808,0.07999999999982776,0.22022715545543667,48.5,46.2,0.3,5.1,0.285211317301724,0.23563057866570628,29.75155663622872,0
28.460000000000008,77.17000000000017,0.17774459204144902,0.06999999999982265,0.21999999999999176,35.3,48.0,0.0,16.6,0.2595238239647269,0.15249721157864735,28.831228632688923,0
28.460000000000008,77.18000000000018,0.1753828383850146,0.05999999999981753,0.22022715545545216,37.4,34.7,4.5,23.4,0.13833461269083053,0.2996628994548323,29.030980711307695,0
28.460000000000008,77.19000000000018,0.1735659528824342,0.04999999999981242,0.22090722034375337,48.1,34.4,0.6,17.0,0.16362863196017324,0.19485101691653955,29.890934514836868,0
28.460000000000008,77.20000000000019,0.17231117201154075,0.0399999999998073,0.22203603311176215,45.1,18.2,2.5,34.2,0.06251341220553237,0.3199064412591915,30.125574194645274,0
28.460000000000008,77.21000000000019,0.17163082473726685,0.029999999999802185,0.22360679775000503,43.1,48.1,3.5,5.3,0.2832009309694606,0.21110778689811333,29.091619321405346,0
28.460000000000008,77.2200000000002,0.171531746332853,0.01999999999979707,0.22561028345360498,39.8,23.4,22.3,14.6,0.18550421808528528,0.36094653892977074,29.50457175628175,0
28.460000000000008,77.2300000000002,0.17201494121151878,0.009999999999791953,0.2280350850198726,39.8,27.5,28.5,4.2,0.1008751506835521,0.28121082940066344,29.774115877769727,0
28.460000000000008,77.24000000000021,0.17307553264400632,2.1316282072803006e-13,0.23086792761235864,30.3,27.4,36.0,6.3,0.15579732012507097,0.21478312644667905,28.65104873834225,-1
28.460000000000008,77.25000000000021,0.1747030051258734,0.010000000000218279,0.23409399821445703,24.8,25.8,45.4,4.0,0.19821214836263337,0.23485636234052842,28.538359021902636,-1
28.460000000000008,77.26000000000022,0.17688171188683016,0.020000000000223395,0.23769728648016863,36.3,27.8,0.2,35.7,0.15482563021368775,0.2515519202735916,29.18786879846469,0
28.460000000000008,77.27000000000022,0.1795915922308738,0.03000000000022851,0.24166091947197568,44.2,31.1,1.1,23.7,0.1617042087915489,0.26105124153004045,29.611367333234988,0
28.460000000000008,77.28000000000023,0.1828090260354381,0.040000000000233626,0.24596747752507092,47.8,29.9,3.9,18.4,0.17645042932767777,0.27214106136506083,30.005544691889916,0
28.460000000000008,77.29000000000023,0.18650774782842336,0.05000000000023874,0.25059928172293716,55.6,25.5,0.9,18.0,0.10141326679696779,0.3175628468403837,30.909769017565683,0
28.460000000000008,77.30000000000024,0.19065974929186344,0.06000000000024386,0.25553864678372623,51.8,41.2,1.8,5.2,0.22075954029786535,0.16360304637238834,30.172920720691916,-1
28.460000000000008,77.31000000000024,0.19523611346275538,0.07000000000024897,0.260768096208229,37.9,27.6,1.4,33.1,0.1790353143017235,0.29070768707634875,29.519121644109198,0
28.460000000000008,77.32000000000025,0.20020774210816064,0.08000000000025409,0.26627053911401943,39.4,39.5,2.1,19.1,0.2263444261456779,0.25443667776543866,29.396582805139566,0
28.460000000000008,77.33000000000025,0.20554595593213174,0.0900000000002592,0.27202941017485066,29.5,53.1,7.4,10.0,0.4247376631765213,0.19791974787094246,28.335826226772006,0
28.460000000000008,77.34000000000026,0.21122296276697788,0.10000000000026432,0.2780287754893078,38.2,36.9,0.1,24.8,0.2719131399763457,0.27312004783777766,29.412834341094715,0
28.47000000000001,76.84,0.409859902893655,0.3999999999999915,0.39115214431215223,5.0,74.2,1.7,19.1,0.5761158254687563,-0.015531996399474945,27.535761589630837,0
28.47000000000001,76.85000000000001,0.4006883327475266,0.38999999999998636,0.3827531841800817,5.1,77.6,4.0,13.3,0.6469442944544078,-0.05789939734309279,27.776450189259954,0
28.47000000000001,76.86000000000001,0.3915573265819311,0.37999999999998124,0.3744329045369657,4.8,77.2,1.3,16.7,0.5675970390990586,-0.15972760930208202,27.200475437314747,0
28.47000000000001,76.87000000000002,0.38246978965662853,0.3699999999999761,0.3661966684719915,8.9,77.8,0.2,13.2,0.6393888452827506,-0.04829294391355582,27.984764166211495,0
28.47000000000001,76.88000000000002,0.37342889550754177,0.359999999999971,0.3580502757993394,21.3,67.5,1.7,9.6,0.5464286448638925,0.032018834081394706,29.069460365592196,0
28.47000000000001,76.89000000000003,0.3644381154599223,0.3499999999999659,0.3499999999999723,5.8,73.4,0.8,20.1,0.5455289255377542,0.0018936670256290491,27.66571083486248,0
28.47000000000001,76.90000000000003,0.35550125175585096,0.3399999999999608,0.3420526275297098,13.2,61.9,0.3,24.5,0.4356140305450418,0.05847393170686386,28.372946770140384,0
28.47000000000001,76.91000000000004,0.3466224747473458,0.32999999999995566,0.3342154993413327,17.8,73.2,3.8,5.1,0.5752514272913734,-0.01909363215586949,28.429162904946466,0
28.47000000000001,76.92000000000004,0.33780636465284675,0.31999999999995055,0.3264965543462512,9.6,81.5,1.7,7.1,0.7319122227580886,0.019207611345635686,27.471480673147994,-1
28.47000000000001,76.93000000000005,0.3290579584206557,0.30999999999994543,0.3189043743819971,17.3,65.4,5.7,11.6,0.47698822693382487,0.06732282282350317,28.337137149996117,0
28.47000000000001,76.94000000000005,0.32038280228496674,0.2999999999999403,0.31144823004790306,16.8,59.0,3.4,20.8,0.4084613813353314,0.07239323166423525,28.344387109481808,0
28.47000000000001,76.95000000000006,0.31178701063380815,0.2899999999999352,0.3041381265148623,19.1,55.6,2.4,22.8,0.45931974007883897,0.1020656893915168,28.523928958365325,0
28.47000000000001,76.96000000000006,0.30327733182677025,0.2799999999999301,0.2969848480982984,12.0,68.8,0.0,19.2,0.5226066277849675,-0.0049408896427876854,27.611586017163177,0
28.47000000000001,76.97000000000007,0.2948612215940977,0.26999999999992497,0.28999999999994586,20.3,64.5,1.1,14.2,0.5238010532492302,0.039225222765556414,28.345345996220384,0
28.47000000000001,76.98000000000008,0.28654692460391634,0.25999999999991985,0.28319604517006947,28.8,51.6,0.5,19.2,0.4381315563757562,0.019889049984894686,29.095090054713637,1
28.47000000000001,76.99000000000008,0.2783435646821418,0.24999999999991473,0.2765863337187281,37.9,52.5,4.7,4.9,0.2771488056965088,0.10544581246945664,29.82666271298843,-1
28.47000000000001,77.00000000000009,0.2702612439843363,0.23999999999990962,0.2701851217220657,35.3,32.9,0.4,31.4,0.19422102042755376,0.21435363857025655,29.894726322133515,-1
28.47000000000001,77.01000000000009,0.26231115111630404,0.2299999999999045,0.26400757564882016,51.8,42.2,0.7,5.3,0.26830981483421135,0.2669317169963403,30.800682137846685,-1
28.47000000000001,77.0200000000001,0.2545056777361956,0.2199999999998994,0.2580697580112163,19.9,47.8,1.3,31.0,0.2820834616277457,0.03811582557545018,28.271417127646888,-1
28.47000000000001,77.0300000000001,0.24685854248933775,0.20999999999989427,0.2523885892824162,37.8,36.5,0.6,25.1,0.13256829545696314,0.20484163164959257,29.85425122745125,0
28.47000000000001,77.0400000000001,0.2393849201598971,0.19999999999988916,0.24698178070450627,36.1,40.6,0.5,22.8,0.18582509229863298,0.17283409974417915,29.376761911960084,0
28.47000000000001,77.05000000000011,0.23210157259260583,0.18999999999988404,0.2418677324488938,52.8,31.2,1.7,14.2,0.1860184390934709,0.30823774089192424,31.068992375699747,0
28.47000000000001,77.06000000000012,0.2250269761605511,0.17999999999987892,0.23706539182253225,25.4,45.3,0.2,29.2,0.2809981985340584,0.17235615543552427,28.465941766413337,0
28.47000000000001,77.07000000000012,0.21818143825715783,0.1699999999998738,0.23259406699219995,29.7,45.4,0.1,24.8,0.2685083206540114,0.1298093773621,28.577229988000518,0
28.47000000000001,77.08000000000013,0.21158719242894392,0.1599999999998687,0.22847319317585918,33.6,25.8,1.0,39.5,0.136921368985738,0.24310322936586085,29.206394586368898,0
28.47000000000001,77.09000000000013,0.20526845836602398,0.14999999999986358,0.224722050542387,19.9,32.1,2.9,45.1,0.15429264748119637,0.16518520824703528,27.90714304693601,-1
28.47000000000001,77.10000000000014,0.19925144917908497,0.13999999999985846,0.22135943621173465,37.5,37.2,1.7,23.5,0.2993090319389302,0.20699359045132745,29.13221339825053,0
28.47000000000001,77.11000000000014,0.19356430456044074,0.12999999999985334,0.2184032966783677,35.1,44.3,1.1,19.5,0.2676557880406368,0.1812427184089183,28.801524578314062,0
28.47000000000001,77.12000000000015,0.1882369251766742,0.11999999999984823,0.2158703314491859,44.8,13.4,1.7,40.2,0.09586607599862822,0.4331562667612549,30.165287802329015,-1
28.47000000000001,77.13000000000015,0.1833006819408232,0.10999999999984311,0.21377558326428178,45.6,28.7,0.9,24.8,0.15679921339760486,0.2426753014898193,29.978968896979488,0
28.47000000000001,77.14000000000016,0.1787879749870584,0.099999999999838,0.21213203435593259,62.7,23.6,5.5,8.2,0.07980502030624784,0.4576420535825014,31.361176328698853,-1
28.47000000000001,77.15000000000016,0.1747316227818405,0.08999999999983288,0.2109502310972649,54.2,40.7,0.1,5.0,0.23007176212294075,0.1974091099112986,30.301302828183935,-1
28.47000000000001,77.16000000000017,0.1711640733330976,0.07999999999982776,0.21023796041626872,41.0,31.4,2.3,25.4,0.25828971275655216,0.3137321061053206,29.327639081259708,0
28.47000000000001,77.17000000000017,0.168116447737813,0.06999999999982265,0.2099999999999902,40.0,39.7,4.7,15.6,0.2920916689977825,0.1977102027645697,28.97088357341673,0
28.47000000000001,77.18000000000018,0.16561745077129952,0.05999999999981753,0.21023796041628492,50.3,29.6,3.2,17.0,0.12842909085432913,0.25735209122783603,30.177050494844163,0
28.47000000000001,77.19000000000018,0.16369221117691288,0.04999999999981242,0.21095023109729724,37.1,18.8,0.4,43.6,0.07515382841123046,0.3831439919234241,29.090974305580588,-1
28.47000000000001,77.20000000000019,0.1623611406710068,0.0399999999998073,0.21213203435598083,64.4,30.1,0.7,4.9,0.05296605956598292,0.3467876373232245,31.259820292018084,-1
28.47000000000001,77.21000000000019,0.16163891858087298,0.029999999999802185,0.2137755832643456,62.5,29.6,2.7,5.3,0.09981978406940026,0.34167434643019007,30.886810969451556,-1
28.47000000000001,77.2200000000002,0.16153371165177227,0.01999999999979707,0.2158703314492649,34.4,28.3,33.2,4.0,0.11718556654129811,0.24784620559720238,29.24550308303856,0
28.47000000000001,77.2300000000002,0.162046721657681,0.009999999999791953,0.2184032966784614,23.8,52.0,20.2,3.9,0.32925913681997426,0.0823268720369787,27.83152364454547,-1
28.47000000000001,77.24000000000021,0.1631721177162513,2.1316282072803006e-13,0.2213594362118425,49.3,7.7,38.9,4.0,0.029950736004000292,0.40055770678541586,31.016027096173616,-1
28.47000000000001,77.25000000000021,0.1648973620165302,0.010000000000218279,0.22472205054250843,33.2,32.4,30.7,3.6,0.09589066636295979,0.07625501876097074,29.304820986464602,-1
28.47000000000001,77.26000000000022,0.16720388751466056,0.020000000000223395,0.22847319317599354,62.7,26.7,0.2,10.4,0.06890967354578134,0.26191543841151593,30.979999065077642,-1
28.47000000000001,77.27000000000022,0.17006804520550037,0.03000000000022851,0.23259406699234658,27.9,36.1,2.4,33.6,0.2475197241645185,0.22281591095022668,28.331877079693726,3
28.47000000000001,77.28000000000023,0.17346221490579777,0.040000000000233626,0.2370653918226905,40.1,34.6,2.3,23.0,0.22291361566275347,0.30643886852360414,29.225403397614024,0
28.47000000000001,77.29000000000023,0.17735596973327522,0.05000000000023874,0.24186773244906304,42.8,28.7,3.4,25.1,0.1408114582209321,0.35307782721378644,29.72671275895,0
28.47000000000001,77.30000000000024,0.18171719786535312,0.06000000000024386,0.2469817807046858,41.1,27.5,0.1,31.3,0.250124446439845,0.23795007573298674,29.720581205973282,0
28.47000000000001,77.31000000000024,0.1865131094589374,0.07000000000024897,0.2523885892826054,38.0,39.0,0.0,22.9,0.28187035459339976,0.22864107751809662,29.14905817335129,0
28.47000000000001,77.32000000000025,0.19171108470833773,0.08000000000025409,0.2580697580114145,50.9,23.7,1.0,24.5,0.17444123528280514,0.22452624473075028,30.37851587526466,-1
28.47000000000001,77.33000000000025,0.19727934509231704,0.0900000000002592,0.2640075756490269,34.1,53.3,0.4,12.2,0.3771599940783442,0.11823052660426045,28.437280694399615,-1
28.47000000000001,77.34000000000026,0.20318745040001807,0.10000000000026432,0.2701851217222803,38.0,35.8,1.6,24.5,0.1950208928226595,0.2761846119421384,29.366901166580263,0
28.48000000000001,76.84,0.4060235707443548,0.3999999999999915,0.3858756276314874,4.9,69.5,4.9,20.6,0.49889353113011226,-0.033674867282755275,27.831238724946857,0
28.48000000000001,76.85000000000001,0.3967633299587958,0.38999999999998636,0.37735924528225234,6.0,76.4,1.0,16.6,0.6339832455686268,-0.08058738960499694,27.923310326120287,0
28.48000000000001,76.86000000000001,0.38753985601482177,0.37999999999998124,0.36891733491391815,9.5,79.5,3.7,7.3,0.6541374168852355,-0.06966444739363234,28.064898348135355,0
28.48000000000001,76.87000000000002,0.3783558378034961,0.3699999999999761,0.3605551275463785,4.9,69.5,0.0,25.6,0.5145695933757939,0.03134237765230107,27.208769863171973,0
28.48000000000001,76.88000000000002,0.369214219661137,0.359999999999971,0.35227829907614605,4.8,73.1,0.4,21.8,0.581479202731451,-0.06333508283642865,26.9290338237231,0
28.48000000000001,76.89000000000003,0.36011823058542786,0.3499999999999659,0.34409301068167625,21.0,62.7,0.1,16.3,0.5124309027008608,0.05313221065216528,29.028929320040163,0
28.48000000000001,76.90000000000003,0.35107141723583346,0.3399999999999608,0.3360059523281961,13.1,75.0,0.8,11.1,0.5468035260108857,0.04026972984706709,28.073247915080707,0
28.48000000000001,76.91000000000004,0.3420776812362568,0.32999999999995566,0.3280243893370978,5.0,76.0,4.8,14.2,0.5668302262637853,-0.0764160945677224,27.269847640812632,0
28.48000000000001,76.92000000000004,0.3331413213637297,0.31999999999995055,0.32015621187160204,26.2,69.1,0.2,4.5,0.5442320250827694,-0.04872615881998826,29.19366689685217,0
28.48000000000001,76.93000000000005,0.3242670812771005,0.30999999999994543,0.31240998703622225,16.7,64.0,1.9,17.4,0.38656698711836635,0.09852040092793372,28.29292822623734,0
28.48000000000001,76.94000000000005,0.31546020351221454,0.2999999999999403,0.30479501308251605,29.0,64.7,1.2,5.1,0.5055796087697599,0.11427974048755521,29.179739501122825,0
28.48000000000001,76.95000000000006,0.3067264905415998,0.2899999999999352,0.29732137494631955,19.8,62.4,5.7,12.1,0.40534754702263437,-0.06343327580067548,28.393850149795966,0
28.48000000000001,76.96000000000006,0.2980723737617504,0.2799999999999301,0.28999999999994647,37.6,57.6,0.2,4.6,0.4654826695470254,0.11829074057589148,30.020464871531903,-1
28.48000000000001,76.97000000000007,0.28950499132132995,0.26999999999992497,0.2828427124745628,41.4,47.8,0.5,10.3,0.4375892413620256,0.18409186576845726,30.177761330312514,-1
28.48000000000001,76.98000000000008,0.2810322757264052,0.25999999999991985,0.2758622844826157,21.8,63.1,0.1,15.0,0.4330415842591883,0.11833253934499569,28.281608834851372,0
28.48000000000001,76.99000000000008,0.27266305213571085,0.24999999999991473,0.2690724809414133,32.3,44.7,1.0,21.9,0.23481781325687479,0.17268091592451976,29.574876384568093,0
28.48000000000001,77.00000000000009,0.26440714816351074,0.23999999999990962,0.26248809496807096,32.1,47.0,0.6,20.3,0.3140045684599237,0.16959590855480208,29.359778883883482,0
28.48000000000001,77.01000000000009,0.2562755158027396,0.2299999999999045,0.25612496949724967,43.3,47.4,4.2,5.1,0.31333701084401144,0.20274930249947057,30.049406687857083,0
28.48000000000001,77.0200000000001,0.248280365715777,0.2199999999998994,0.24999999999993464,19.8,50.9,1.8,27.5,0.39113619122294935,0.0815954797882445,28.10762917880086,-1
28.48000000000001,77.0300000000001,0.24043531354599287,0.20999999999989427,0.24413111231460805,37.6,42.2,1.8,18.4,0.2915030655447157,0.2666615176755894,29.64111663909013,0
28.48000000000001,77.0400000000001,0.23275553699098128,0.19999999999988916,0.23853720883746504,44.3,43.6,1.5,10.6,0.27758348586756576,0.1752866007018143,30.000303152515706,0
28.48000000000001,77.05000000000011,0.22525794103640476,0.18999999999988404,0.23323807579374614,18.0,63.5,0.2,18.4,0.47603068008623883,0.012227593300991168,27.40472116587935,-1
28.48000000000001,77.06000000000012,0.2179613268448349,0.17999999999987892,0.22825424421020155,25.6,55.5,1.2,17.7,0.3433923792445738,0.09900317867655971,28.080461652758025,0
28.48000000000001,77.07000000000012,0.21088655718172677,0.1699999999998738,0.22360679774991543,17.2,52.8,15.1,14.9,0.41666075216941334,0.020697354973254048,27.45447482021086,-1
28.48000000000001,77.08000000000013,0.20405670780438137,0.1599999999998687,0.21931712199455164,38.1,37.6,3.8,20.5,0.3192980571477444,0.314570460673659,29.270387491868632,0
28.48000000000001,77.09000000000013,0.19749718985333398,0.14999999999986358,0.21540659228532147,45.2,26.7,4.2,23.8,0.08042014311103135,0.3020572200214981,30.194862036988894,0
28.48000000000001,77.10000000000014,0.19123582300386405,0.13999999999985846,0.2118962010041157,53.1,36.8,3.2,6.9,0.15223735112837514,0.3165303645961014,30.622269435138925,0
28.48000000000001,77.11000000000014,0.18530283322163962,0.12999999999985334,0.20880613017815994,43.8,41.8,0.2,14.2,0.25609557866260746,0.17452565708777001,29.5291382993008,0
28.48000000000001,77.12000000000015,0.17973074305740955,0.11999999999984823,0.20615528128083685,56.7,38.2,0.5,4.7,0.18272647614383375,0.31468671839999063,30.765398681876558,0
28.48000000000001,77.13000000000015,0.1745541176826561,0.10999999999984311,0.2039607805436708,31.9,32.6,0.0,35.4,0.12958911584494243,0.272529715136147,28.629040179983466,0
28.48000000000001,77.14000000000016,0.16980912814090046,0.099999999999838,0.2022374841615326,30.1,36.2,0.8,32.9,0.1556990752176062,0.2563434619136648,28.341399689413333,0
28.48000000000001,77.15000000000016,0.16553289703250876,0.08999999999983288,0.20099751242239056,44.4,17.1,0.2,38.3,0.044219880199630045,0.44294999202051233,29.976317059642604,-1
28.48000000000001,77.16000000000017,0.16176260383654112,0.07999999999982776,0.20024984394498827,47.7,23.8,1.2,27.3,0.09362887651719762,0.2961881533207924,30.161123633560567,0
28.48000000000001,77.17000000000017,0.15853434959017731,0.06999999999982265,0.19999999999998863,43.7,34.0,2.1,20.2,0.22466284620675853,0.25176760311292057,29.628743535043863,0
28.48000000000001,77.18000000000018,0.1558818142054536,0.05999999999981753,0.20024984394500528,27.7,30.7,4.1,37.5,0.14814929025436657,0.1873375498171467,28.19736985907097,-1
28.48000000000001,77.19000000000018,0.15383478150271082,0.04999999999981242,0.20099751242242447,46.3,32.3,2.7,18.7,0.12986784522296624,0.27258858857584045,29.712530889334516,0
28.48000000000001,77.20000000000019,0.15241764989655954,0.0399999999998073,0.2022374841615832,35.9,29.9,5.5,28.7,0.16825585100424406,0.2914058426872226,28.840856158838484,0
28.48000000000001,77.21000000000019,0.15164807944709954,0.029999999999802185,0.2039607805437377,52.7,26.6,0.1,20.7,0.08647219788278557,0.3556118003002331,30.397927183505928,0
28.48000000000001,77.2200000000002,0.15153593633193957,0.01999999999979707,0.20615528128091956,43.2,14.2,38.5,4.1,0.05340855596435953,0.4406376129136379,30.209390032139336,0
28.48000000000001,77.2300000000002,0.15208267488442487,0.009999999999791953,0.20880613017825794,35.1,27.5,33.0,4.4,0.06418885995806915,0.2923098570923143,29.047151015927234,0
28.48000000000001,77.24000000000021,0.15328124477575825,2.1316282072803006e-13,0.21189620100422835,46.9,6.2,28.1,18.9,-0.15244429044560281,0.4097280927734605,30.040157450422566,-1
28.48000000000001,77.25000000000021,0.15511653683605225,0.010000000000218279,0.21540659228544815,29.2,23.0,43.9,3.8,0.026511364983230562,0.21801252853878322,28.900484148146436,-1
28.48000000000001,77.26000000000022,0.15756630350431847,0.020000000000223395,0.2193171219946916,46.0,15.6,0.8,37.6,0.019484029002927,0.4033160182411881,30.050751360454324,0
28.48000000000001,77.27000000000022,0.16060242837522679,0.03000000000022851,0.22360679775006795,55.4,35.2,0.6,8.7,0.20244350718850646,0.2823751804714154,30.449662069341528,0
28.48000000000001,77.28000000000023,0.1641923871561191,0.040000000000233626,0.2282542442103659,35.7,38.0,1.4,25.0,0.2488470891734052,0.2615520885867183,28.83222788592314,0
28.48000000000001,77.29000000000023,0.16830074271978174,0.05000000000023874,0.23323807579392158,51.1,33.4,1.2,14.4,0.17236488230010272,0.2650614182941587,30.131114166849834,0
28.48000000000001,77.30000000000024,0.1728905434083531,0.06000000000024386,0.23853720883765092,41.5,47.6,1.5,9.4,0.2860746021114894,0.24653538755918428,29.04196209990469,0
28.48000000000001,77.31000000000024,0.17792453456463306,0.07000000000024897,0.2441311123148036,36.6,28.2,2.2,32.9,0.2254637285313439,0.2881158483979243,29.151654492959736,0
28.48000000000001,77.32000000000025,0.18336613645939964,0.08000000000025409,0.2500000000001393,42.2,48.7,1.0,8.2,0.39674427092835307,0.2327126062877651,29.25257572911363,0
28.48000000000001,77.33000000000025,0.1891801786658773,0.0900000000002592,0.2561249694974628,31.4,45.7,0.6,22.3,0.3606101215430763,0.18499063516043196,28.524469747881223,0
28.48000000000001,77.34000000000026,0.19533340728113954,0.10000000000026432,0.26248809496829184,37.2,38.7,0.4,23.8,0.26374481466346483,0.17183318142807366,29.07926625641732,0
28.490000000000013,76.84,0.4023992296215238,0.3999999999999915,0.3807886552931875,5.1,81.1,0.9,13.0,0.6493253161929716,-0.10846887179283284,26.946151962796485,0
28.490000000000013,76.85000000000001,0.3930536095750707,0.38999999999998636,0.3721558813185554,21.1,64.1,2.7,12.1,0.4366401057138945,-0.021220790170829507,29.347453475549106,-1
28.490000000000013,76.86000000000001,0.38374098035001236,0.37999999999998124,0.3635931792539399,5.6,78.2,3.2,12.9,0.6110179144112717,-0.06496770715033726,27.635722685076775,0
28.490000000000013,76.87000000000002,0.3744638033241467,0.3699999999999761,0.3551056180912728,4.8,67.0,2.1,26.1,0.4560066389989261,-0.09373169764495128,27.468228155094618,0
28.490000000000013,76.88000000000002,0.3652247801012167,0.359999999999971,0.3466987164671687,9.0,67.3,0.5,23.2,0.4530363349689915,0.005193810592507352,28.045080864458022,0
28.490000000000013,76.89000000000003,0.35602688100757107,0.3499999999999659,0.3383784863137428,7.6,61.8,1.8,28.8,0.3753255110379214,-0.16717685849842062,27.949926884245496,-1
28.490000000000013,76.90000000000003,0.3468733774736488,0.3399999999999608,0.3301514803843496,8.6,81.4,1.7,8.2,0.6529035790980026,-0.0407033492441615,27.5336061093243,0
28.490000000000013,76.91000000000004,0.33776787887538084,0.32999999999995566,0.3220248437620545,18.1,61.2,1.3,19.4,0.458983588111486,-0.00688346354835951,28.640174259112623,0
28.490000000000013,76.92000000000004,0.3287143744955058,0.31999999999995055,0.31400636936210985,22.8,68.4,1.7,7.1,0.500455756105991,-0.02129580709979608,28.708844764114566,0
28.490000000000013,76.93000000000005,0.31971728135959354,0.30999999999994543,0.3061045573002339,11.1,62.3,1.4,25.2,0.4390096706456091,0.09039362932478513,27.835840335285646,0
28.490000000000013,76.94000000000005,0.31078149880578093,0.2999999999999403,0.29832867780347694,11.8,47.4,1.6,39.1,0.23509467556412045,0.1143891770279836,28.13218178876857,-1
28.490000000000013,76.95000000000006,0.3019124707592681,0.2899999999999352,0.2906888370749203,16.6,61.3,2.5,19.7,0.4645199779621919,0.0856167608997942,28.14856506051509,0
28.490000000000013,76.96000000000006,0.2931162567991827,0.2799999999999301,0.28319604517007047,5.4,51.0,0.3,43.3,0.3432229968551821,0.01093325470701241,27.00513032672312,-1
28.490000000000013,76.97000000000007,0.28439961322048796,0.26999999999992497,0.27586228448261607,7.4,55.4,2.6,34.7,0.4433998605206817,0.09329479493451198,27.370495377991634,-1
28.490000000000013,76.98000000000008,0.2757700853971693,0.25999999999991985,0.26870057685082704,40.0,40.4,0.3,19.3,0.27091056779487926,0.21112681151304935,30.08952804281317,0
28.490000000000013,76.99000000000008,0.2672361128290134,0.24999999999991473,0.26172504656598466,38.7,56.7,0.1,4.5,0.44558919426020166,0.13848119920374208,29.863574765841552,-1
28.490000000000013,77.00000000000009,0.25880714827832807,0.23999999999990962,0.2549509756795739,23.7,53.7,6.9,15.8,0.3829379800702927,0.17711484458346488,28.526572889312718,1
28.490000000000013,77.01000000000009,0.2504937923381736,0.2299999999999045,0.2483948469674174,37.7,50.4,6.6,5.3,0.36268389360777975,0.1029552341876099,29.425369390618794,0
28.490000000000013,77.0200000000001,0.24230794456633023,0.2199999999998994,0.24207436873813581,36.2,58.5,0.1,5.2,0.47305631388439195,0.16175179923231311,29.085715986362676,-1
28.490000000000013,77.0300000000001,0.2342629718926141,0.20999999999989427,0.23600847442404985,62.6,28.6,1.1,7.7,0.14778053678307948,0.3640705088466024,31.85953131331853,-1
28.490000000000013,77.0400000000001,0.22637389425452717,0.19999999999988916,0.23021728866435737,47.9,46.5,0.4,5.2,0.34209274441007487,0.20054547990331692,30.0808783648082,0
28.490000000000013,77.05000000000011,0.21865758619348244,0.18999999999988404,0.22472205054237313,39.0,48.9,1.5,10.7,0.31792377925997994,0.1177932300398147,29.142132113350527,0
28.490000000000013,77.06000000000012,0.2111329912637074,0.17999999999987892,0.21954498400093306,26.7,42.8,3.3,27.2,0.278644654518775,0.15488407675547286,28.481320688790696,0
28.490000000000013,77.07000000000012,0.2038213433376434,0.1699999999998738,0.21470910553577185,23.7,54.9,6.1,15.3,0.473776199930474,0.05568237689574653,27.823867748962122,0
28.490000000000013,77.08000000000013,0.19674638497304717,0.1599999999998687,0.2102379604162214,38.5,38.4,1.8,21.4,0.27762533409785467,0.2828426895252437,29.502822727024522,0
28.490000000000013,77.09000000000013,0.18993456768046107,0.14999999999986358,0.2061552812808208,36.3,42.7,0.9,20.1,0.25722705456981765,0.19998791633777596,28.87091553644876,0
28.490000000000013,77.10000000000014,0.18341521201897354,0.13999999999985846,0.20248456731310718,30.2,26.5,1.9,41.5,0.15964595801136264,0.22425148544693513,28.67896405429207,0
28.490000000000013,77.11000000000014,0.17722059699698167,0.12999999999985334,0.19924858845165833,37.1,26.8,0.7,35.4,0.07720093631871024,0.20541987319442223,29.267804466969647,-1
28.490000000000013,77.12000000000015,0.17138593874635216,0.11999999999984823,0.19646882704383561,34.1,33.5,4.7,27.7,0.19044038926903845,0.2116476869987474,28.82631690728371,0
28.490000000000013,77.13000000000015,0.16594920909715224,0.10999999999984311,0.19416487838943242,64.1,26.7,4.1,5.0,0.09262878495887486,0.4206117561963269,31.24666172662719,-1
28.490000000000013,77.14000000000016,0.16095073780499594,0.099999999999838,0.19235384061667646,58.5,18.7,1.7,21.1,0.09089530988166684,0.3875716166362156,30.835910787565638,0
28.490000000000013,77.15000000000016,0.15643254137159232,0.08999999999983288,0.19104973174539835,47.4,47.0,0.8,4.9,0.31355342141659026,0.19819044051680496,29.4921045884326,0
28.490000000000013,77.16000000000017,0.15243733138564694,0.07999999999982776,0.19026297590438287,60.2,33.4,0.6,5.8,0.2147739237788254,0.3985344076891796,30.892062978535925,-1
28.490000000000013,77.17000000000017,0.14900718103494323,0.06999999999982265,0.18999999999998707,49.1,30.7,0.1,20.1,0.21500897592716134,0.2730726942856106,29.911775062914717,0
28.490000000000013,77.18000000000018,0.14618187302119012,0.05999999999981753,0.1902629759044008,43.5,30.8,3.5,22.1,0.1541892870461475,0.23608402307012377,29.27244880842678,0
28.490000000000013,77.19000000000018,0.1439970138578803,0.04999999999981242,0.19104973174543405,69.9,21.0,1.3,7.8,0.06777578417329187,0.42490448071084574,31.45265294772574,-1
28.490000000000013,77.20000000000019,0.1424820690472664,0.0399999999998073,0.19235384061672967,58.9,17.3,0.8,23.0,0.053848140970043284,0.41117826579941513,30.70454593093324,0
28.490000000000013,77.21000000000019,0.14165853309982288,0.029999999999802185,0.19416487838950267,44.1,31.5,1.4,23.0,0.14047518628022687,0.24546055962644608,29.188467831927685,0
28.490000000000013,77.2200000000002,0.14153847533443845,0.01999999999979707,0.1964688270439224,45.1,25.7,24.7,4.5,0.1307393505908855,0.2669167315476278,29.75792157004911,0
28.490000000000013,77.2300000000002,0.14212367853387933,0.009999999999791953,0.19924858845176102,40.8,17.6,36.8,4.8,0.06047813963167776,0.40675351508673563,29.44828178239853,0
28.490000000000013,77.24000000000021,0.14340550895975268,2.1316282072803006e-13,0.20248456731322506,34.4,30.2,30.7,4.6,0.18324701075822736,0.23055070455934018,28.750691043608743,0
28.490000000000013,77.25000000000021,0.14536553924507056,0.010000000000218279,0.20615528128095317,55.4,20.7,16.6,7.2,0.10727752209569562,0.29010631915634155,30.72517968285673,0
28.490000000000013,77.26000000000022,0.14797682250952274,0.020000000000223395,0.21023796041636741,63.8,5.6,5.4,25.2,-0.12975581279651022,0.47304348382490663,31.77079922932598,-1
28.490000000000013,77.27000000000022,0.15120562158868184,0.03000000000022851,0.2147091055359307,35.2,24.7,1.0,39.1,0.05804392507176885,0.32682957412846153,28.87680712218134,0
28.490000000000013,77.28000000000023,0.15501335426351082,0.040000000000233626,0.21954498400110395,52.8,22.8,0.5,24.0,0.046840787307616934,0.33486957321203903,30.423575527436196,0
28.490000000000013,77.29000000000023,0.1593585265997084,0.05000000000023874,0.22472205054255523,43.6,48.7,1.0,6.7,0.34293040006132475,0.21415636043686515,29.022769624529996,0
28.490000000000013,77.30000000000024,0.1641984774595533,0.06000000000024386,0.23021728866454994,43.1,37.1,0.8,19.0,0.219681207045967,0.19143320528317104,29.32152821720856,0
28.490000000000013,77.31000000000024,0.16949082571054133,0.07000000000024897,0.23600847442425218,38.9,22.0,0.4,38.7,-0.015386228406752259,0.3381129733943705,29.444893946971476,0
28.490000000000013,77.32000000000025,0.175194577541792,0.08000000000025409,0.24207436873834715,37.4,40.4,1.9,20.2,0.3609522404236014,0.16243922647518627,28.896095524251002,0
28.490000000000013,77.33000000000025,0.18127090224317044,0.0900000000002592,0.24839484696763708,41.3,20.1,1.2,37.4,-0.01854845338729212,0.3386586591564472,29.875351723063325,0
28.490000000000013,77.34000000000026,0.1876836167598529,0.10000000000026432,0.2549509756798013,32.4,44.1,3.8,19.7,0.29842118400212386,0.21508347443821835,28.68861585088539,0
28.500000000000014,76.84,0.39899265657402233,0.3999999999999915,0.37589892258424157,4.8,71.9,0.1,23.2,0.5752686520882443,-0.04016480157923317,27.85531932198083,0
28.500000000000014,76.85000000000001,0.3895653218652707,0.38999999999998636,0.36715119501370336,5.3,80.9,2.2,11.6,0.592110651282539,-0.15037239160614269,27.52997185436634,0
28.500000000000014,76.86000000000001,0.3801672526664921,0.37999999999998124,0.3584689665786808,5.1,81.3,2.9,10.7,0.6636979845330767,-0.15080391322879086,27.421616885657702,0
28.500000000000014,76.87000000000002,0.37080067421727414,0.3699999999999761,0.34985711369069594,4.8,61.8,2.8,30.6,0.40579112603075923,0.08505605282550163,27.46830907807011,0
28.500000000000014,76.88000000000002,0.3614680345479832,0.359999999999971,0.3413209633174938,5.3,64.7,4.6,25.4,0.4908550700966339,-0.04600706967465945,27.59070524380674,0
28.500000000000014,76.89000000000003,0.35217203182532686,0.3499999999999659,0.332866339541834,17.3,63.6,2.6,16.5,0.36337265887542547,0.07215619869718529,28.638786522003787,0
28.500000000000014,76.90000000000003,0.3429156456039536,0.3399999999999608,0.324499614791724,15.8,72.1,5.1,7.0,0.6075614545646749,-0.007181205733380659,28.2965495029031,0
28.500000000000014,76.91000000000004,0.33370217260301704,0.32999999999995566,0.31622776601679886,5.1,58.0,0.8,36.0,0.4220437793120311,-0.024902043051011357,27.518313286691633,0
28.500000000000014,76.92000000000004,0.32453526772905816,0.31999999999995055,0.3080584360149442,16.8,43.0,1.5,38.7,0.20726437977285905,0.10876212302693902,28.707757061805527,-1
28.500000000000014,76.93000000000005,0.3154189911846929,0.30999999999994543,0.2999999999999531,26.8,62.0,0.0,11.2,0.4894377157263924,0.15539165068818925,28.953784470776807,-1
28.500000000000014,76.94000000000005,0.30635786263774506,0.2999999999999403,0.2920616373301541,5.1,70.2,0.0,24.7,0.6134076121922648,0.13878238047049346,26.928388268530224,-1
28.500000000000014,76.95000000000006,0.29735692357832494,0.2899999999999352,0.28425340807098387,25.0,63.9,0.5,10.5,0.42877947677030914,0.03963438335570011,28.75777100528088,0
28.500000000000014,76.96000000000006,0.2884218091614507,0.2799999999999301,0.2765863337187293,16.4,57.4,0.2,26.0,0.4060894029051751,0.04288108797814012,28.026779029617988,0
28.500000000000014,76.97000000000007,0.2795588310176643,0.26999999999992497,0.2690724809414138,29.8,49.7,0.6,20.0,0.32155880518196367,0.05898520428988033,29.199390243387487,0
28.500000000000014,76.98000000000008,0.27077507270788775,0.25999999999991985,0.26172504656598483,18.4,65.1,0.4,16.1,0.4473891542634338,-0.052795769601387654,27.882461330819652,0
28.500000000000014,76.99000000000008,0.262078499690381,0.24999999999991473,0.25455844122709137,10.5,45.6,0.1,43.9,0.2666218949783369,0.06063740497745296,27.514649858758652,-1
28.500000000000014,77.00000000000009,0.25347808583773146,0.23999999999990962,0.24758836806273102,12.5,49.0,4.6,33.9,0.3086770895239845,0.07024982587311326,27.595319690149328,-1
28.500000000000014,77.01000000000009,0.24498395865843928,0.2299999999999045,0.24083189157577617,29.1,45.1,0.0,25.8,0.2762809769756313,0.1605279092260559,29.009133382421602,0
28.500000000000014,77.0200000000001,0.23660756539037298,0.2199999999998994,0.23430749027712844,33.6,46.2,2.5,17.7,0.2979768293098478,0.20430668883612194,29.227952159951652,0
28.500000000000014,77.0300000000001,0.22836186196464497,0.20999999999989427,0.22803508501975542,26.2,44.1,0.3,29.3,0.27544616745147876,0.1691438113043263,28.465932596538707,0
28.500000000000014,77.0400000000001,0.22026152637253676,0.19999999999988916,0.2220360331116725,38.5,36.9,4.4,20.1,0.27015855065368327,0.2663354235101154,29.7503871384796,0
28.500000000000014,77.05000000000011,0.212323197036876,0.18999999999988404,0.21633307652776676,23.0,28.2,4.9,43.9,0.18739381582462988,0.19730255702998792,28.30933087795643,-1
28.500000000000014,77.06000000000012,0.20456573515611215,0.17999999999987892,0.21095023109721792,39.3,34.7,2.2,23.8,0.1356249694594012,0.24086037874076394,29.466051009767252,0
28.500000000000014,77.07000000000012,0.1970105073339018,0.1699999999998738,0.20591260281966936,29.6,46.4,2.3,21.6,0.28792048203047177,0.1385950044920148,28.368582809209684,0
28.500000000000014,77.08000000000013,0.18968168071788677,0.1599999999998687,0.20124611797491243,33.7,28.4,0.0,37.9,0.21812786232551995,0.19576396489342127,29.131172855189828,0
28.500000000000014,77.09000000000013,0.18260651686060797,0.14999999999986358,0.1969771560358562,43.6,34.4,8.3,13.7,0.2243012479805457,0.16009940224770092,29.65779024474912,0
28.500000000000014,77.10000000000014,0.17581564207989253,0.13999999999985846,0.1931320791582173,37.8,40.8,4.4,17.0,0.28392353525292424,0.17594286246663332,28.901884226448935,0
28.500000000000014,77.11000000000014,0.16934326086374518,0.12999999999985334,0.1897366596100448,42.6,30.2,4.5,22.7,0.18374892090318806,0.15275127163491992,29.495813136975997,-1
28.500000000000014,77.12000000000015,0.16322726487927264,0.11999999999984823,0.18681541692264128,58.6,29.2,2.2,10.0,0.14971694569787708,0.27315615660762943,30.69123731369813,0
28.500000000000014,77.13000000000015,0.15750917433587866,0.10999999999984311,0.18439088914581103,44.6,24.1,0.9,30.5,0.11484761046801166,0.3405584730611122,29.581644974329336,0
28.500000000000014,77.14000000000016,0.15223383329592804,0.099999999999838,0.18248287590890677,55.1,22.7,4.3,18.0,0.08410505445677928,0.3608081073283242,30.630936965123478,0
28.500000000000014,77.15000000000016,0.14744877076454319,0.08999999999983288,0.1811077027627162,37.7,33.9,0.7,27.7,0.2478867625988095,0.24467020227004038,28.9022374817621,0
28.500000000000014,77.16000000000017,0.1432031424235425,0.07999999999982776,0.1802775637731758,54.4,24.7,1.6,19.3,0.10256108716231588,0.3987263145615861,30.416992998048553,0
28.500000000000014,77.17000000000017,0.13954619306874771,0.06999999999982265,0.1799999999999855,63.9,15.6,0.2,20.3,0.03475217673854446,0.3772762992057624,31.33987521941986,-1
28.500000000000014,77.18000000000018,0.1365252357624158,0.05999999999981753,0.18027756377319473,29.3,35.5,5.3,29.8,0.2562668726626254,0.24449769406549107,27.947268659027266,-1
28.500000000000014,77.19000000000018,0.1341832329316388,0.04999999999981242,0.18110770276275387,46.6,33.3,0.3,19.8,0.1833103998036415,0.23294433292189623,29.347643281355673,0
28.500000000000014,77.20000000000019,0.13255617677041628,0.0399999999998073,0.18248287590896287,56.2,5.4,0.5,37.9,-0.05493600244501063,0.45547266288279603,30.88062697268118,0
28.500000000000014,77.21000000000019,0.13167057378166724,0.029999999999802185,0.18439088914588503,51.4,33.4,1.6,13.7,0.18269010043561115,0.29487742771300857,29.786568216069416,0
28.500000000000014,77.2200000000002,0.13154140032703507,0.01999999999979707,0.18681541692273257,40.4,13.9,42.2,3.5,0.02063325382717934,0.36207598188580603,30.133663845776567,0
28.500000000000014,77.2300000000002,0.13217087424996982,0.009999999999791953,0.18973665961015262,37.7,23.0,35.4,4.0,0.09078389795449023,0.2787647729362278,29.383098315733,0
28.500000000000014,77.24000000000021,0.13354826842758227,2.1316282072803006e-13,0.19313207915834094,42.4,26.1,27.5,3.9,0.10810716367153014,0.31266609430364684,29.807385802827362,0
28.500000000000014,77.25000000000021,0.1356508016932079,0.010000000000218279,0.19697715603599472,41.5,11.3,43.1,4.0,-0.03369764653179513,0.38787529725454883,29.955252291394874,0
28.500000000000014,77.26000000000022,0.1384454405172473,0.020000000000223395,0.20124611797506498,67.1,16.7,3.0,13.2,0.04167746189858548,0.346267374313938,31.276981939920812,-1
28.500000000000014,77.27000000000022,0.1418912964209557,0.03000000000022851,0.20591260281983498,49.5,20.8,7.7,22.0,0.13811191055493188,0.386924803445003,30.210301330741515,0
28.500000000000014,77.28000000000023,0.1459422488521558,0.040000000000233626,0.21095023109739577,58.6,20.9,3.6,16.9,0.11928485337789871,0.3095041812381698,30.522892240128513,0
28.500000000000014,77.29000000000023,0.15054946031132035,0.05000000000023874,0.21633307652795594,45.5,42.5,1.2,10.8,0.20354091619144618,0.1801324498095364,29.323152426029672,0
28.500000000000014,77.30000000000024,0.15566354743495758,0.06000000000024386,0.2220360331118722,40.5,21.4,4.3,33.8,0.07114252531666979,0.32659845840277024,29.557287797054663,0
28.500000000000014,77.31000000000024,0.16123628623867817,0.07000000000024897,0.2280350850199648,42.2,25.9,1.0,30.9,0.10118307155700562,0.32699567536994695,29.545811815181096,0
28.500000000000014,77.32000000000025,0.16722182871876157,0.08000000000025409,0.2343074902773468,48.5,30.3,1.4,19.8,0.09458384191999862,0.30500155020346964,30.060316980280056,0
28.500000000000014,77.33000000000025,0.17357747549740696,0.0900000000002592,0.24083189157600277,43.4,25.4,1.4,29.8,0.14236392645504087,0.31947802035546613,29.597598668680778,0
28.500000000000014,77.34000000000026,0.18026408405464245,0.10000000000026432,0.24758836806296522,46.0,29.3,1.2,23.5,0.1588954390415633,0.23466561917769227,29.95297833753912,0
28.510000000000016,76.84,0.39580947436866093,0.3999999999999915,0.37121422386540287,20.6,71.8,2.8,4.8,0.6473471038153293,-0.023383734402775764,29.23379130841363,-1
28.510000000000016,76.85000000000001,0.3863044654155474,0.38999999999998636,0.3623534186398552,12.1,76.2,1.6,10.1,0.5690989832881198,-0.14721860581803553,28.288653260806754,-1
28.510000000000016,76.86000000000001,0.3768250787832311,0.37999999999998124,0.3535533905932556,4.8,71.2,0.7,23.3,0.5019912217551057,-0.08753926544388846,27.57107914300699,0
28.510000000000016,76.87000000000002,0.3673732978864754,0.3699999999999761,0.3448187929913106,19.3,68.1,0.6,11.9,0.469253085267137,-0.04968094878726984,28.831697870172885,0
28.510000000000016,76.88000000000002,0.35795130953801785,0.359999999999971,0.33615472627940496,5.2,62.3,0.1,32.5,0.43812046733764604,0.004766050976163232,27.720053222580134,0
28.510000000000016,76.89000000000003,0.3485615297188991,0.3499999999999659,0.32756678708315234,4.9,71.8,1.7,21.6,0.575716331222084,0.07350644813387011,26.70602864150198,-1
28.510000000000016,76.90000000000003,0.33920663318982464,0.3399999999999608,0.31906112267084036,5.0,80.6,0.5,13.9,0.6606434040898534,-0.049993959547227906,27.048047753632208,0
28.510000000000016,76.91000000000004,0.32988958758950504,0.32999999999995566,0.31064449134014116,5.0,67.6,0.3,27.2,0.6547078669259146,-0.13524301332946267,26.87669494857798,-1
28.510000000000016,76.92000000000004,0.3206136927830304,0.31999999999995055,0.3023243291565752,12.5,66.9,2.1,18.5,0.4417709235646262,-0.07288187023932055,27.875334167070257,0
28.510000000000016,76.93000000000005,0.3113826263617951,0.30999999999994543,0.2941088233970066,16.7,62.5,2.1,18.7,0.46681174376485984,-0.027341440904940756,28.27430009868569,0
28.510000000000016,76.94000000000005,0.3022004963595649,0.2999999999999403,0.28600699292144977,38.1,46.4,2.9,12.6,0.2833859231787146,0.09454170600050099,30.067309565228552,-1
28.510000000000016,76.95000000000006,0.2930719024402812,0.2899999999999352,0.2780287754891012,24.4,69.3,1.4,4.9,0.5412249885895698,0.012576114460838743,28.523554595972993,0
28.510000000000016,76.96000000000006,0.28400200703509865,0.2799999999999301,0.27018512172206677,20.5,56.6,4.4,18.5,0.4785578584566735,0.08993777901085903,28.387540644686474,0
28.510000000000016,76.97000000000007,0.27499661816095655,0.26999999999992497,0.2624880949680714,30.8,59.5,5.1,4.6,0.4786055689516867,0.030250932388240614,29.162793699682652,0
28.510000000000016,76.98000000000008,0.26606228594064557,0.25999999999991985,0.25495097567957387,5.3,55.4,3.5,35.9,0.3382197746216769,0.027747794335076625,26.959523254586966,-1
28.510000000000016,76.99000000000008,0.2572064151609772,0.24999999999991473,0.24758836806273088,30.4,62.7,2.0,4.9,0.4985328770501524,0.0887106592572401,28.78989818814519,0
28.510000000000016,77.00000000000009,0.24843739654077904,0.23999999999990962,0.24041630560335572,36.4,49.9,0.7,13.0,0.24343246033808652,0.19464879091723833,29.493523506034393,0
28.510000000000016,77.01000000000009,0.23976475971243108,0.2299999999999045,0.23345235059850258,16.4,52.6,7.8,23.2,0.25440403189094896,0.09400526762411024,27.71479778620099,-1
28.510000000000016,77.0200000000001,0.23119935121007487,0.2199999999998994,0.2267156809750186,45.0,42.8,0.6,11.6,0.2727474719400157,0.23752005555028927,30.079967930694373,0
28.510000000000016,77.0300000000001,0.22275354093697253,0.20999999999989427,0.22022715545537713,40.2,41.2,0.5,18.2,0.30133401121062314,0.21272946759130684,29.565339112838114,0
28.510000000000016,77.0400000000001,0.21444146054333718,0.19999999999988916,0.214009345590251,32.5,51.2,1.2,15.2,0.37820984265089896,0.09079009649099762,28.757446952140512,0
28.510000000000016,77.05000000000011,0.2062792767099012,0.18999999999988404,0.20808652046677206,43.8,37.5,0.1,18.6,0.3327894117181335,0.20412436531525668,29.894481842144053,0
28.510000000000016,77.06000000000012,0.1982855012348622,0.17999999999987892,0.20248456731309034,62.2,14.9,7.6,15.3,0.03956634914812247,0.3459601623880404,31.71743733799311,-1
28.510000000000016,77.07000000000012,0.190481337668448,0.1699999999998738,0.19723082923308582,41.2,25.0,1.7,32.2,0.1196570649605446,0.3735346158664134,29.84102403662016,0
28.510000000000016,77.08000000000013,0.18289106047033096,0.1599999999998687,0.19235384061664101,48.4,33.9,1.7,16.0,0.2628596420140626,0.2022379709629814,29.912201202241075,0
28.510000000000016,77.09000000000013,0.1755424165265006,0.14999999999986358,0.18788294228048966,41.8,38.0,2.2,18.0,0.2232933659254482,0.2830043885409137,29.27841045932079,0
28.510000000000016,77.10000000000014,0.16846702941514935,0.13999999999985846,0.18384776310843623,35.8,31.7,1.3,31.1,0.2047374151795238,0.17592525519868263,29.029168724358513,0
28.510000000000016,77.11000000000014,0.16170077303453553,0.12999999999985334,0.18027756377313778,57.0,37.9,0.1,5.1,0.2635488072210838,0.31987195635005944,30.381258817363037,0
28.510000000000016,77.12000000000015,0.15528406228576117,0.11999999999984823,0.1772004514666372,41.5,16.0,1.9,40.6,-0.004588402886994664,0.3931064065950047,29.511048996136477,-1
28.510000000000016,77.13000000000015,0.149261984443361,0.10999999999984311,0.1746424919656798,52.8,29.4,2.6,15.2,0.18397333963817106,0.36899927829237283,30.045874027700606,0
28.510000000000016,77.14000000000016,0.14368416753411745,0.099999999999838,0.1726267650162779,50.4,14.2,1.2,34.2,0.13705134643222147,0.3281266777529184,30.003262185708355,0
28.510000000000016,77.15000000000016,0.13860425678879681,0.08999999999983288,0.17117242768620222,57.6,30.0,2.9,9.5,0.2268324853187773,0.3310139382167142,30.381580821964107,0
28.510000000000016,77.16000000000017,0.13407885739361491,0.07999999999982776,0.17029386365923826,54.5,21.6,0.5,23.4,0.05243552316457606,0.32546783314786676,30.383921961734387,0
28.510000000000016,77.17000000000017,0.1301658173253644,0.06999999999982265,0.16999999999998394,63.8,23.4,0.5,12.3,0.22753254702772802,0.3300693906237275,30.978860881219862,-1
28.510000000000016,77.18000000000018,0.12692178693976516,0.05999999999981753,0.1702938636592583,47.6,16.6,0.3,35.4,0.08386348345626535,0.3619927548849871,29.855082709663538,0
28.510000000000016,77.19000000000018,0.12439911575242951,0.04999999999981242,0.17117242768624208,49.5,31.3,0.9,18.3,0.20291247764875053,0.3326946406769498,29.738153441444222,0
28.510000000000016,77.20000000000019,0.12264232548345523,0.0399999999998073,0.17262676501633717,46.6,33.7,3.8,15.9,0.19843892206309585,0.24154251108667757,29.248709051199757,0
28.510000000000016,77.21000000000019,0.12168459228675337,0.029999999999802185,0.17464249196575793,45.2,24.3,3.1,27.3,0.15283528238734492,0.33055855111325005,29.661944279052857,0
28.510000000000016,77.2200000000002,0.12154480655296311,0.01999999999979707,0.17720045146673344,49.1,16.0,30.8,4.1,0.04958923156649283,0.3219125024721946,30.355741155613334,0
28.510000000000016,77.2300000000002,0.12222577469585233,0.009999999999791953,0.1802775637732513,47.4,18.0,30.9,3.8,0.0629822227980423,0.3000378295412808,30.454585217413587,0
28.510000000000016,77.24000000000021,0.1237139442423751,2.1316282072803006e-13,0.18384776310856607,40.1,16.6,38.9,4.4,0.04274455682413182,0.32107985400259426,29.424008247002096,0
28.510000000000016,77.25000000000021,0.12598071280958023,0.010000000000218279,0.18788294228063487,47.6,20.0,28.6,3.8,0.12868834679695468,0.3295763107951545,30.476893869143744,0
28.510000000000016,77.26000000000022,0.1289850378920539,0.020000000000223395,0.1923538406168006,64.3,30.6,0.3,4.7,0.21854698556211116,0.3732890780298093,31.008909838493388,-1
28.510000000000016,77.27000000000022,0.1326768254067734,0.03000000000022851,0.19723082923325874,57.1,30.9,7.1,5.0,0.17063028931987878,0.25422376228923277,30.315808360702764,0
28.510000000000016,77.28000000000023,0.13700051094804166,0.040000000000233626,0.2024845673132756,72.1,13.4,1.9,12.5,-0.05534922917777073,0.5572317457917536,31.847488815369942,-1
28.510000000000016,77.29000000000023,0.14189834389459854,0.05000000000023874,0.20808652046696874,44.4,31.4,8.1,16.2,0.18440330301911617,0.186586689710807,29.331196309539123,0
28.510000000000016,77.30000000000024,0.14731306798799357,0.06000000000024386,0.2140093455904582,38.4,20.5,0.8,40.3,0.04860618202104353,0.3241033433826595,29.133763557435202,0
28.510000000000016,77.31000000000024,0.1531898821725537,0.07000000000024897,0.22022715545559393,32.3,39.0,2.5,26.3,0.22732103400909967,0.18764621285471253,28.31373078463877,3
28.510000000000016,77.32000000000025,0.1594777100413934,0.08000000000025409,0.22671568097524425,64.4,29.2,0.5,5.9,0.15655737907866654,0.3147829407928003,31.110113064835502,-1
28.510000000000016,77.33000000000025,0.1661298889425164,0.0900000000002592,0.23345235059873634,50.6,13.3,0.6,35.6,-0.03331579950155208,0.3765434122180328,30.593273737267943,-1
28.510000000000016,77.34000000000026,0.17310441935450152,0.10000000000026432,0.2404163056035969,45.5,23.6,1.5,29.5,0.031885092224442,0.35210837911261744,29.87929857363568,0
28.520000000000017,76.84,0.3928551132415049,0.3999999999999915,0.3667424164178357,4.9,73.7,0.8,20.6,0.5778986600033392,-0.012424289263439518,27.82707522225082,0
28.520000000000017,76.85000000000001,0.38327684511328347,0.38999999999998636,0.35777087639995236,5.2,77.0,0.4,17.4,0.5943414765462408,-0.08027818431279356,27.067346385441724,0
28.520000000000017,76.86000000000001,0.373720671090038,0.37999999999998124,0.34885527085022944,30.4,58.8,0.6,10.2,0.42862954605724174,0.1137894015854805,29.972966898899323,-1
28.520000000000017,76.87000000000002,0.36418833040061155,0.3699999999999761,0.33999999999997665,9.0,80.1,0.1,10.8,0.6464383294296957,-0.14001461781573682,27.746701500078522,0
28.520000000000017,76.88000000000002,0.35468174466693636,0.359999999999971,0.331209903233556,9.3,66.0,2.2,22.4,0.4610231063868446,-0.011313473652305377,28.027788306393358,0
28.520000000000017,76.89000000000003,0.3452030417015165,0.3499999999999659,0.3224903099319096,17.0,60.6,1.3,21.1,0.4620236715541054,0.06771869226962235,28.67497422104026,0
28.520000000000017,76.90000000000003,0.3357545829917683,0.3399999999999608,0.31384709652946746,17.1,57.3,0.2,25.3,0.4825711020786361,-0.049350518621243455,28.621595524959268,0
28.520000000000017,76.91000000000004,0.3263389955245522,0.32999999999995566,0.30528675044943376,15.3,65.2,0.3,19.1,0.4740647029564119,0.023945761276356003,28.281032921230477,0
28.520000000000017,76.92000000000004,0.31695920873193034,0.31999999999995055,0.2968164415930712,8.4,75.3,0.2,16.1,0.6726691880483973,-0.059710264531605745,27.364853681368253,0
28.520000000000017,76.93000000000005,0.30761849749319253,0.30999999999994543,0.2884441020370696,23.4,55.8,1.9,18.9,0.40469972135601534,0.15469069669048735,28.835825087658908,0
28.520000000000017,76.94000000000005,0.2983205323137638,0.2999999999999403,0.2801785145223845,38.4,47.2,0.2,14.1,0.2821810379070604,0.18755582996124875,30.16310315732843,0
28.520000000000017,76.95000000000006,0.2890694380247862,0.2899999999999352,0.2720294101746516,33.4,53.0,2.6,11.0,0.419484201246419,0.1591914185759744,29.6288009321684,-1
28.520000000000017,76.96000000000006,0.27986986261468777,0.2799999999999301,0.2640075756488208,41.8,49.3,0.0,8.9,0.3380719735426911,0.16532444084480571,30.078684222410608,0
28.520000000000017,76.97000000000007,0.270727058123053,0.26999999999992497,0.25612496949724967,22.0,56.6,0.6,20.8,0.4620275247299171,0.11460242385605277,28.286483070875317,0
28.520000000000017,76.98000000000008,0.2616469759044844,0.25999999999991985,0.24839484696741695,17.4,58.6,4.3,19.6,0.4480673144344101,0.08731444589502055,27.86928849896162,0
28.520000000000017,76.99000000000008,0.25263637901133906,0.24999999999991473,0.24083189157577556,29.1,35.2,2.6,33.1,0.20040855154429973,0.14596959866734327,29.120197449041086,-1
28.520000000000017,77.00000000000009,0.2437029749509847,0.23999999999990962,0.2334523505985021,33.7,60.9,0.2,5.3,0.52415074706712,0.11214881725071114,28.834953365235258,0
28.520000000000017,77.01000000000009,0.23485557263978174,0.2299999999999045,0.22627416997962005,46.3,44.8,3.6,5.3,0.2782314397840422,0.2740120194929224,30.054186668326384,0
28.520000000000017,77.0200000000001,0.22610426798262684,0.2199999999998994,0.2193171219945361,18.1,46.0,1.4,34.5,0.20571905030760995,0.1734895875976603,27.790858594233498,-1
28.520000000000017,77.0300000000001,0.2174606631093529,0.20999999999989427,0.2126029162546146,51.7,36.3,3.7,8.3,0.27072898354271757,0.27496862393466037,30.60386606882122,0
28.520000000000017,77.0400000000001,0.20893812481201132,0.19999999999988916,0.20615528128080376,36.5,39.9,1.8,21.8,0.2765965997372221,0.22608446850401498,29.232086959801418,0
28.520000000000017,77.05000000000011,0.20055208799700883,0.18999999999988404,0.1999999999999204,34.4,24.7,2.2,38.7,0.18648595938666096,0.3254454101778384,29.3386503741172,-1
28.520000000000017,77.06000000000012,0.19232040973323794,0.17999999999987892,0.19416487838939672,31.7,51.9,10.2,6.2,0.3230163070820908,0.07865725163464998,28.421038721460828,0
28.520000000000017,77.07000000000012,0.18426377831782698,0.1699999999998738,0.18867962264105387,26.2,39.4,0.5,33.8,0.24224241712941033,0.20531915194908465,28.184662573158025,0
28.520000000000017,77.08000000000013,0.17640617902999384,0.1599999999998687,0.18357559750678182,56.3,36.3,2.1,5.3,0.2086979113083775,0.1888544455670157,30.388676201071867,0
28.520000000000017,77.09000000000013,0.16877541290117887,0.14999999999986358,0.17888543819990946,47.1,38.9,1.2,12.8,0.2967881037624959,0.2899178082235008,29.685749892685113,0
28.520000000000017,77.10000000000014,0.16140365547274568,0.13999999999985846,0.17464249196565965,34.6,25.5,0.1,39.8,0.1620425090006136,0.25706219983946443,28.897110459220382,0
28.520000000000017,77.11000000000014,0.15432802726648961,0.12999999999985334,0.170880074906285,38.9,38.7,0.0,22.4,0.2590400187858569,0.21887712897134978,28.759551523059102,0
28.520000000000017,77.12000000000015,0.14759112439428104,0.11999999999984823,0.16763054614234205,49.4,27.1,0.3,23.2,0.1549622351994384,0.28493158715885597,29.786198559445843,0
28.520000000000017,77.13000000000015,0.14124142451834068,0.10999999999984311,0.16492422502465293,66.5,26.6,2.0,4.9,0.08185144189131316,0.36444760741490634,31.31160167173561,0
28.520000000000017,77.14000000000016,0.13533344006553708,0.099999999999838,0.16278820596095114,51.8,8.4,1.7,38.1,0.014034106844335988,0.4261691682692666,30.270295233409108,0
28.520000000000017,77.15000000000016,0.12992744128926234,0.08999999999983288,0.1612451549659336,39.2,27.1,1.6,32.1,0.18335605117451004,0.31981569843932783,28.896519432531857,0
28.520000000000017,77.16000000000017,0.12508852865062134,0.07999999999982776,0.16031219541878608,51.1,17.7,0.1,31.1,0.17385535873093694,0.4297750383503294,30.07021937704794,-1
28.520000000000017,77.17000000000017,0.12088482121416284,0.06999999999982265,0.15999999999998238,48.2,23.3,1.2,27.4,0.1332392487197622,0.3305274272340518,29.857729124217077,0
28.520000000000017,77.18000000000018,0.11738458161097277,0.05999999999981753,0.16031219541880734,29.9,32.9,5.2,32.0,0.22772293430740878,0.14212048808291622,27.904647587620122,-1
28.520000000000017,77.19000000000018,0.11465225684645872,0.04999999999981242,0.16124515496597594,51.9,13.4,0.9,33.7,0.04448005638311468,0.4539823184058096,30.275943475832,0
28.520000000000017,77.20000000000019,0.11274369161948601,0.0399999999998073,0.16278820596101398,61.1,16.3,2.2,20.4,0.01186476163506097,0.32820103614852847,30.40562364398657,0
28.520000000000017,77.21000000000019,0.11170111906329937,0.029999999999802185,0.16492422502473564,64.1,16.4,3.0,16.5,0.11007007149054249,0.38918716391392993,30.95719409149762,0
28.520000000000017,77.2200000000002,0.11154882339136173,0.01999999999979707,0.16763054614244377,53.5,4.7,38.3,3.5,-0.060487308906193187,0.41248217017376576,31.44956895656358,-1
28.520000000000017,77.2300000000002,0.11229042701851856,0.009999999999791953,0.17088007490640478,47.1,15.7,33.8,3.4,0.03165205737166489,0.36337789613857097,30.67637342386479,0
28.520000000000017,77.24000000000021,0.11390847202910537,2.1316282072803006e-13,0.17464249196579637,47.2,15.4,33.1,4.3,0.031859323715280066,0.3014257697469446,29.987646563813495,0
28.520000000000017,77.25000000000021,0.11636640408644551,0.010000000000218279,0.17888543820006197,46.2,2.0,41.3,10.5,-0.08529718041664783,0.3629975561463142,29.806827954720074,-1
28.520000000000017,77.26000000000022,0.11961245754525139,0.020000000000223395,0.18357559750694902,80.5,10.2,4.3,4.9,-0.0325204544333526,0.48942395027086716,32.51177081071584,-1
28.520000000000017,77.27000000000022,0.12358454595951476,0.03000000000022851,0.1886796226412346,60.7,14.6,0.6,24.1,0.04216193065938505,0.3692104722839555,30.572700126098155,0
28.520000000000017,77.28000000000023,0.12821520970627653,0.040000000000233626,0.19416487838958996,52.6,9.5,0.6,37.3,-0.019330424242843584,0.4776046776221637,30.40905555504738,0
28.520000000000017,77.29000000000023,0.1334359022153698,0.05000000000023874,0.20000000000012505,57.8,15.5,0.1,26.6,0.03041453039865987,0.36835599783975015,30.426028365535913,0
28.520000000000017,77.30000000000024,0.13918024285089892,0.06000000000024386,0.20615528128101884,52.2,24.6,3.1,20.2,0.14589124774232493,0.28218391089799155,30.187133289474836,0
28.520000000000017,77.31000000000024,0.1453861754089462,0.07000000000024897,0.21260291625483918,49.2,37.4,1.1,12.4,0.2403894343926934,0.34419179293721947,29.669910703128938,-1
28.520000000000017,77.32000000000025,0.15199717102645938,0.08000000000025409,0.21931712199476935,44.2,32.4,0.5,22.8,0.16389320268948387,0.2940968116539697,29.405259905650794,0
28.520000000000017,77.33000000000025,0.15896270002756252,0.0900000000002592,0.22627416997986122,42.9,26.3,0.5,30.3,0.0985229706462068,0.43304765171694204,29.501661438470713,-1
28.520000000000017,77.34000000000026,0.1662382025891134,0.10000000000026432,0.23345235059875047,45.3,33.8,4.5,16.4,0.2091200833407434,0.17078429062635836,29.680714273982915,0
28.53000000000002,76.84,0.3901347715854044,0.3999999999999915,0.36249137920782765,5.3,77.9,3.8,12.9,0.563768408048154,-0.06321170605040485,27.343378523524027,0
28.53000000000002,76.85000000000001,0.3804880287209992,0.38999999999998636,0.3534119409414315,5.0,69.9,1.6,23.5,0.4881694123974825,-0.010219370992524054,27.409668017752328,0
28.53000000000002,76.86000000000001,0.3708600005392714,0.37999999999998124,0.34438350715443217,7.3,68.2,2.0,22.4,0.47357616309642003,-0.017708855718611832,27.92230602293686,0
28.53000000000002,76.87000000000002,0.3612521833843846,0.3699999999999761,0.33541019662494465,5.2,58.1,1.3,35.4,0.4356492366238869,0.006999973050474815,27.88060230038048,0
28.53000000000002,76.88000000000002,0.35166623380697487,0.359999999999971,0.3264965543462617,23.9,60.3,1.0,14.8,0.5023771235502469,0.13248091561091072,29.277087403382254,0
28.53000000000002,76.89000000000003,0.3421039900380862,0.3499999999999659,0.3176476034853387,5.0,70.5,4.9,19.6,0.5518880324113445,-0.014180112537619374,26.4286060048944,-1
28.53000000000002,76.90000000000003,0.33256749690848664,0.3399999999999608,0.30886890422957236,23.7,60.0,0.3,16.1,0.48434108562136924,-0.013362046149135026,29.07084433505214,0
28.53000000000002,76.91000000000004,0.32305903485272436,0.32999999999995566,0.3001666203960306,28.9,58.8,1.1,11.2,0.4257149040441089,0.04923158748843689,29.32813350533973,-1
28.53000000000002,76.92000000000004,0.3135811537703939,0.31999999999995055,0.2915475947422186,5.0,58.2,0.8,36.0,0.4309112600348192,-0.03420024550016772,26.963395792886832,0
28.53000000000002,76.93000000000005,0.3041367126802835,0.30999999999994543,0.28301943396164747,15.9,66.6,1.4,16.1,0.5820497834424325,0.008642097540464506,27.987747112050737,0
28.53000000000002,76.94000000000005,0.2947289263034211,0.2999999999999403,0.2745906043548648,17.6,49.2,1.2,31.9,0.3842352493803505,0.15424326227234203,28.37237047609301,-1
28.53000000000002,76.95000000000006,0.2853614199571584,0.2899999999999352,0.26627053911382825,9.2,69.1,1.5,20.1,0.5687513365704422,-0.036862295388562956,27.204335061732,-1
28.53000000000002,76.96000000000006,0.2760382944447459,0.2799999999999301,0.2580697580112163,17.4,49.3,0.3,33.0,0.33048976848334155,0.09304392118570935,28.16118256529547,0
28.53000000000002,76.97000000000007,0.2667642029957598,0.26999999999992497,0.24999999999993391,16.5,52.2,1.5,29.8,0.3695366111673758,0.039548893521210125,27.909802986357995,0
28.53000000000002,76.98000000000008,0.25754444276660654,0.25999999999991985,0.24207436873813462,50.3,36.2,0.6,13.0,0.2460832228599946,0.30796711783967556,30.675226130802724,-1
28.53000000000002,76.99000000000008,0.24838506396311555,0.24999999999991473,0.23430749027712708,41.1,42.8,0.4,15.6,0.25487991188765313,0.2709323752190922,29.85893010566464,0
28.53000000000002,77.00000000000009,0.23929300031542985,0.23999999999990962,0.22671568097501732,43.5,48.7,0.1,7.7,0.2201410469479385,0.18537786690532063,29.980868456587988,0
28.53000000000002,77.01000000000009,0.23027622543362972,0.2299999999999045,0.21931712199453526,40.7,45.8,2.8,10.7,0.3320233485814422,0.2721009381161933,29.679926941112527,0
28.53000000000002,77.0200000000001,0.22134394050879186,0.2199999999998994,0.21213203435588437,26.1,57.3,1.2,15.4,0.4637683244024963,0.06459593444912096,28.086565023482297,0
28.53000000000002,77.0300000000001,0.21250679989110824,0.20999999999989427,0.2051828452867504,32.9,47.3,2.0,17.7,0.32846008768975915,0.09235087028278044,28.79283077595102,0
28.53000000000002,77.0400000000001,0.2037771822357932,0.19999999999988916,0.19849433241270945,42.7,27.5,2.5,27.3,0.11770462795934769,0.3308184264968968,29.989778189704868,0
28.53000000000002,77.05000000000011,0.1951695160622171,0.18999999999988404,0.1920937271229023,29.4,38.9,2.3,29.4,0.2335651927278613,0.18890643468687346,28.50702700464494,0
28.53000000000002,77.06000000000012,0.18670066952199332,0.17999999999987892,0.1860107523772997,53.6,28.9,1.4,16.2,0.05868634797106044,0.2872380401486928,30.400590124177107,0
28.53000000000002,77.07000000000012,0.1783904145405838,0.1699999999998738,0.1802775637731173,37.7,40.3,0.9,21.2,0.24603870063187983,0.21543356028073593,29.218928210011843,0
28.53000000000002,77.08000000000013,0.17026197461547982,0.1599999999998687,0.17492855684527853,42.6,23.5,1.0,33.0,0.055745759646235,0.23108082866666624,29.634680505316112,-1
28.53000000000002,77.09000000000013,0.16234266229172004,0.14999999999986358,0.16999999999992207,56.5,36.3,2.1,5.2,0.19171791889662632,0.2005966264043107,30.338570893192657,0
28.53000000000002,77.10000000000014,0.15466460487120132,0.13999999999985846,0.16552945357239413,53.1,34.0,1.4,11.6,0.14771583631747856,0.2939281776811139,30.14922256483393,0
28.53000000000002,77.11000000000014,0.14726554247333762,0.12999999999985334,0.16155494421396538,47.1,42.8,3.8,6.2,0.22115112827807368,0.2490181244919783,29.39060782618137,0
28.53000000000002,77.12000000000015,0.14018965725034138,0.11999999999984823,0.1581138830083549,68.9,20.2,4.5,6.4,0.03159437876207764,0.4753929236484675,31.256755810773036,0
28.53000000000002,77.13000000000015,0.1334883515516248,0.10999999999984311,0.15524174696254303,42.3,32.8,0.4,24.5,0.22684093180545495,0.307231936055687,29.08655924529096,0
28.53000000000002,77.14000000000016,0.12722083162742007,0.099999999999838,0.15297058540773428,57.8,37.2,0.3,4.8,0.20931051355201322,0.3191682230585702,30.312058712563044,0
28.53000000000002,77.15000000000016,0.12145427122985326,0.08999999999983288,0.15132745950417537,62.4,15.0,2.0,20.7,-0.020396261309743112,0.47572166778323866,30.882641538075102,0
28.53000000000002,77.16000000000017,0.11626323580555188,0.07999999999982776,0.15033296378369893,59.8,10.1,0.8,29.3,0.028600703569724446,0.4533947553204821,30.451317689433914,0
28.53000000000002,77.17000000000017,0.11172797322058682,0.06999999999982265,0.14999999999998082,59.9,3.4,0.0,36.7,-0.06295139460940516,0.44548992011674976,30.90615742021197,0
28.53000000000002,77.18000000000018,0.10793118177794207,0.05999999999981753,0.15033296378372163,44.6,27.3,4.3,23.9,0.027516722999793672,0.3429193286821138,29.180534120898262,-1
28.53000000000002,77.19000000000018,0.10495303711654269,0.04999999999981242,0.15132745950422044,70.3,2.1,0.5,27.1,-0.03131878288721138,0.5441802465410959,31.543104418694362,-1
28.53000000000002,77.20000000000019,0.10286466837544272,0.0399999999998073,0.15297058540780117,59.3,15.6,5.5,19.6,0.04400366960682269,0.399509204145471,30.388639840869416,0
28.53000000000002,77.21000000000019,0.10172089264253155,0.029999999999802185,0.1552417469626309,48.9,20.2,2.3,28.7,0.12031869645370316,0.2857096912975555,29.81572939883139,0
28.53000000000002,77.2200000000002,0.10155363115121614,0.01999999999979707,0.15811388300846277,51.2,11.4,33.7,3.7,-0.008661116918047109,0.3073465270426767,30.846595522009356,-1
28.53000000000002,77.2300000000002,0.10236767067781356,0.009999999999791953,0.16155494421409203,43.6,19.1,33.1,4.2,0.15213453149405162,0.37741988505537255,29.58791906381953,0
28.53000000000002,77.24000000000021,0.10414000192051817,2.1316282072803006e-13,0.16552945357253837,40.3,21.4,33.8,4.5,0.07350556782703353,0.3378337183793261,29.09086026090913,0
28.53000000000002,77.25000000000021,0.10682293761177872,0.010000000000218279,0.17000000000008259,35.3,27.3,33.3,4.1,0.013908051524339715,0.30035494155059517,28.74877632232896,0
28.53000000000002,77.26000000000022,0.11035007929319587,0.020000000000223395,0.17492855684545397,62.3,9.5,0.4,27.8,-0.05896851331124259,0.4833869337109943,30.99609588476373,0
28.53000000000002,77.27000000000022,0.11464353448851561,0.03000000000022851,0.18027756377330648,50.5,21.1,0.8,27.6,0.11500695646505522,0.3010488443137619,29.46687623284277,0
28.53000000000002,77.28000000000023,0.11962081758634038,0.040000000000233626,0.1860107523775014,76.1,10.0,0.8,13.1,-0.002045673707806681,0.3844652445769532,31.974488000083095,-1
28.53000000000002,77.29000000000023,0.12520039936050437,0.05000000000023874,0.19209372712311537,32.3,33.3,0.3,34.1,0.1935742880077597,0.2561927664012665,28.27612620514905,-1
28.53000000000002,77.30000000000024,0.13130552159005063,0.06000000000024386,0.19849433241293282,69.4,25.2,0.5,4.9,0.07748069643517057,0.44208709683135855,31.440319093235928,-1
28.53000000000002,77.31000000000024,0.13786638459044656,0.07000000000024897,0.2051828452869831,58.1,29.8,3.3,8.8,0.16912095930932702,0.3428929714723287,30.266599642692217,0
28.53000000000002,77.32000000000025,0.1448210620042775,0.08000000000025409,0.21213203435612554,47.1,34.1,0.3,18.5,0.2061812193440177,0.19648233490467132,29.696734353155716,0
28.53000000000002,77.33000000000025,0.1521155481864128,0.0900000000002592,0.2193171219947841,42.3,19.3,0.1,38.3,0.07246754653281684,0.3424344911146939,29.624631365686433,0
28.53000000000002,77.34000000000026,0.15970328738025136,0.10000000000026432,0.22671568097527306,51.7,41.4,2.0,5.0,0.2994835059100948,0.19186267345678104,29.936658966266947,-1
28.54000000000002,76.84,0.3876533760977657,0.3999999999999915,0.35846896657868876,4.8,76.6,7.1,11.4,0.5984884447691908,-0.14572081019443342,27.607273557878486,0
28.54000000000002,76.85000000000001,0.37794330262619025,0.38999999999998636,0.349284983931445,14.0,70.9,0.7,14.4,0.5254852162060761,-0.01288339010240345,28.567741850099175,0
28.54000000000002,76.86000000000001,0.36824874745202935,0.37999999999998124,0.34014702703387956,7.9,84.5,0.3,7.4,0.6103717575001222,-0.09067507448754557,27.618204733421926,0
28.54000000000002,76.87000000000002,0.3585709692654791,0.3699999999999761,0.33105890714491276,9.5,56.0,1.6,32.8,0.4719997635281225,0.04356889478329208,28.254241789821847,0
28.54000000000002,76.88000000000002,0.3489113641026644,0.359999999999971,0.32202484376206336,6.0,60.2,4.3,29.5,0.5408800701325676,0.03890682860707287,27.80828480298398,0
28.54000000000002,76.89000000000003,0.33927148421283376,0.3499999999999659,0.31304951684993687,11.2,59.6,3.0,26.2,0.5236104911296031,-0.003929961056563479,28.129618097230374,0
28.54000000000002,76.90000000000003,0.3296530600494653,0.3399999999999608,0.30413812651487265,17.8,72.8,2.0,7.3,0.5901540443372089,-0.00631594441796977,28.24599179353694,0
28.54000000000002,76.91000000000004,0.3200580259889976,0.32999999999995566,0.29529646120462516,4.9,57.4,0.7,36.9,0.33284595997691174,0.0034324344607214556,27.158006712762596,-1
28.54000000000002,76.92000000000004,0.31048855051349566,0.31999999999995055,0.28653097563784075,4.7,66.6,1.5,27.3,0.4095332511033365,-0.03148447453845264,27.14899819803805,0
28.54000000000002,76.93000000000005,0.30094707175842306,0.30999999999994543,0.2778488797889444,27.1,67.7,0.2,5.0,0.4818788555435956,0.05622062899264528,28.844722956102267,0
28.54000000000002,76.94000000000005,0.2914363395322683,0.2999999999999403,0.26925824035666923,23.5,62.3,2.3,11.9,0.4579624222059613,0.11198191103221769,28.55852362815488,0
28.54000000000002,76.95000000000006,0.2819594651717971,0.2899999999999352,0.2607680962080459,22.0,58.7,2.6,16.6,0.4235086459620849,0.08711480063069993,28.40809924091457,0
28.54000000000002,76.96000000000006,0.27251998091876556,0.2799999999999301,0.25238858928241525,26.5,46.7,6.9,19.8,0.32998759163379376,0.17720045660564096,28.88430787562361,-1
28.54000000000002,76.97000000000007,0.2631219109081626,0.26999999999992497,0.2441311123146063,30.5,42.9,0.6,26.0,0.2164776736748406,0.17751127371263728,29.244881761771744,0
28.54000000000002,76.98000000000008,0.25376985636588517,0.25999999999991985,0.2360084744240476,24.0,61.2,0.0,14.8,0.5311709673540674,0.09038076836389532,28.24021106893623,0
28.54000000000002,76.99000000000008,0.2444690982516218,0.24999999999991473,0.22803508501975292,22.6,54.2,1.5,21.7,0.46306193447032074,0.14848985957570354,28.218938546389754,0
28.54000000000002,77.00000000000009,0.2352257213825912,0.23999999999990962,0.22022715545537472,33.0,42.1,2.3,22.6,0.21333230540400575,0.2824593942536565,29.26001353663975,-1
28.54000000000002,77.01000000000009,0.2260467650729821,0.2299999999999045,0.21260291625461258,26.7,46.0,3.3,24.0,0.22092282359191767,0.2106387760967398,28.405904520283393,0
28.54000000000002,77.0200000000001,0.21694040656355307,0.2199999999998994,0.20518284528674918,40.6,24.0,0.4,35.0,0.11151273319924429,0.2990457622691461,29.956217286948146,0
28.54000000000002,77.0300000000001,0.20791618503608525,0.20999999999989427,0.1979898987321487,21.8,36.9,0.6,40.7,0.2952045248012923,0.2381333078637836,28.078799106971992,0
28.54000000000002,77.0400000000001,0.19898527583708245,0.19999999999988916,0.191049731745342,47.2,46.8,1.3,4.7,0.31959097174354917,0.2350520905673866,30.008668727753733,0
28.54000000000002,77.05000000000011,0.1901608266703743,0.18999999999988404,0.18439088914577098,46.7,24.3,0.8,28.2,0.13169776532721159,0.288239477850211,30.16538965029743,0
28.54000000000002,77.06000000000012,0.1814583698812504,0.17999999999987892,0.17804493814756167,48.7,36.7,4.1,10.6,0.20831442197818342,0.2907405484975043,29.869105776247846,0
28.54000000000002,77.07000000000012,0.17289632731773524,0.1699999999998738,0.17204650534076626,51.5,34.9,1.2,12.4,0.22141395219056764,0.22356518331965625,30.35243640106367,0
28.54000000000002,77.08000000000013,0.16449662610510407,0.1599999999998687,0.1664331697708476,58.3,14.2,2.9,24.6,0.07502385660992511,0.4321150675570953,31.311828131322198,0
28.54000000000002,77.09000000000013,0.15628544397980118,0.14999999999986358,0.16124515496588868,57.3,26.5,1.7,14.5,0.1591054602568619,0.42698981085352994,30.710275941599974,0
28.54000000000002,77.10000000000014,0.14829409968021298,0.13999999999985846,0.15652475842490648,31.0,39.0,2.9,27.1,0.2797754363878342,0.2391307684986824,28.243653793425086,0
28.54000000000002,77.11000000000014,0.14056009390992352,0.12999999999985334,0.152315462117204,38.8,29.3,0.8,31.1,0.0805382760380255,0.329730886800241,28.95230242572306,-1
28.54000000000002,77.12000000000015,0.13312828399693397,0.11999999999984823,0.14866068747311678,44.9,46.5,3.4,5.1,0.42541411582293776,0.1832903157446354,29.118681620243073,-1
28.54000000000002,77.13000000000015,0.12605213207229096,0.10999999999984311,0.1456021977855492,62.7,10.3,0.7,26.3,-0.08986269215450099,0.46064413269669136,30.702136434196326,0
28.54000000000002,77.14000000000016,0.119394891012859,0.099999999999838,0.14317821063271075,61.3,28.0,1.6,9.1,0.15982110102103345,0.3788082210875445,30.551920419325473,0
28.54000000000002,77.15000000000016,0.11323047293010337,0.08999999999983288,0.14142135623726632,51.6,21.2,0.5,26.8,0.08327761268742573,0.33354188500285087,29.77521900251418,0
28.54000000000002,77.16000000000017,0.10764357853572815,0.07999999999982776,0.14035668847614952,59.9,24.0,1.3,14.8,0.11065467549546285,0.3938854575201247,30.42447429132945,0
28.54000000000002,77.17000000000017,0.10272847706444538,0.06999999999982265,0.13999999999997925,49.2,22.2,0.7,27.9,0.14329128406980066,0.35933444759768185,29.66839944291425,0
28.54000000000002,77.18000000000018,0.09858569875992809,0.05999999999981753,0.14035668847617383,54.1,12.7,0.6,32.6,-0.021090540049834086,0.43354080714615467,30.077332007594936,0
28.54000000000002,77.19000000000018,0.09531600075531128,0.04999999999981242,0.14142135623731453,47.7,22.5,6.9,22.8,0.0808646186031457,0.27909620587594564,29.2917603606668,0
28.54000000000002,77.20000000000019,0.09301150466469145,0.0399999999998073,0.1431782106327822,56.1,3.7,0.4,39.8,-0.12403025981727614,0.513604941440891,30.161474286035457,0
28.54000000000002,77.21000000000019,0.09174497261427213,0.029999999999802185,0.1456021977856429,48.4,24.3,3.1,24.2,0.1748079425207553,0.3462321468361982,29.30424860628274,0
28.54000000000002,77.2200000000002,0.09155948885832298,0.01999999999979707,0.14866068747323147,44.4,17.6,33.8,4.3,0.07170427105335206,0.3392931805030487,29.506154282602246,0
28.54000000000002,77.2300000000002,0.09246155958019203,0.009999999999791953,0.15231546211733837,59.0,14.2,22.7,4.1,0.05966090456776601,0.4012993877949537,31.026911807394832,0
28.54000000000002,77.24000000000021,0.09442001906378562,2.1316282072803006e-13,0.156524758425059,37.5,19.7,39.2,3.6,0.11789919263170082,0.31205868556719524,29.27039146467494,0
28.54000000000002,77.25000000000021,0.09737114562338312,0.010000000000218279,0.1612451549660579,66.9,8.9,20.4,3.9,0.07967063803069234,0.4147536685490315,32.159281941509605,-1
28.54000000000002,77.26000000000022,0.1012281581380138,0.020000000000223395,0.16643316977103206,63.6,16.7,0.1,19.6,0.14114729126029335,0.4667580006422378,30.834749859531357,-1
28.54000000000002,77.27000000000022,0.10589211490956056,0.03000000000022851,0.17204650534096452,61.3,10.8,1.0,26.9,0.013352081189368977,0.4780554506021729,30.729508970938344,0
28.54000000000002,77.28000000000023,0.11126158366671146,0.040000000000233626,0.17804493814777236,46.0,15.2,5.1,33.7,0.044698134887648046,0.4135164366125077,29.660912019000303,-1
28.54000000000002,77.29000000000023,0.11723966905459045,0.05000000000023874,0.18439088914599291,63.1,27.8,0.0,9.1,0.12359290650190903,0.42595958421601043,30.701245848795406,-1
28.54000000000002,77.30000000000024,0.12373819135592437,0.06000000000024386,0.1910497317455741,46.4,33.0,1.7,18.9,0.23420788894473205,0.28368888069631926,29.458271995972023,0
28.54000000000002,77.31000000000024,0.13067953167975857,0.07000000000024897,0.19798989873238987,51.9,19.9,1.3,26.9,0.11445564794810048,0.2734132744751023,30.23409581641359,0
28.54000000000002,77.32000000000025,0.13799688402296229,0.08000000000025409,0.20518284528699854,74.4,16.9,3.9,4.8,0.01563043328149128,0.4701435627226252,32.18813317822531,-1
28.54000000000002,77.33000000000025,0.14563358129240997,0.0900000000002592,0.21260291625486927,48.8,19.2,0.2,31.8,0.10878914758336464,0.3799812361642329,30.046060959228583,0
28.54000000000002,77.34000000000026,0.15354198123008334,0.10000000000026432,0.22022715545563798,56.0,31.5,2.1,10.5,0.23391772468470068,0.388191657114784,30.638727572233748,0
28.550000000000022,76.84,0.3854155419803358,0.3999999999999915,0.35468295701935426,5.3,84.2,2.4,8.1,0.6017176688525205,-0.05099579014234841,27.137502696527964,0
28.550000000000022,76.85000000000001,0.3756476274382579,0.38999999999998636,0.34539832078339616,5.3,84.2,2.3,8.3,0.6672956985460057,-0.09840078880283394,27.471596663842426,0
28.550000000000022,76.86000000000001,0.3658922518993654,0.37999999999998124,0.33615472627941256,25.6,63.1,5.9,5.4,0.4646135527823784,0.05408440337916176,29.405491226908666,0
28.550000000000022,76.87000000000002,0.35615044573885535,0.3699999999999761,0.32695565448541175,4.8,66.0,3.3,25.9,0.4937306746692957,0.03458184391845573,27.524607380197025,0
28.550000000000022,76.88000000000002,0.34642335371620403,0.359999999999971,0.3178049716413847,28.4,64.2,0.1,7.2,0.4301673385300264,-0.06854737203083804,29.488315188089377,-1
28.550000000000022,76.89000000000003,0.33671225103933966,0.3499999999999659,0.30870698080862846,20.6,72.8,1.3,5.2,0.4638722120435384,0.009869998313395462,28.529966876818648,4
28.550000000000022,76.90000000000003,0.32701856216425473,0.3399999999999608,0.2996664812753951,8.8,63.6,1.0,26.6,0.43462918498754716,0.05568303314102917,27.72485752114378,0
28.550000000000022,76.91000000000004,0.31734388287782395,0.32999999999995566,0.29068883707492915,23.1,54.4,0.8,21.7,0.34482708431403,0.0912496398378558,28.935294778618672,-1
28.550000000000022,76.92000000000004,0.3076900063375015,0.31999999999995055,0.2817800560720593,28.3,65.1,1.2,5.3,0.5035611533773428,0.040292106897383904,29.047368133904275,0
28.550000000000022,76.93000000000005,0.29805895390001225,0.30999999999994543,0.272946881279071,27.8,65.2,1.0,6.0,0.5052756558158212,0.07214217815763387,28.85499589019951,0
28.550000000000022,76.94000000000005,0.2884530117713589,0.2999999999999403,0.2641968962724011,6.5,53.1,1.1,39.3,0.39352961150767657,0.12147233412690084,27.361978549145682,-1
28.550000000000022,76.95000000000006,0.27887477476452766,0.2899999999999352,0.2555386467835515,16.1,64.2,7.4,12.3,0.40796346633859365,0.049852181687294536,27.849522321178476,0
28.550000000000022,76.96000000000006,0.26932719877495576,0.2799999999999301,0.246981780704504,24.4,64.7,0.2,10.6,0.42632208127642235,0.015848835745963664,28.328331591315155,0
28.550000000000022,76.97000000000007,0.2598136639978029,0.26999999999992497,0.2385372088374619,29.8,56.6,5.6,8.0,0.37856636574608865,0.1672491019602625,28.738874194540884,0
28.550000000000022,76.98000000000008,0.2503380514423689,0.25999999999991985,0.23021728866435365,36.7,48.1,1.3,13.9,0.3340571506282973,0.24018232519597787,29.46342695786625,0
28.550000000000022,76.99000000000008,0.24090483598292767,0.24999999999991473,0.2220360331116685,32.4,48.6,1.9,17.1,0.32064462273359867,0.11383352985393,29.102941409557538,0
28.550000000000022,77.00000000000009,0.23151920006764148,0.23999999999990962,0.21400934559024704,20.8,42.6,3.6,33.0,0.29893195497823943,0.28932829560154527,28.118418729735858,-1
28.550000000000022,77.01000000000009,0.2221871733470682,0.2299999999999045,0.20615528128080013,42.6,45.1,1.0,11.3,0.35467351583687556,0.2022673463042229,29.580189834593888,0
28.550000000000022,77.0200000000001,0.21291580495576148,0.2199999999998994,0.1984943324127066,41.9,20.9,1.1,36.1,0.038135309618683416,0.36862128853590853,30.158383781732823,-1
28.550000000000022,77.0300000000001,0.20371337707661666,0.20999999999989427,0.19104973174534035,41.9,41.2,1.0,15.9,0.2227364750424763,0.2560731097266046,29.726986133056432,0
28.550000000000022,77.0400000000001,0.1945896708460137,0.19999999999988916,0.183847763108413,51.8,21.1,0.9,26.1,0.09666799930461085,0.31499991723447823,30.68648127186822,0
28.550000000000022,77.05000000000011,0.18555629873426638,0.18999999999988404,0.1769180601294509,48.4,42.0,4.9,4.7,0.2738984681845421,0.2126236991539159,30.04305198636536,0
28.550000000000022,77.06000000000012,0.17662712136011519,0.17999999999987892,0.17029386365917318,50.1,29.5,3.6,16.8,0.20266817807534573,0.30618539050079757,30.15668094870513,0
28.550000000000022,77.07000000000012,0.16781877129797373,0.1699999999998738,0.16401219466847677,45.4,29.5,0.2,24.8,0.1658788329889031,0.19519694506573126,29.751008053361584,-1
28.550000000000022,77.08000000000013,0.15915131165014815,0.1599999999998687,0.15811388300832976,32.9,30.6,0.2,36.2,0.26242606149186964,0.28674887809124583,28.558610442332913,-1
28.550000000000022,77.09000000000013,0.15064906239324474,0.14999999999986358,0.15264337522465055,52.6,23.4,1.1,22.9,0.031206261556930903,0.24601269282937116,30.338900018657203,-1
28.550000000000022,77.10000000000014,0.14234163129585495,0.13999999999985846,0.1476482306022505,56.2,38.4,0.2,5.3,0.2876108429982041,0.27733336863427993,30.035934752672464,0
28.550000000000022,77.11000000000014,0.13426518536078774,0.12999999999985334,0.14317821063268468,55.8,3.5,1.9,38.8,-0.05853369019474204,0.4163143171561292,30.753880327688595,0
28.550000000000022,77.12000000000015,0.12646398696849817,0.11999999999984823,0.13928388277176834,42.4,37.0,0.3,20.2,0.162849946648623,0.27114045548922777,28.907716621180757,0
28.550000000000022,77.13000000000015,0.11899218461718593,0.10999999999984311,0.13601470508728897,44.0,26.1,1.4,28.4,0.03150203563236213,0.19129133072937404,29.27156263888678,-1
28.550000000000022,77.14000000000016,0.1119157718999992,0.099999999999838,0.1334166406412067,68.2,6.7,0.0,25.1,-0.09595095332903206,0.38799002521382464,31.45266733575736,0
28.550000000000022,77.15000000000016,0.1053144814352473,0.08999999999983288,0.13152946437961263,59.1,9.7,0.8,30.4,0.04775438557363791,0.3989620840990354,30.573313332162584,0
28.550000000000022,77.16000000000017,0.0992831304904194,0.07999999999982776,0.13038404810401805,65.4,27.5,2.2,4.9,0.2022615777964188,0.3846421961470056,30.766841257777223,0
28.550000000000022,77.17000000000017,0.09393157083739444,0.06999999999982265,0.1299999999999777,61.4,8.1,1.3,29.2,-0.03353262425026819,0.454779900906837,30.708250097156142,0
28.550000000000022,77.18000000000018,0.08938198923711342,0.05999999999981753,0.1303840481040442,63.2,5.5,7.8,23.5,-0.0686136491746307,0.5146140996698881,30.814968978838785,0
28.550000000000022,77.19000000000018,0.0857621128470298,0.04999999999981242,0.13152946437966448,71.0,20.0,4.1,4.9,0.03719515016893994,0.4183949849133718,31.21323281207891,-1
28.550000000000022,77.20000000000019,0.08319338916037795,0.0399999999998073,0.1334166406412834,57.7,17.6,0.9,23.8,0.04903053403217464,0.3842129082742811,30.135068544982225,0
28.550000000000022,77.21000000000019,0.08177493503509321,0.029999999999802185,0.13601470508738928,63.5,5.3,0.1,31.2,-0.07600808427491612,0.4104210529741151,30.861151297561403,0
28.550000000000022,77.2200000000002,0.0815667824546092,0.01999999999979707,0.13928388277189077,50.1,13.8,31.9,4.2,0.10969710254998007,0.3701314831106563,30.00995326473839,0
28.550000000000022,77.2300000000002,0.08257808425969675,0.009999999999791953,0.1431782106328276,55.5,6.0,33.7,4.7,-0.10782778000743672,0.43552422802979673,30.341842795374752,0
28.550000000000022,77.24000000000021,0.0847652051257225,2.1316282072803006e-13,0.1476482306024122,40.9,16.0,39.7,3.4,0.0636218852038114,0.2399622653783557,29.76650484735659,-1
28.550000000000022,77.25000000000021,0.08804055883517695,0.010000000000218279,0.1526433752248293,45.0,15.5,36.0,3.5,0.12735356707655832,0.31298903289680785,30.16515779490777,0
28.550000000000022,77.26000000000022,0.09228835246126621,0.020000000000223395,0.15811388300852391,53.2,19.8,11.6,15.5,0.11692914079112265,0.38376780785091485,29.97471659825917,0
28.550000000000022,77.27000000000022,0.09738141506478405,0.03000000000022851,0.16401219466868472,70.4,15.0,0.6,14.0,-0.021213835176208014,0.44517466813956236,31.45396897187767,-1
28.550000000000022,77.28000000000023,0.10319467040513675,0.040000000000233626,0.17029386365939347,48.0,32.8,2.5,16.7,0.1180834901205324,0.26734963261994454,29.35078725798116,0
28.550000000000022,77.29000000000023,0.10961359404759095,0.05000000000023874,0.17691806012968223,55.1,19.2,4.7,21.0,0.08652006025261788,0.3389279552358393,30.18965508701023,0
28.550000000000022,77.30000000000024,0.11653814826071132,0.06000000000024386,0.1838477631086542,59.2,14.0,0.6,26.2,0.03352616027843483,0.32045560130914696,30.29022537995382,0
28.550000000000022,77.31000000000024,0.12388357437546432,0.07000000000024897,0.19104973174559026,66.1,20.2,4.5,9.2,0.14342045486233404,0.2885309283980413,31.31657985126778,-1
28.550000000000022,77.32000000000025,0.13157940568359122,0.08000000000025409,0.19849433241296432,55.0,39.3,0.7,4.9,0.2811223924342212,0.2531656181811612,29.976368297346696,-1
28.550000000000022,77.33000000000025,0.13956768967083016,0.0900000000002592,0.20615528128106483,61.3,13.9,7.4,17.5,0.0008580037915567641,0.4888472530058167,31.09101317882523,0
28.550000000000022,77.34000000000026,0.1478010148816964,0.10000000000026432,0.21400934559051796,34.6,27.9,0.6,36.9,0.12346426356960422,0.26614526692765067,28.751310722572423,-1
28.560000000000024,76.84,0.38342553383935735,0.3999999999999915,0.351140997321579,5.5,72.1,5.6,16.9,0.48359211497605237,0.007069988444091915,27.87061604202554,0
28.560000000000024,76.85000000000001,0.3736055941765225,0.38999999999998636,0.3417601498126865,14.6,73.4,0.1,12.0,0.5670682169139876,-0.08203437107775273,28.42890630690263,-1
28.560000000000024,76.86000000000001,0.3637954645126694,0.37999999999998124,0.3324154027718735,8.3,66.0,2.5,23.2,0.42377758745833694,0.009057474775920915,27.98423290372862,0
28.560000000000024,76.87000000000002,0.3539959604289088,0.3699999999999761,0.32310988842804556,19.4,74.3,1.5,4.9,0.6141995173797262,-0.04848433827459989,28.642831096623585,0
28.560000000000024,76.88000000000002,0.3442079894482149,0.359999999999971,0.3138470965294747,6.3,84.5,1.4,7.8,0.6899577605609432,-0.14071398427543685,27.254446684040722,0
28.560000000000024,76.89000000000003,0.3344325642038758,0.3499999999999659,0.3046309242345218,28.3,66.0,0.5,5.2,0.5218728000236338,0.0921294801553583,29.2477646291837,0
28.560000000000024,76.90000000000003,0.3246708179063477,0.3399999999999608,0.29546573405384385,39.8,52.4,2.6,5.2,0.3055086444126104,0.1513776502319417,30.309539970900538,-1
28.560000000000024,76.91000000000004,0.31492402258318475,0.32999999999995566,0.286356421265483,13.1,49.8,0.4,36.7,0.34070182994449316,0.021023290110541895,28.229671628871085,0
28.560000000000024,76.92000000000004,0.3051936106801254,0.31999999999995055,0.2773084924771922,13.2,57.8,1.5,27.6,0.4007347189623215,0.055501479122183436,28.031339648390528,0
28.560000000000024,76.93000000000005,0.29548120075559775,0.30999999999994543,0.2683281572999214,32.1,56.7,0.5,10.6,0.4154403192229714,0.07699157417633114,29.569783147649762,0
28.560000000000024,76.94000000000005,0.2857886281851816,0.2999999999999403,0.25942243542139903,36.8,52.5,5.9,4.8,0.3989256440402975,0.0756834883288641,29.857876981956267,-1
28.560000000000024,76.95000000000006,0.2761179820293605,0.2899999999999352,0.250599281722771,19.8,56.3,0.1,23.8,0.3810201474782328,0.02813252078269221,28.220660895514275,0
28.560000000000024,76.96000000000006,0.26647164952385605,0.2799999999999301,0.24186773244888987,21.2,45.7,0.4,32.7,0.28750082378373887,0.23739466477615156,28.525997500542978,-1
28.560000000000024,76.97000000000007,0.25685237004934075,0.26999999999992497,0.23323807579374126,25.3,41.2,0.5,33.0,0.30479639182676593,0.2305192226444876,28.808198604660657,-1
28.560000000000024,76.98000000000008,0.24726330095661667,0.25999999999991985,0.22472205054236757,17.0,58.2,1.1,23.7,0.36732500186084177,-0.04072687957428482,27.687865653573773,-1
28.560000000000024,76.99000000000008,0.23770809830538278,0.24999999999991473,0.21633307652776085,23.6,56.7,0.5,19.2,0.3729669281789653,0.0778817076690172,28.12876493584881,0
28.560000000000024,77.00000000000009,0.22819101647514706,0.23999999999990962,0.20808652046676607,24.3,34.5,1.3,39.9,0.21079184160170203,0.19462585518041844,28.551020525714875,0
28.560000000000024,77.01000000000009,0.218717031801276,0.2299999999999045,0.19999999999991475,30.2,60.2,4.4,5.3,0.4867860186514767,0.07629813744281266,28.332192126538846,0
28.560000000000024,77.0200000000001,0.20929199698020015,0.2199999999998994,0.19209372712289732,36.9,43.6,2.4,17.1,0.24396126307954955,0.15950552471934165,29.23174846539752,0
28.560000000000024,77.0300000000001,0.19992283511385098,0.20999999999989427,0.18439088914576712,41.6,47.7,1.7,9.0,0.4187849494798192,0.22365336594869153,29.425198275359172,0
28.560000000000024,77.0400000000001,0.19061778510926042,0.19999999999988916,0.1769180601294487,57.3,20.6,0.2,22.0,0.01786686194171866,0.41603478337496363,31.09634115549795,-1
28.560000000000024,77.05000000000011,0.18138671395656447,0.18999999999988404,0.16970562748467735,33.0,25.6,2.3,39.1,0.20791394120392825,0.3234500350532701,28.992913888721514,-1
28.560000000000024,77.06000000000012,0.17224151648183167,0.17999999999987892,0.16278820596090227,55.3,28.0,0.4,16.4,0.21197950744967037,0.3424054005057576,30.605252108329204,0
28.560000000000024,77.07000000000012,0.16319662986704672,0.1699999999998738,0.15620499351803832,46.5,35.9,3.2,14.5,0.15159492038751357,0.2904328169317067,29.584096486978154,0
28.560000000000024,77.08000000000013,0.1542696989041037,0.1599999999998687,0.1499999999999062,48.4,42.7,0.6,8.3,0.2026898331514495,0.21447566175229602,29.58735905426469,-1
28.560000000000024,77.09000000000013,0.1454824388026403,0.14999999999986358,0.14422205101846783,61.4,32.1,1.1,5.3,0.22489320844236116,0.2448780403239455,30.551500655174213,0
28.560000000000024,77.10000000000014,0.13686175506680218,0.13999999999985846,0.13892443989440953,40.2,25.4,0.8,33.6,0.1097299407474365,0.21346245562505536,29.150729898309763,0
28.560000000000024,77.11000000000014,0.12844119276916938,0.12999999999985334,0.13416407864990348,55.7,13.0,3.8,27.5,-0.03334735248042996,0.3595153587789376,30.616295782182934,0
28.560000000000024,77.12000000000015,0.12026279557688949,0.11999999999984823,0.1299999999999222,59.6,31.6,0.3,8.5,0.27498506044907484,0.31077135835541336,30.25331701319744,0
28.560000000000024,77.13000000000015,0.11237944651923988,0.10999999999984311,0.12649110640666505,65.4,10.9,1.7,22.0,-0.06159512200997751,0.37754254772916546,31.004316541094983,0
28.560000000000024,77.14000000000016,0.10485771311626478,0.099999999999838,0.12369316876846902,63.6,31.0,0.3,5.1,0.14265307012139863,0.27930644917336667,30.44667523104482,0
28.560000000000024,77.15000000000016,0.09778108201475008,0.08999999999983288,0.12165525060591449,85.3,6.9,2.4,5.4,-0.06831991565489001,0.5024803653653098,32.662740979046355,-1
28.560000000000024,77.16000000000017,0.09125316432857483,0.07999999999982776,0.12041594578788542,54.8,29.5,4.7,11.1,0.02552755862817574,0.3601057196024986,29.74922091696525,-1
28.560000000000024,77.17000000000017,0.08539988290378792,0.06999999999982265,0.11999999999997613,53.3,19.4,1.1,26.2,0.07916838795533257,0.37961641267667623,29.95959243159,0
28.560000000000024,77.18000000000018,0.08036877503100129,0.05999999999981753,0.12041594578791374,53.7,12.7,1.2,32.4,-0.03127792776695899,0.3544236968477663,30.05952064587853,0
28.560000000000024,77.19000000000018,0.07632260477726706,0.04999999999981242,0.12165525060597056,56.8,9.2,5.0,29.0,0.023326805741486878,0.4267191778958272,30.256352349510784,0
28.560000000000024,77.20000000000019,0.07342438287102131,0.0399999999998073,0.12369316876855173,58.6,10.5,1.5,29.4,0.04156313614798804,0.356867821288637,30.24339734543765,0
28.560000000000024,77.21000000000019,0.0718132299788413,0.029999999999802185,0.1264911064067729,81.3,11.5,1.4,5.8,0.015086050010709581,0.44322389334926426,31.817599174644688,0
28.560000000000024,77.2200000000002,0.07157611333397322,0.01999999999979707,0.13000000000005338,57.7,5.3,33.3,3.6,-0.04014766851731755,0.3637411819849216,31.349343033085837,0
28.560000000000024,77.2300000000002,0.07272647385926126,0.009999999999791953,0.13416407865005603,57.9,8.0,29.3,4.8,-0.019820544281686208,0.455141914890264,30.30571776221617,0
28.560000000000024,77.24000000000021,0.07520066489071787,2.1316282072803006e-13,0.1389244398945814,55.9,12.8,25.8,5.5,-0.019820209233408062,0.3895596367443936,30.018913122538795,0
28.560000000000024,77.25000000000021,0.07887420364105421,0.010000000000218279,0.14422205101865698,64.0,10.9,20.4,4.6,-0.03264139752245057,0.42961387774650495,30.951798687284114,0
28.560000000000024,77.26000000000022,0.0835891141238806,0.020000000000223395,0.15000000000011085,57.6,2.0,1.1,39.3,-0.01583865261125439,0.5030968562243425,30.425979386950427,0
28.560000000000024,77.27000000000022,0.08918037900805303,0.03000000000022851,0.15620499351825667,64.8,15.6,0.1,19.5,0.07716207221448113,0.36653743827714536,30.962556817968665,0
28.560000000000024,77.28000000000023,0.09549418830496986,0.040000000000233626,0.16278820596113272,61.5,7.4,3.0,28.0,-0.023095650774749996,0.47083746170601437,30.81255241951656,0
28.560000000000024,77.29000000000023,0.1023969726116466,0.05000000000023874,0.16970562748491852,45.2,13.1,1.0,40.8,0.04790326631761806,0.4693460497076912,29.350218851592295,-1
28.560000000000024,77.30000000000024,0.10977768443557082,0.06000000000024386,0.17691806012969932,71.9,2.0,0.2,25.9,-0.08505417643898774,0.45659430620428165,31.904843509755942,-1
28.560000000000024,77.31000000000024,0.11754633129128887,0.07000000000024897,0.18439088914602605,74.6,2.0,2.0,21.4,-0.07275266153369607,0.4356490549351775,32.11002974563867,-1
28.560000000000024,77.32000000000025,0.12563096752014333,0.08000000000025409,0.1920937271231636,48.6,13.3,4.2,33.9,0.04942584555850525,0.316407972199734,29.899696563848718,-1
28.560000000000024,77.33000000000025,0.13397440054000387,0.0900000000002592,0.20000000000018758,49.5,19.7,4.4,26.4,-0.026414041016479498,0.36942926445163016,29.91124012912292,0
28.560000000000024,77.34000000000026,0.14253118956936994,0.10000000000026432,0.20808652046704473,51.1,38.3,5.9,4.7,0.2900069459045689,0.3491146100330046,29.924023604453367,-1
28.570000000000025,76.84,0.38168722797599147,0.3999999999999915,0.34785054261851206,7.4,74.7,4.3,13.7,0.6140170110578553,0.03396645164488046,27.909319304084423,0
28.570000000000025,76.85000000000001,0.37182138184885594,0.38999999999998636,0.3383784863137579,11.8,70.9,0.0,17.3,0.49906558614462726,0.02314529613108539,28.279363045427324,0
28.570000000000025,76.86000000000001,0.3619628986512143,0.37999999999998124,0.32893768406795076,26.9,67.3,0.9,4.9,0.567905125807836,0.08816482628397163,29.480193178474085,0
28.570000000000025,76.87000000000002,0.35211239682803824,0.3699999999999761,0.31953090617338437,8.0,73.0,3.5,15.5,0.4461342607669656,-0.017772154925642485,27.705617295343885,0
28.570000000000025,76.88000000000002,0.3422705654887413,0.359999999999971,0.3101612483853867,5.3,73.1,1.0,20.7,0.5755476542406877,-0.013345013565029505,27.311942286821683,0
28.570000000000025,76.89000000000003,0.33243817470317666,0.3499999999999659,0.30083217912979177,5.1,60.2,1.9,32.8,0.4437966523278126,0.02948789745504633,27.273431295083643,0
28.570000000000025,76.90000000000003,0.32261608763354793,0.3399999999999608,0.2915475947422254,8.2,78.2,1.9,11.7,0.5883264462650282,-0.10638820638939496,27.33062588911995,0
28.570000000000025,76.91000000000004,0.31280527489154425,0.32999999999995566,0.2823118842698176,17.2,76.8,0.9,5.0,0.5921683663743658,0.053271900452528595,27.97752742265401,0
28.570000000000025,76.92000000000004,0.303006831606108,0.31999999999995055,0.273130005674904,40.2,43.9,5.1,10.8,0.3242365279163782,0.26787158644847925,30.239369840849804,-1
28.570000000000025,76.93000000000005,0.29322199781048175,0.30999999999994543,0.2640075756488277,16.3,51.4,1.4,30.8,0.27232158730073985,0.05305050828747085,28.216285259572828,0
28.570000000000025,76.94000000000005,0.2834521829162165,0.2999999999999403,0.2549509756795806,26.8,55.3,1.3,16.6,0.4477482295144491,0.13632396633486232,28.82398488491036,0
28.570000000000025,76.95000000000006,0.2736989952483687,0.2899999999999352,0.24596747752491363,25.9,47.3,12.4,14.4,0.30518632438095916,0.21426211136230972,28.836879461054533,-1
28.570000000000025,76.96000000000006,0.263964277886166,0.2799999999999301,0.23706539182252626,37.7,50.1,1.3,10.9,0.40167264240873396,0.18353400644321516,29.737287545814954,-1
28.570000000000025,76.97000000000007,0.2542501524089293,0.26999999999992497,0.22825424421019452,51.9,34.3,0.4,13.3,0.24087588388249712,0.27393213880605927,31.14855712202772,-1
28.570000000000025,76.98000000000008,0.24455907261838128,0.25999999999991985,0.21954498400092526,26.2,67.3,1.5,5.1,0.4841464929528835,0.11358653630961761,28.18865652263075,0
28.570000000000025,76.99000000000008,0.23489389093793353,0.24999999999991473,0.21095023109720967,26.1,52.2,3.1,18.6,0.36583369018118933,0.13006700500454652,28.5083711878318,0
28.570000000000025,77.00000000000009,0.22525794103640637,0.23999999999990962,0.2024845673130819,46.6,43.0,3.1,7.4,0.2859710286454568,0.19340612304897375,30.074171347625448,0
28.570000000000025,77.01000000000009,0.21565514137149772,0.2299999999999045,0.1941648783893885,44.0,47.8,3.1,5.0,0.4105130190363336,0.13549155799166038,29.719036653904066,0
28.570000000000025,77.0200000000001,0.20609012591572745,0.2199999999998994,0.18601075237729206,53.4,39.7,2.3,4.7,0.20027771066149733,0.11514516181437304,30.745444571958927,-1
28.570000000000025,77.0300000000001,0.1965684104833743,0.20999999999989427,0.17804493814755507,46.4,30.9,0.6,22.1,0.15619635716093463,0.38335623328932694,30.080055001753895,0
28.570000000000025,77.0400000000001,0.1870966060621103,0.19999999999988916,0.17029386365916818,35.5,27.1,3.6,33.8,0.06479059745624294,0.22915742182563026,29.35744486369738,-1
28.570000000000025,77.05000000000011,0.17768269471155831,0.18999999999988404,0.1627882059608994,54.6,34.8,4.9,5.7,0.21939541228180345,0.3379972424539834,30.251418324437065,0
28.570000000000025,77.06000000000012,0.16833638941108778,0.17999999999987892,0.15556349186094168,58.7,35.7,0.4,5.1,0.19012454932548334,0.2515804786082183,30.615442699382363,0
28.570000000000025,77.07000000000012,0.15906960740494128,0.1699999999998738,0.14866068747308595,55.6,27.7,0.3,16.4,0.12419142465737107,0.33664798071978974,30.538331999689593,0
28.570000000000025,77.08000000000013,0.14989709803716386,0.1599999999998687,0.14212670403542044,53.6,13.0,7.2,26.2,0.09123452012993788,0.41828642377530556,30.61572792464456,-1
28.570000000000025,77.09000000000013,0.14083728199579926,0.14999999999986358,0.13601470508725763,62.3,15.9,4.0,17.7,0.0019315238693230208,0.34544359880488656,31.098428253885487,0
28.570000000000025,77.10000000000014,0.13191338067067213,0.13999999999985846,0.13038404810395918,63.4,19.0,4.3,13.2,0.06302389759669388,0.44305184150681115,31.120738704313748,0
28.570000000000025,77.11000000000014,0.12315494305941287,0.12999999999985334,0.1252996408613274,72.3,17.9,4.5,5.2,0.038169985690507,0.4174881030173719,31.516170404609674,0
28.570000000000025,77.12000000000015,0.11459991273979667,0.11999999999984823,0.12083045973586258,61.1,32.6,1.5,4.8,0.1736084811665036,0.3479322357233154,30.519445852885728,0
28.570000000000025,77.13000000000015,0.10629741295050879,0.10999999999984311,0.11704699910712106,56.7,7.7,2.1,33.5,0.10788948047458197,0.5043259117800662,30.477531868932484,-1
28.570000000000025,77.14000000000016,0.09831144389120314,0.099999999999838,0.11401754250984843,56.8,18.6,1.4,23.1,-0.019348784847293757,0.4143811483372041,30.419447752307573,0
28.570000000000025,77.15000000000016,0.09072563033661205,0.08999999999983288,0.11180339887493577,71.9,22.7,0.1,5.3,0.13650342714974784,0.39745865054765006,31.32034539234509,0
28.570000000000025,77.16000000000017,0.08364890913800478,0.07999999999982776,0.11045361017183229,53.5,33.2,2.7,10.7,0.32016866921898424,0.39170243378439507,29.546623073597292,-1
28.570000000000025,77.17000000000017,0.07722137009909229,0.06999999999982265,0.10999999999997456,72.1,8.3,1.5,18.1,0.028654288567359312,0.47256743494356884,31.19542756352736,0
28.570000000000025,77.18000000000018,0.07161801449344986,0.05999999999981753,0.11045361017186317,60.5,15.8,2.0,21.7,0.044547108272487916,0.40715664786961625,30.316421502927234,0
28.570000000000025,77.19000000000018,0.06704580523781639,0.04999999999981242,0.1118033988749968,71.1,15.5,1.5,12.0,-0.019138416006254662,0.4276187275613456,30.85146332055832,0
28.570000000000025,77.20000000000019,0.06372707430904564,0.0399999999998073,0.11401754250993816,73.5,6.5,1.2,18.7,0.023738716702170447,0.4267198524522104,31.72831684039456,0
28.570000000000025,77.21000000000019,0.06186388283962015,0.029999999999802185,0.11704699910723762,73.2,8.0,0.4,18.3,0.01886729890478501,0.4128107018807568,31.14564044310086,0
28.570000000000025,77.2200000000002,0.06158847294744429,0.01999999999979707,0.12083045973600372,50.1,9.0,37.2,3.7,-0.09548462185008273,0.37758987725237103,30.360309183168987,0
28.570000000000025,77.2300000000002,0.06292169737063766,0.009999999999791953,0.1252996408614907,58.1,2.2,33.5,6.2,-0.0962140614980511,0.41261334232174185,30.033162838600948,0
28.570000000000025,77.24000000000021,0.06576579658155404,2.1316282072803006e-13,0.13038404810414228,57.8,10.1,28.1,3.9,-0.06940469731390599,0.40901649014568464,30.91921769210452,0
28.570000000000025,77.25000000000021,0.06993668565217248,0.010000000000218279,0.13601470508745822,57.8,7.8,30.5,4.0,-0.1727760019337221,0.4757080916004647,30.914832999661453,0
28.570000000000025,77.26000000000022,0.07521396147003184,0.020000000000223395,0.1421267040356364,80.5,3.3,0.3,15.9,-0.13176787403091625,0.5045465706838311,32.44471827074364,-1
28.570000000000025,77.27000000000022,0.08138267628936938,0.03000000000022851,0.14866068747331534,58.4,29.3,0.6,11.8,0.16897196130906852,0.33969810499075814,30.02620179161441,0
28.570000000000025,77.28000000000023,0.08825610460486764,0.040000000000233626,0.15556349186118285,67.2,8.8,1.9,22.1,0.008215958862977522,0.43230468322846444,30.96366607292288,0
28.570000000000025,77.29000000000023,0.09568249578700694,0.05000000000023874,0.16278820596115084,60.7,11.6,1.8,25.9,-0.011771847657136843,0.5513517761701802,30.72778275094629,0
28.570000000000025,77.30000000000024,0.10354293795346965,0.06000000000024386,0.17029386365942853,68.7,26.5,0.3,4.6,0.20720626962510802,0.44901174657905873,31.333817548972647,-1
28.570000000000025,77.31000000000024,0.11174587240717992,0.07000000000024897,0.17804493814782324,58.8,13.6,3.3,24.3,0.07387199563719762,0.39601964260410766,30.458443142897437,0
28.570000000000025,77.32000000000025,0.1202212127706571,0.08000000000025409,0.1860107523775671,58.4,15.9,3.1,22.6,0.03683611814437097,0.4093099629876895,30.587601671976078,0
28.570000000000025,77.33000000000025,0.12891524347436065,0.0900000000002592,0.19416487838966956,63.9,21.3,0.6,14.2,0.07906986561894204,0.3181807907451841,30.809039163949183,0
28.570000000000025,77.34000000000026,0.1377865740921806,0.10000000000026432,0.20248456731336825,51.6,29.5,0.6,18.3,0.18463698093542263,0.2965796657625621,30.065395470669092,0
28.580000000000027,76.84,0.3802040767798221,0.3999999999999915,0.3448187929913239,4.5,69.3,5.0,21.2,0.5228076795103255,-0.06301906952561678,27.53987410181565,0
28.580000000000027,76.85000000000001,0.3702987172540476,0.38999999999998636,0.3352610922847896,8.0,63.8,3.5,24.7,0.4029157959213753,0.042144516477058684,28.075135905540062,0
28.580000000000027,76.86000000000001,0.36039858490286775,0.37999999999998124,0.32572994949802697,19.3,66.4,2.5,11.9,0.48283090076553997,-0.020615578557283284,28.801906784020797,4
28.580000000000027,76.87000000000002,0.35050412265761755,0.3699999999999761,0.31622776601681324,5.0,66.6,0.2,28.1,0.5326783598937651,0.06488702750134798,27.31883325938538,0
28.580000000000027,76.88000000000002,0.34061582464704,0.359999999999971,0.3067572330035296,13.6,68.4,1.1,16.9,0.5813370132410657,-0.0044714047211094066,28.120575746164352,0
28.580000000000027,76.89000000000003,0.33073424376677446,0.3499999999999659,0.2973213749463353,6.8,70.0,1.6,21.6,0.5780081948402803,-0.07307077157763049,27.468030501621325,0
28.580000000000027,76.90000000000003,0.3208600006232897,0.3399999999999608,0.28792360097771963,28.8,65.5,0.4,5.2,0.506215134881263,0.06050793097825906,29.165614223553334,0
28.580000000000027,76.91000000000004,0.310993794150261,0.32999999999995566,0.27856776554363766,5.1,52.4,1.2,41.2,0.4444685821232284,0.09013877044515833,27.35749745669902,0
28.580000000000027,76.92000000000004,0.30113641427096227,0.31999999999995055,0.26925824035667556,12.9,63.4,1.7,22.0,0.4917975834031605,0.04772008813676787,27.853629985455115,0
28.580000000000027,76.93000000000005,0.2912887570778703,0.30999999999994543,0.25999999999994555,28.4,64.5,0.9,6.2,0.4760724974228495,0.07052868744983679,28.76469684662317,0
28.580000000000027,76.94000000000005,0.28145184312768073,0.2999999999999403,0.25079872407962983,36.2,56.5,2.8,4.6,0.4824355784016736,0.1699815735630134,29.75285292370808,-1
28.580000000000027,76.95000000000006,0.2716268396163511,0.2899999999999352,0.2416609194718275,25.6,58.1,3.8,12.6,0.4589129329416388,0.12712451712879652,28.58721577855442,0
28.580000000000027,76.96000000000006,0.2618150874185165,0.2799999999999301,0.23259406699219157,21.5,59.8,0.8,17.9,0.5033001546879345,0.10657412195858182,28.185491145744308,0
28.580000000000027,76.97000000000007,0.2520181342680803,0.26999999999992497,0.22360679774990588,46.3,45.0,3.5,5.2,0.24561965662371257,0.20011646247541426,30.443669443811206,0
28.580000000000027,76.98000000000008,0.24223777574928945,0.25999999999991985,0.21470910553576142,16.4,59.6,0.2,23.8,0.39338656855353415,0.03706873602259941,27.59008395888279,0
28.580000000000027,76.99000000000008,0.2324761062990392,0.24999999999991473,0.2059126028196583,12.6,60.7,4.0,22.7,0.40542974627975514,0.023932808673200204,27.07868793078087,-1
28.580000000000027,77.00000000000009,0.22273558314728586,0.23999999999990962,0.1972308292330745,41.2,42.1,0.3,16.3,0.28798883123973784,0.18839678570698226,29.62809813411758,0
28.580000000000027,77.01000000000009,0.21301910712412872,0.2299999999999045,0.18867962264104257,33.0,61.7,0.2,5.1,0.5465174766581149,0.09578373626404199,28.519063796914605,0
28.580000000000027,77.0200000000001,0.20333012565766234,0.2199999999998994,0.18027756377310644,29.2,49.0,2.1,19.7,0.2840526563971434,0.14231887077868696,28.399474500525553,0
28.580000000000027,77.0300000000001,0.1936727652509787,0.20999999999989427,0.17204650534075636,48.3,39.1,1.3,11.3,0.2971682502901526,0.3321534170913247,30.035269132740584,-1
28.580000000000027,77.0400000000001,0.18405200352063775,0.19999999999988916,0.16401219466846834,49.0,25.5,5.1,20.4,0.06937157278759157,0.29425923174506513,30.095991265976508,0
28.580000000000027,77.05000000000011,0.17447389489537166,0.18999999999988404,0.15620499351803196,40.4,24.6,0.9,34.2,0.22727597008655176,0.24886461571428786,29.452051593722544,0
28.580000000000027,77.06000000000012,0.16494586990877264,0.17999999999987892,0.14866068747308234,33.2,35.8,0.7,30.3,0.14236741698746155,0.25288674735421357,28.65393870975546,-1
28.580000000000027,77.07000000000012,0.1554771365827224,0.1699999999998738,0.141421356237206,59.5,28.1,1.4,11.0,0.18991501643807635,0.341576102213889,30.67331957323098,0
28.580000000000027,77.08000000000013,0.14607922507996637,0.1599999999998687,0.13453624047063376,57.9,20.0,1.2,20.9,0.12401877115272886,0.3393827856675512,30.676191498070242,0
28.580000000000027,77.09000000000013,0.13676673572168285,0.14999999999986358,0.12806248474855492,47.6,24.1,0.8,27.5,0.14790024944503763,0.3614057802488193,29.910502977201222,0
28.580000000000027,77.10000000000014,0.12755837879169682,0.13999999999985846,0.12206555615723765,66.2,27.2,2.1,4.5,0.10093752150106312,0.3486504049855671,31.379409407114743,0
28.580000000000027,77.11000000000014,0.11847843685653346,0.12999999999985334,0.11661903789681091,51.1,33.2,3.2,12.4,0.14598282639503868,0.3635142430373739,29.348048525927833,0
28.580000000000027,77.12000000000015,0.10955884263704764,0.11999999999984823,0.11180339887490051,42.6,14.4,3.8,39.2,0.09322003137245288,0.30829275465717665,29.24132832362854,-1
28.580000000000027,77.13000000000015,0.1008421538840348,0.10999999999984311,0.10770329614260928,46.2,16.0,6.3,31.5,0.09642033161174857,0.3295589676586115,29.734136874150288,0
28.580000000000027,77.14000000000016,0.09238582142284359,0.099999999999838,0.10440306508903505,59.6,8.9,0.6,30.9,0.03183804035523454,0.4406830674921725,30.60129790091316,0
28.580000000000027,77.15000000000016,0.08426826211555535,0.08999999999983288,0.10198039027179778,65.5,9.9,2.5,22.1,0.046898599505793566,0.5148892276029036,30.902760633752255,0
28.580000000000027,77.16000000000017,0.07659725843643844,0.07999999999982776,0.10049875621116558,58.4,8.9,0.9,31.7,-0.09670408377829531,0.3950249112501402,30.467472880162745,0
28.580000000000027,77.17000000000017,0.06952078825776752,0.06999999999982265,0.099999999999973,68.9,5.7,2.2,23.2,-0.12699855243036628,0.4970252840488713,31.143118607348057,0
28.580000000000027,77.18000000000018,0.06323875394079452,0.05999999999981753,0.10049875621119951,55.3,3.0,1.3,40.4,-0.10656619038284892,0.3927016069304403,29.987321196995687,0
28.580000000000027,77.19000000000018,0.05800982675364208,0.04999999999981242,0.10198039027186467,82.2,2.8,10.1,5.0,-0.09878207026968143,0.5784362432157919,32.14597321112754,0
28.580000000000027,77.20000000000019,0.054140003694042975,0.0399999999998073,0.10440306508913305,67.7,3.1,2.6,26.7,-0.10141011093036416,0.4550088160667711,30.942015319894622,0
28.580000000000027,77.21000000000019,0.051933996572520874,0.029999999999802185,0.10770329614273595,79.1,2.0,6.0,13.0,-0.06812510137830671,0.5582386369792403,31.905738824884978,0
28.580000000000027,77.2200000000002,0.051605619848989676,0.01999999999979707,0.11180339887505304,50.2,15.3,31.1,3.4,0.093462524664089,0.40762027445297255,30.385453582279762,0
28.580000000000027,77.2300000000002,0.053189660649438905,0.009999999999791953,0.11661903789698638,52.1,10.2,34.2,3.5,-0.02289976043017844,0.31450340019900885,30.6014675186678,-1
28.580000000000027,77.24000000000021,0.0565255694354927,2.1316282072803006e-13,0.12206555615743324,61.3,2.6,32.0,4.1,-0.11736586183339301,0.4813663425745935,31.085974549207013,0
28.580000000000027,77.25000000000021,0.06132813383766988,0.010000000000218279,0.128062484748768,55.2,5.9,35.2,3.8,-0.006253844955502755,0.4108155803445774,30.77594518909957,0
28.580000000000027,77.26000000000022,0.0672840248500028,0.020000000000223395,0.1345362404708619,74.4,2.0,0.6,23.0,-0.09609822442146032,0.5381255402100591,31.527452289024684,0
28.580000000000027,77.27000000000022,0.07411572032990468,0.03000000000022851,0.14142135623744717,74.4,20.0,0.9,4.7,0.08536624415670598,0.37949697588001424,31.510667174157128,0
28.580000000000027,77.28000000000023,0.08160355384433757,0.040000000000233626,0.14866068747333472,64.2,27.1,0.0,8.7,0.1272763373744204,0.3280284148141428,30.496351493941646,0
28.580000000000027,77.29000000000023,0.08958314573641049,0.05000000000023874,0.15620499351829398,72.8,14.7,1.6,11.0,0.04929851797846198,0.504823258669261,31.258592787885167,-1
28.580000000000027,77.30000000000024,0.09793436577645473,0.06000000000024386,0.16401219466873868,65.4,27.5,1.5,5.5,0.0968047933503515,0.41475381842245057,30.381223061947296,-1
28.580000000000027,77.31000000000024,0.10656988317551115,0.07000000000024897,0.17204650534103388,73.6,15.6,1.5,9.3,0.07671361129385745,0.39309471328845885,31.630149516815646,-1
28.580000000000027,77.32000000000025,0.11542590697087014,0.08000000000025409,0.18027756377339021,47.9,11.1,7.0,34.0,-0.0017388350978848424,0.4780185387379338,29.890894758061275,-1
28.580000000000027,77.33000000000025,0.12445537352824124,0.0900000000002592,0.18867962264133178,74.9,13.8,5.0,6.4,-0.014015811511391182,0.32659704146182655,31.885561125546317,-1
28.580000000000027,77.34000000000026,0.13362312674107102,0.10000000000026432,0.19723082923336846,57.0,27.2,0.4,15.4,0.17134664931746885,0.3457289463121074,30.16001193376874,0
28.59000000000003,76.84,0.3789790759395527,0.3999999999999915,0.34205262752973226,5.2,73.9,0.9,20.0,0.5268364435461068,-0.11812254311413109,26.976703358031884,-1
28.59000000000003,76.85000000000001,0.3690408378485957,0.38999999999998636,0.3324154027718789,7.4,70.2,1.1,21.3,0.4957463701002142,-0.010231045119130575,27.896143116546305,0
28.59000000000003,76.86000000000001,0.3591060289106686,0.37999999999998124,0.32280024783136,4.7,67.4,0.8,27.0,0.4465361550621043,-0.03598217764503499,27.46656508035347,0
28.59000000000003,76.87000000000002,0.34917494182714004,0.3699999999999761,0.31320919526729196,18.8,67.0,3.2,10.9,0.4178208919863522,-0.02948196259168899,28.658412683585272,4
28.59000000000003,76.88000000000002,0.33924790345701994,0.359999999999971,0.3036445290137499,5.3,66.1,1.4,27.1,0.5216142689603921,-0.05147026727900874,27.524778919439715,0
28.59000000000003,76.89000000000003,0.3293252799284935,0.3499999999999659,0.29410882339702016,9.2,55.4,1.6,33.7,0.456880832455558,0.011268501422287525,27.95899919248352,0
28.59000000000003,76.90000000000003,0.31940748269252844,0.3399999999999608,0.28460498941511436,5.3,64.5,4.1,26.1,0.45797001376579843,-0.002780779620552705,26.938320543618143,0
28.59000000000003,76.91000000000004,0.3094949757265461,0.32999999999995566,0.2751363298439073,12.8,49.0,3.1,35.1,0.30107637444062035,0.1421362800452864,28.191937749466373,-1
28.59000000000003,76.92000000000004,0.29958828415005323,0.31999999999995055,0.26570660511167865,4.9,70.2,0.3,24.6,0.44118526103757716,0.06164050340711267,26.54515124577643,-1
28.59000000000003,76.93000000000005,0.2896880045841922,0.30999999999994543,0.25632011235947116,6.7,47.9,2.7,42.8,0.2224324460052155,0.0720552900916568,27.46513949734805,-1
28.59000000000003,76.94000000000005,0.27979481767890024,0.2999999999999403,0.24698178070450974,29.1,56.7,1.1,13.2,0.4466365272857675,0.1187407112454073,29.13329823716306,0
28.59000000000003,76.95000000000006,0.26990950335245206,0.2899999999999352,0.2376972864800298,33.5,60.8,0.7,5.0,0.34849960988671796,0.1558107867201217,29.195990988416323,0
28.59000000000003,76.96000000000006,0.26003295944930876,0.2799999999999301,0.228473193175848,35.7,52.0,0.1,12.2,0.3108033214701237,0.1246531774985459,29.257819689983396,0
28.59000000000003,76.97000000000007,0.2501662247386017,0.26999999999992497,0.21931712199453915,22.0,33.2,1.4,43.4,0.21297156591860028,0.16084576375825324,28.5266028375263,5
28.59000000000003,76.98000000000008,0.24031050746890673,0.25999999999991985,0.21023796041620788,33.0,45.9,0.9,20.1,0.3175853631342501,0.2669212667066207,29.06223523101992,0
28.59000000000003,76.99000000000008,0.2304672210965425,0.24999999999991473,0.20124611797489814,35.1,45.4,0.6,18.9,0.3248351191775361,0.1693116182835877,29.157289639545628,0
28.59000000000003,77.00000000000009,0.2206380293602214,0.23999999999990962,0.19235384061662625,24.8,38.6,2.4,34.1,0.24774597242442944,0.1922668423841273,28.40690856449464,5
28.59000000000003,77.01000000000009,0.21082490365220483,0.2299999999999045,0.18357559750676689,53.6,32.1,3.0,11.4,0.1710536573102574,0.22010665226013004,30.731790059974486,0
28.59000000000003,77.0200000000001,0.20103019673661265,0.2199999999998994,0.1749285568452639,47.6,46.9,0.6,4.9,0.26520671626731074,0.18210936977454897,29.942772054378747,0
28.59000000000003,77.0300000000001,0.19125673844327976,0.20999999999989427,0.16643316977083372,39.7,42.4,0.1,17.8,0.24989282773638402,0.30145694799961376,29.24660882217608,-1
28.59000000000003,77.0400000000001,0.18150796125779517,0.19999999999988916,0.1581138830083172,42.7,25.9,3.7,27.7,0.11864760619694237,0.3217403229590927,29.790533828588174,0
28.59000000000003,77.05000000000011,0.17178806710584302,0.18999999999988404,0.14999999999989555,49.6,19.4,0.0,31.0,-0.019917090113352715,0.35036591706813436,30.218282313064684,0
28.59000000000003,77.06000000000012,0.16210225168072828,0.17999999999987892,0.14212670403541244,25.6,31.7,5.2,37.4,0.14598319480613592,0.2879857782209063,28.127223474878765,-1
28.59000000000003,77.07000000000012,0.1524570103339395,0.1699999999998738,0.13453624047062926,50.1,28.8,2.1,19.0,0.14058907451766042,0.22404513729301093,29.81750221783061,0
28.59000000000003,77.08000000000013,0.14286056138754283,0.1599999999998687,0.12727922061347033,43.3,31.1,0.8,24.9,0.14545176220732503,0.2536625341645576,29.350098785092012,0
28.59000000000003,77.09000000000013,0.13332344129958942,0.14999999999986358,0.12041594578781549,40.6,21.3,0.5,37.5,0.07457227406253156,0.4290494206768233,29.305280904143455,0
28.59000000000003,77.10000000000014,0.1238593557223936,0.13999999999985846,0.11401754250980853,52.9,27.2,0.0,19.9,0.17823638754506402,0.32020156045947334,29.916540762647934,0
28.59000000000003,77.11000000000014,0.11448641840833353,0.12999999999985334,0.10816653826381835,67.8,27.2,0.5,4.5,0.18437429636426142,0.3645556925228719,31.40293417251567,0
28.59000000000003,77.12000000000015,0.10522898840134211,0.11999999999984823,0.10295630140977463,68.7,23.9,0.3,7.1,0.19066765739887678,0.4455572858117838,30.917512339724414,-1
28.59000000000003,77.13000000000015,0.09612044527555924,0.10999999999984311,0.098488578017874,56.5,18.0,1.9,23.6,-0.013395118168051001,0.44193278769448185,30.063501414199514,0
28.59000000000003,77.14000000000016,0.08720745380971726,0.099999999999838,0.09486832980497521,63.3,10.3,0.3,26.0,-0.02833725744490336,0.3733226808407327,30.993382299768992,0
28.59000000000003,77.15000000000016,0.0785566037960932,0.08999999999983288,0.09219544457286621,75.5,5.2,1.4,17.8,0.008178975253356174,0.5218983336678236,31.87476862738391,0
28.59000000000003,77.16000000000017,0.07026478492089024,0.07999999999982776,0.0905538513813275,73.7,17.1,1.7,7.5,-0.03338679572882981,0.5233895271766492,31.345407750547295,0
28.59000000000003,77.17000000000017,0.06247511504576657,0.06999999999982265,0.08999999999997144,75.4,4.3,0.8,19.5,-0.12011146261687436,0.4725457933772821,31.219906094050998,0
28.59000000000003,77.18000000000018,0.05539981949415339,0.05999999999981753,0.09055385138136517,64.8,10.3,0.1,24.8,-0.038086783348577805,0.4242784573481301,30.42862252023812,0
28.59000000000003,77.19000000000018,0.049347137708158836,0.04999999999981242,0.0921954445729402,70.9,4.3,0.1,24.7,0.040916190118739884,0.4926409356764179,31.404202565897705,0
28.59000000000003,77.20000000000019,0.04473410332164276,0.0399999999998073,0.09486832980508306,73.5,2.0,0.1,24.5,-0.13072663520473665,0.5452172447203566,31.375833601801784,0
28.59000000000003,77.21000000000019,0.04203736433216328,0.029999999999802185,0.09848857801801252,78.4,1.9,2.6,17.0,-0.02870896790843709,0.45431674947662004,31.77568751910478,0
28.59000000000003,77.2200000000002,0.04163099806633106,0.01999999999979707,0.10295630140994028,57.0,4.0,35.4,3.7,-0.06539484468350047,0.29537362799537903,30.961676809931898,-1
28.59000000000003,77.2300000000002,0.043579123442342126,0.009999999999791953,0.10816653826400753,65.1,1.6,29.3,4.0,-0.14292270080514394,0.49807467339930905,31.459867266750578,0
28.59000000000003,77.24000000000021,0.047593486949446456,2.1316282072803006e-13,0.11401754251001793,61.5,11.0,22.8,4.7,0.13899120731689157,0.48779389057286393,30.371473303310626,-1
28.59000000000003,77.25000000000021,0.053208457974381965,0.010000000000218279,0.12041594578804209,58.6,1.4,36.5,3.5,-0.07766759980470966,0.4532020343441907,31.402787941908073,0
28.59000000000003,77.26000000000022,0.05997616193135585,0.020000000000223395,0.1272792206137115,74.3,18.9,1.5,5.3,0.08891011589300576,0.39788000832296555,30.96389071143711,0
28.59000000000003,77.27000000000022,0.06755101775710762,0.03000000000022851,0.13453624047088278,90.2,2.1,2.6,5.2,-0.054374622589664405,0.5517516788825644,32.715721345403544,6
28.59000000000003,77.28000000000023,0.07569108269820246,0.040000000000233626,0.1421267040356764,57.4,27.4,0.6,14.6,0.16944780910860577,0.41507730849684765,29.84349700004613,0
28.59000000000003,77.29000000000023,0.08423265400087655,0.05000000000023874,0.15000000000016842,87.4,2.2,0.3,10.2,0.027403667793102993,0.5179719296267602,32.46007281067354,6
28.59000000000003,77.30000000000024,0.09306524593013683,0.06000000000024386,0.1581138830085976,63.0,18.3,1.6,17.1,0.15399719241347953,0.42601411522101673,30.637046300822234,0
28.59000000000003,77.31000000000024,0.10211336837085788,0.07000000000024897,0.16643316977112063,55.8,24.4,0.8,18.9,0.07302009282355969,0.28772145014490946,29.874381907283688,0
28.59000000000003,77.32000000000025,0.11132448068618327,0.08000000000025409,0.17492855684555633,55.3,15.1,1.2,28.4,0.13683624564861183,0.33511472622902,30.12914799206375,0
28.59000000000003,77.33000000000025,0.1206612613892896,0.0900000000002592,0.18357559750706415,49.5,24.1,2.0,24.5,0.08189335235250456,0.3702521533655246,29.85691725499375,0
28.59000000000003,77.34000000000026,0.1300966563754071,0.10000000000026432,0.19235384061692767,58.1,32.2,1.4,8.3,0.20591204404412042,0.3950184647265969,30.325173882291867,0
28.60000000000003,76.84,0.3780147351625301,0.3999999999999915,0.3395585369269841,10.1,58.7,2.0,29.2,0.35572409407858147,0.08125010578115442,28.40450865310866,0
28.60000000000003,76.85000000000001,0.36805045849719303,0.38999999999998636,0.3298484500493989,5.0,77.0,1.6,16.5,0.6448303206932476,-0.17269147200817886,27.337240907121622,-1
28.60000000000003,76.86000000000001,0.35808817349919625,0.37999999999998124,0.32015621187162335,8.8,55.4,2.9,32.9,0.38323193793260746,0.028402788021565057,28.157913612960417,0
28.60000000000003,76.87000000000002,0.3481280511535764,0.3699999999999761,0.3104834939251762,31.2,53.9,2.4,12.5,0.3276256181710759,0.13604584335498135,29.94322608839684,0
28.60000000000003,76.88000000000002,0.33817028255005493,0.359999999999971,0.3008321791297971,26.7,67.4,1.4,4.5,0.5660250507017354,0.046078705549025774,29.330862494141265,0
28.60000000000003,76.89000000000003,0.3282150819203485,0.3499999999999659,0.2912043955711862,18.1,57.1,2.2,22.6,0.4857100697452611,-0.027183775016914602,28.633252743927926,4
28.60000000000003,76.90000000000003,0.3182626902418478,0.3399999999999608,0.28160255680653484,15.1,48.1,3.7,33.0,0.4064051390859349,0.03994022122833589,28.52409264817501,0
28.60000000000003,76.91000000000004,0.30831337953448573,0.32999999999995566,0.27202941017466414,21.6,65.1,1.3,12.0,0.4097524775307388,-0.0007880225509448724,28.42010657245004,0
28.60000000000003,76.92000000000004,0.29836745801104636,0.31999999999995055,0.26248809496808395,25.0,69.3,1.0,4.7,0.6023771460024858,0.02511979378245778,28.684849895456118,-1
28.60000000000003,76.93000000000005,0.28842527628481424,0.30999999999994543,0.25298221281341554,13.0,48.2,3.1,35.7,0.3187742159751434,0.0012978039126190083,27.92869462649171,0
28.60000000000003,76.94000000000005,0.2784872348959096,0.2999999999999403,0.2435159132376586,21.9,47.3,1.8,29.1,0.4282751735461949,0.1592112520872719,28.596402640379235,-1
28.60000000000003,76.95000000000006,0.26855379349390657,0.2899999999999352,0.23409399821432772,9.6,69.4,0.1,20.9,0.5558476849032079,-0.02284912036729757,27.079798872152114,-1
28.60000000000003,76.96000000000006,0.25862548211645026,0.2799999999999301,0.22472205054237263,29.0,57.4,4.0,9.6,0.4291665630229246,0.04783982994054562,28.93570247039355,0
28.60000000000003,76.97000000000007,0.24870291514167067,0.26999999999992497,0.21540659228530565,36.8,45.6,0.1,17.5,0.3108260536369196,0.1920793497532849,29.52968887894228,0
28.60000000000003,76.98000000000008,0.23878680868080623,0.25999999999991985,0.20615528128080376,27.5,37.8,2.8,31.9,0.23951685383300406,0.12149887210749097,28.841497677941224,-1
28.60000000000003,76.99000000000008,0.2288780024378994,0.24999999999991473,0.19697715603583818,43.9,49.3,2.5,4.4,0.30972428422121967,0.1825957119176941,30.132084290735925,0
28.60000000000003,77.00000000000009,0.21897748742727507,0.23999999999990962,0.18788294228047092,24.0,58.6,6.1,11.3,0.37399680762185805,-0.011035874418575772,27.949208077589738,-1
28.60000000000003,77.01000000000009,0.20908644145415536,0.2299999999999045,0.1788854381998904,21.6,45.6,0.1,32.8,0.2922669014321961,0.05406075241023821,28.017903468986002,-1
28.60000000000003,77.0200000000001,0.19920627500147095,0.2199999999998994,0.16999999999990306,41.0,29.7,1.8,27.5,0.22684442682243847,0.25179768009201575,29.762316818370895,0
28.60000000000003,77.0300000000001,0.1893386912386415,0.20999999999989427,0.16124515496587016,50.5,30.9,1.1,17.5,0.10826875170815248,0.2611866529055466,30.43464006039699,0
28.60000000000003,77.0400000000001,0.1794857654521989,0.19999999999988916,0.1526433752246331,64.8,29.1,0.9,5.3,0.2289333115301696,0.3681144340332913,31.218054754819843,-1
28.60000000000003,77.05000000000011,0.1696500515766562,0.18999999999988404,0.14422205101845204,37.7,32.4,0.2,29.7,0.19876948731802296,0.2501671603111187,29.26764877765644,0
28.60000000000003,77.06000000000012,0.1598347271401389,0.17999999999987892,0.1360147050872443,56.9,36.7,1.6,4.8,0.26937373094306294,0.3922197805477835,30.526431325806556,0
28.60000000000003,77.07000000000012,0.1500437936069447,0.1699999999998738,0.12806248474854495,49.6,34.7,1.3,14.4,0.2539580247012904,0.2620419113882979,29.78883667434056,0
28.60000000000003,77.08000000000013,0.14028235812091405,0.1599999999998687,0.1204159457878099,51.9,17.9,0.2,29.9,0.10751724872790708,0.20122947772225164,30.126777259120498,-1
28.60000000000003,77.09000000000013,0.13055703734370488,0.14999999999986358,0.11313708498973465,61.9,31.3,1.9,4.9,0.18282007940198566,0.2274830482113307,30.686920877834243,0
28.60000000000003,77.10000000000014,0.12087654859387291,0.13999999999985846,0.10630145812723511,66.3,23.3,2.8,7.5,0.11231715623257457,0.3225936670659877,30.86325234829762,0
28.60000000000003,77.11000000000014,0.11125259547520001,0.12999999999985334,0.099999999999892,41.8,29.4,2.9,25.9,0.20930483379768533,0.4476269429947324,28.891894830598787,-1
28.60000000000003,77.12000000000015,0.10170122909763814,0.11999999999984823,0.09433981132046367,68.4,22.7,4.3,4.6,0.05223526192844496,0.3898638431184613,31.350361083953857,0
28.60000000000003,77.13000000000015,0.09224499986434095,0.10999999999984311,0.08944271909989752,76.3,2.4,1.1,20.3,-0.1381229278287597,0.5723265788626506,31.94513658616464,-1
28.60000000000003,77.14000000000016,0.08291646398619791,0.099999999999838,0.08544003745309262,54.3,14.2,5.8,25.7,0.004565653873792982,0.44226045514988815,30.046309558336148,0
28.60000000000003,77.15000000000016,0.073764083400913,0.08999999999983288,0.08246211251228511,67.1,5.9,3.9,23.2,-0.032495473900633745,0.40845462689708917,31.106992675809614,0
28.60000000000003,77.16000000000017,0.06486246988805969,0.07999999999982776,0.08062257748293508,70.4,2.0,0.7,26.9,0.014043557496989323,0.41154376078320365,31.33310600223228,0
28.60000000000003,77.17000000000017,0.056330631098739294,0.06999999999982265,0.07999999999996987,74.7,10.3,0.4,14.7,-0.004900863977669392,0.5047156681294783,31.179427792002866,0
28.60000000000003,77.18000000000018,0.04836465651677125,0.05999999999981753,0.0806225774829774,65.6,28.2,1.2,5.1,0.2538076256246454,0.2447773124248049,30.1429383321682,-1
28.60000000000003,77.19000000000018,0.04129334086736598,0.04999999999981242,0.08246211251236782,61.8,1.9,1.0,35.3,-0.0571271151037582,0.5247829568482553,30.494279225121883,0
28.60000000000003,77.20000000000019,0.03565305036026926,0.0399999999998073,0.08544003745321237,74.3,3.4,1.8,20.6,-0.09207313251846852,0.5000472338457368,31.162313873595185,0
28.60000000000003,77.21000000000019,0.03220465804810725,0.029999999999802185,0.08944271910005006,85.6,4.4,1.8,8.2,-0.0030465675739539053,0.5656027117768551,32.0804554187206,0
28.60000000000003,77.2200000000002,0.03167238544851566,0.01999999999979707,0.09433981132064442,62.4,1.6,32.1,3.9,-0.0977431412286026,0.4943721125145503,31.125890986388125,0
28.60000000000003,77.2300000000002,0.03419268927714489,0.009999999999791953,0.10000000000009664,54.2,2.6,39.2,3.9,-0.06403952757790533,0.46744142493289803,30.40278374304786,0
28.60000000000003,77.24000000000021,0.039180862675643274,2.1316282072803006e-13,0.1063014581274597,54.4,1.4,40.8,3.4,-0.15421856516384347,0.46142432708028436,31.003940264415085,0
28.60000000000003,77.25000000000021,0.04583819368182016,0.010000000000218279,0.11313708498997582,38.7,14.7,42.0,4.6,-0.043133188491112,0.3566800876981191,28.456819598775873,-1
28.60000000000003,77.26000000000022,0.05354568143199509,0.020000000000223395,0.1204159457880648,91.3,2.3,0.8,5.6,-0.05161722345962419,0.5647042506770232,32.28147375927696,0
28.60000000000003,77.27000000000022,0.06191235740966059,0.03000000000022851,0.12806248474881127,51.0,2.0,7.2,39.7,-0.026813552302420426,0.3741763279454296,29.634234019701864,-1
28.60000000000003,77.28000000000023,0.07070459673901415,0.040000000000233626,0.13601470508752014,66.7,23.0,0.3,10.0,0.2042833751276638,0.3654070716415393,30.373870438389346,0
28.60000000000003,77.29000000000023,0.07978182750496425,0.05000000000023874,0.14422205101873584,50.5,22.7,6.1,20.7,0.06383137793280913,0.4464885374375332,29.51525596177784,-1
28.60000000000003,77.30000000000024,0.08905694807277721,0.06000000000024386,0.15264337522492358,49.2,19.0,0.2,31.6,0.14418720624954223,0.36830579246886963,29.462750171230457,-1
28.60000000000003,77.31000000000024,0.09847405749761205,0.07000000000024897,0.1612451549661663,69.8,14.6,0.5,15.1,0.09712234499884984,0.49352247815008804,31.39650430278017,0
28.60000000000003,77.32000000000025,0.10799601844535232,0.08000000000025409,0.170000000000204,54.8,29.3,0.1,15.8,0.13914185704816232,0.26874284368665735,29.838240308434965,0
28.60000000000003,77.33000000000025,0.1175973639162671,0.0900000000002592,0.17888543820019542,63.2,22.6,2.6,11.6,0.1728043444728189,0.3265723682632636,30.63134284995627,0
28.60000000000003,77.34000000000026,0.12726012729862107,0.10000000000026432,0.18788294228077954,56.5,31.5,4.0,8.0,0.2307108188142599,0.2518273787687775,30.05563061965132,0
28.61000000000003,76.84,0.3773130530474639,0.3999999999999915,0.33734255586865175,10.1,77.4,1.2,11.3,0.653709153926979,-0.12328844951939466,28.007611322702473,-1
28.61000000000003,76.85000000000001,0.3673297428741574,0.38999999999998636,0.32756678708317055,7.5,82.0,5.4,5.1,0.74636801893716,-0.16861992483779512,27.63750185462104,0
28.61000000000003,76.86000000000001,0.357347366017984,0.37999999999998124,0.31780497164139543,5.4,80.6,1.9,12.1,0.6804330923774999,-0.0751392719875826,26.922594796996627,0
28.61000000000003,76.87000000000002,0.347366002942124,0.3699999999999761,0.30805843601496347,21.6,71.1,2.1,5.3,0.433055093531893,-0.008490941766910575,28.73822431881448,4
28.61000000000003,76.88000000000002,0.3373857436229109,0.359999999999971,0.298328677803497,8.0,61.5,3.9,26.5,0.46962802479987764,0.06027474416308606,27.77721261751025,0
28.61000000000003,76.89000000000003,0.32740668899700515,0.3499999999999659,0.28861739379320206,4.9,68.6,0.7,25.9,0.4390599249465258,-0.04381982424775326,27.010799959761034,0
28.61000000000003,76.90000000000003,0.3174289526807202,0.3399999999999608,0.27892651361958776,12.0,56.3,0.9,30.8,0.41427250351385725,-0.0656619895490656,28.034033328607954,0
28.61000000000003,76.91000000000004,0.3074526630230683,0.32999999999995566,0.2692582403566807,32.9,50.0,4.6,12.5,0.35468139307276525,0.17088084003206938,29.751470804408065,0
28.61000000000003,76.92000000000004,0.29747796557051764,0.31999999999995055,0.25961509971489377,27.4,46.7,4.4,21.6,0.2911152548619038,0.047179321209193964,29.327201780147654,0
28.61000000000003,76.93000000000005,0.2875050260429754,0.30999999999994543,0.24999999999994527,19.1,49.1,7.5,24.3,0.29051984284133076,0.12251971736908424,28.430764841886983,-1
28.61000000000003,76.94000000000005,0.27753403394893766,0.2999999999999403,0.24041630560336635,20.4,70.2,4.5,4.9,0.5052834049626382,-0.02836787678079465,28.047462056931696,0
28.61000000000003,76.95000000000006,0.26756520700563513,0.2899999999999352,0.23086792761223907,21.0,57.5,0.2,21.3,0.40064197242859567,0.08712550168287295,28.33327338348222,0
28.61000000000003,76.96000000000006,0.2575987965809757,0.2799999999999301,0.22135943621171666,42.1,50.6,3.0,4.3,0.3488147577032695,0.10111907213664502,30.303464900871333,-1
28.61000000000003,76.97000000000007,0.24763509444334741,0.26999999999992497,0.21189620100409606,34.0,36.8,1.0,28.1,0.2364716953068431,0.2569162762072754,29.489058635206685,0
28.61000000000003,76.98000000000008,0.23767444120048858,0.25999999999991985,0.2024845673130861,36.6,45.0,9.3,9.0,0.3342625412771134,0.18668047231518686,29.427111732686445,0
28.61000000000003,76.99000000000008,0.22771723694082457,0.24999999999991473,0.19313207915819505,44.1,29.9,1.3,24.7,0.1534723845489023,0.26558984604883057,30.254232636106835,0
28.61000000000003,77.00000000000009,0.217763954776641,0.23999999999990962,0.18384776310841303,39.2,35.8,1.6,23.3,0.2861824217335997,0.153862473757357,29.59348548860417,0
28.61000000000003,77.01000000000009,0.2078151582535848,0.2299999999999045,0.17464249196563586,35.6,32.9,1.5,30.0,0.19418807461609533,0.3328267420675779,29.29456983618056,0
28.61000000000003,77.0200000000001,0.19787152397442695,0.2199999999998994,0.1655294535723701,37.5,46.9,0.8,14.8,0.3683245409286685,0.13266036422395333,29.10291598454842,0
28.61000000000003,77.0300000000001,0.1879338713483074,0.20999999999989427,0.15652475842488264,43.3,33.7,0.2,22.8,0.1880759591304846,0.27454703893805477,29.603290279383877,0
28.61000000000003,77.0400000000001,0.17800320221828117,0.19999999999988916,0.1476482306022274,46.1,44.0,4.7,5.2,0.43318545846684303,0.1708560527711912,29.49847979083599,0
28.61000000000003,77.05000000000011,0.16808075440086132,0.18999999999988404,0.1389244398943878,56.0,35.4,3.4,5.2,0.24196320875169314,0.4798744988064061,30.3499056809094,-1
28.61000000000003,77.06000000000012,0.15816807516045459,0.17999999999987892,0.13038404810393958,46.8,45.5,0.3,7.4,0.39126493006583024,0.2203710685346337,29.53406385199456,0
28.61000000000003,77.07000000000012,0.14826712380013302,0.1699999999998738,0.12206555615722106,62.6,14.2,3.3,19.9,-0.006897099440639522,0.3860656103731288,30.9744109476987,0
28.61000000000003,77.08000000000013,0.13838041768966058,0.1599999999998687,0.11401754250979607,50.3,34.6,1.9,13.2,0.18904248608469337,0.30818793987750215,29.790732619036618,0
28.61000000000003,77.09000000000013,0.12851124464406255,0.14999999999986358,0.10630145812722809,58.5,33.9,1.1,6.5,0.19249311736752944,0.3435030898553362,30.130408504248955,0
28.61000000000003,77.10000000000014,0.11866397937018407,0.13999999999985846,0.09899494936599898,38.5,20.3,0.6,40.6,0.20634999633840434,0.3337299467679131,28.76399056682486,-1
28.61000000000003,77.11000000000014,0.10884456807746101,0.12999999999985334,0.09219544457281381,67.1,24.0,3.9,5.0,0.10536299909671999,0.3651241278278805,31.005254746442148,0
28.61000000000003,77.12000000000015,0.09906129415655152,0.11999999999984823,0.08602325267031623,63.0,18.3,2.4,16.3,0.023528295252163295,0.41952535863018114,30.711335147039907,0
28.61000000000003,77.13000000000015,0.08932603203978565,0.10999999999984311,0.08062257748288353,77.1,10.6,1.7,10.6,0.06044532267735932,0.4705329222941995,31.614095964020734,-1
28.61000000000003,77.14000000000016,0.07965638706327952,0.099999999999838,0.07615773105854882,38.2,16.1,2.0,43.6,0.0478402172868134,0.33283534034454965,28.38996321999407,-1
28.61000000000003,77.15000000000016,0.07007952625394523,0.08999999999983288,0.07280109889273068,87.0,2.0,0.2,10.8,-0.09290597303254079,0.511729400333867,32.62827826148128,-1
28.61000000000003,77.16000000000017,0.060639426118491574,0.07999999999982776,0.07071067811859999,67.6,26.0,1.3,5.1,0.1034858844261071,0.29962819219909276,30.452296095013324,-1
28.61000000000003,77.17000000000017,0.05141147731764575,0.06999999999982265,0.06999999999996831,75.4,3.2,0.4,20.9,-0.04675857208989927,0.5383623500411917,31.76618231745967,0
28.61000000000003,77.18000000000018,0.04253398641070234,0.05999999999981753,0.07071067811864822,66.9,15.7,0.5,17.0,0.09443278168048502,0.4525150091673548,30.187137945528146,-1
28.61000000000003,77.19000000000018,0.03428031505090094,0.04999999999981242,0.07280109889282436,80.1,2.0,2.2,15.6,-0.04259572796159318,0.5951319384959658,31.683477861622194,0
28.61000000000003,77.20000000000019,0.02722388657029786,0.0399999999998073,0.07615773105868318,60.2,1.9,4.6,33.4,-0.10686668887476909,0.4735257331109779,30.255383127504082,0
28.61000000000003,77.21000000000019,0.02251976909286743,0.029999999999802185,0.08062257748305274,74.2,12.1,1.1,12.7,-0.04048513438277936,0.45131331461147245,30.686206428743006,0
28.61000000000003,77.2200000000002,0.02175178153623043,0.01999999999979707,0.08602325267051446,71.2,1.5,23.6,3.8,-0.2874560578381938,0.43560935486611285,32.0771065860243,-1
28.61000000000003,77.2300000000002,0.02528121832515054,0.009999999999791953,0.09219544457303577,58.3,1.6,36.2,4.0,-0.1328734354088116,0.4649238076917588,30.635749708709238,0
28.61000000000003,77.24000000000021,0.031703942972573056,2.1316282072803006e-13,0.09899494936624016,65.5,2.0,28.3,4.3,-0.10060672706706743,0.5045099068166607,31.047807345680773,0
28.61000000000003,77.25000000000021,0.03963760840429965,0.010000000000218279,0.10630145812748477,58.2,1.9,36.3,3.6,-0.08585199157953434,0.3741130680043912,31.157124774435285,0
28.61000000000003,77.26000000000022,0.048343975839987056,0.020000000000223395,0.1140175425100653,73.2,3.1,4.0,19.7,-0.08564056364013842,0.557551114459853,31.395931853077208,0
28.61000000000003,77.27000000000022,0.05747295015937587,0.03000000000022851,0.12206555615750048,71.7,11.0,1.6,15.7,0.13904384738046957,0.4244981256896134,31.0203003616627,0
28.61000000000003,77.28000000000023,0.06685162675677503,0.040000000000233626,0.13038404810422732,67.7,14.0,2.7,15.7,0.05056825686163162,0.4232949858941433,30.94757141032402,0
28.61000000000003,77.29000000000023,0.07638808807682268,0.05000000000023874,0.1389244398946824,84.7,10.2,0.3,4.8,-0.07008213630640145,0.5329885325168238,32.552798701710046,6
28.61000000000003,77.30000000000024,0.08602987853087951,0.06000000000024386,0.14764823060252769,64.1,6.5,0.9,28.5,-0.008721630078908166,0.4594343409865974,30.778281510574118,0
28.61000000000003,77.31000000000024,0.09574518264666664,0.07000000000024897,0.1565247584251877,59.5,12.5,0.9,27.0,0.03207383603855769,0.4861680578686544,30.649640432448393,0
28.61000000000003,77.32000000000025,0.10551369579371878,0.08000000000025409,0.16552945357267915,69.1,24.5,1.4,5.0,0.06800446939905971,0.41624030753923535,31.122418107094717,0
28.61000000000003,77.33000000000025,0.1153218973138038,0.0900000000002592,0.17464249196594833,65.2,23.1,5.1,6.7,0.12234027766661784,0.37268339468494,31.0608538755699,0
28.61000000000003,77.34000000000026,0.12516045701443324,0.10000000000026432,0.18384776310872838,69.3,8.0,4.3,18.3,-0.001492436840819844,0.311887522655077,31.5266060618711,-1
28.620000000000033,76.84,0.3768754966829217,0.3999999999999915,0.3354101966249608,11.2,77.3,0.3,11.3,0.6469252212223858,-0.0030906664452347715,28.1234560201055,0
28.620000000000033,76.85000000000001,0.36688028020049696,0.38999999999998636,0.3255764119219813,5.0,58.2,0.4,36.4,0.3350163873249139,-0.034977851084169606,27.428588452725666,-1
28.620000000000033,76.86000000000001,0.3568853317243392,0.37999999999998124,0.31575306807692083,24.5,65.3,0.9,9.3,0.5201039005606753,0.08959324628608845,29.259806675241457,0
28.620000000000033,76.87000000000002,0.34689067442061383,0.3699999999999761,0.30594117081554384,5.5,88.2,0.8,5.5,0.764295232763446,-0.09999053629300923,26.841918212581568,0
28.620000000000033,76.88000000000002,0.3368963342038396,0.359999999999971,0.2961418578991885,15.3,57.0,1.9,25.9,0.5073843289504023,0.0509607009385734,28.484408641710427,0
28.620000000000033,76.89000000000003,0.3269023401567848,0.3499999999999659,0.28635642126549343,7.1,60.5,4.7,27.7,0.38319662367767826,0.06646456271512598,27.63995298408123,0
28.620000000000033,76.90000000000003,0.31690872502974654,0.3399999999999608,0.2765863337187478,15.8,67.9,6.5,9.9,0.5038023863683238,0.03395198787835557,28.098021735794415,0
28.620000000000033,76.91000000000004,0.30691552583728476,0.32999999999995566,0.2668332812824826,21.4,46.0,2.1,30.6,0.3115467235766328,0.15061811976667647,28.90047211424265,-1
28.620000000000033,76.92000000000004,0.29692278457534155,0.31999999999995055,0.2570992026435996,23.4,51.3,3.6,21.7,0.3954759368291143,0.027883644516139297,28.850769516816044,0
28.620000000000033,76.93000000000005,0.2869305490880547,0.30999999999994543,0.24738633753700523,28.8,64.2,1.6,5.4,0.46956854512359064,0.06739241197576618,28.805051286208556,0
28.620000000000033,76.94000000000005,0.27693887412201756,0.2999999999999403,0.23769728648003471,43.0,46.7,0.5,9.8,0.28453032143804136,0.13335869708350873,30.176946543620232,0
28.620000000000033,76.95000000000006,0.2669478226170219,0.2899999999999352,0.2280350850197629,30.6,48.0,1.5,19.9,0.34285881862924455,0.09700311101647988,29.1988580598479,0
28.620000000000033,76.96000000000006,0.25695746729754226,0.2799999999999301,0.21840329667834574,25.9,56.1,1.6,16.4,0.3880248966921268,0.07914287826940851,28.547012591445586,0
28.620000000000033,76.97000000000007,0.24696789264996818,0.26999999999992497,0.20880613017813612,41.8,50.2,2.8,5.2,0.3799094765342621,0.24757087239883618,29.74613449323509,0
28.620000000000033,76.98000000000008,0.23697919739919182,0.25999999999991985,0.19924858845163282,42.9,42.8,0.5,13.9,0.24472163065770633,0.23296953921810715,30.03982615355323,0
28.620000000000033,76.99000000000008,0.22699149763804866,0.24999999999991473,0.18973665961001782,22.6,45.2,0.9,31.2,0.2556845171976032,0.16336342208025278,28.174287001522416,0
28.620000000000033,77.00000000000009,0.2170049308194714,0.23999999999990962,0.1802775637731096,40.8,40.9,0.9,17.4,0.3338720109112481,0.256421338595316,29.71879094401584,0
28.620000000000033,77.01000000000009,0.20701966090196144,0.2299999999999045,0.17088007490625592,43.0,34.3,6.0,16.6,0.3223263806902216,0.21376598493303622,29.968677280246357,0
28.620000000000033,77.0200000000001,0.19703588505641007,0.2199999999998994,0.16155494421393568,37.1,41.4,1.2,20.4,0.3637135613361621,0.12547950960951598,29.150309157410916,0
28.620000000000033,77.0300000000001,0.18705384251589907,0.20999999999989427,0.15231546211717414,54.8,26.4,2.7,16.0,0.13400372035257374,0.24470085896289093,30.81794431574672,0
28.620000000000033,77.0400000000001,0.17707382641136696,0.19999999999988916,0.14317821063265515,44.4,33.2,2.9,19.5,0.25155635857905895,0.278753553724096,29.607063115574647,0
28.620000000000033,77.05000000000011,0.1670961998369899,0.18999999999988404,0.1341640786498749,45.8,21.8,0.6,31.8,0.06188586088933151,0.377734560999725,30.014879135826682,0
28.620000000000033,77.06000000000012,0.15712141801792592,0.17999999999987892,0.12529964086130044,46.3,28.9,1.7,23.1,0.1855089644526164,0.3400374889956923,29.738554996948977,0
28.620000000000033,77.07000000000012,0.14715005946300047,0.1699999999998738,0.11661903789678654,51.5,20.7,4.6,23.3,0.05710986165400091,0.30944760758444506,30.152880432881645,0
28.620000000000033,77.08000000000013,0.13718287065069582,0.1599999999998687,0.10816653826379766,44.3,20.4,1.4,33.9,0.14642520589700556,0.39867477664375034,29.386953365643308,0
28.620000000000033,77.09000000000013,0.12722083162739783,0.14999999999986358,0.09999999999987637,41.2,29.8,5.9,23.1,0.22437323589619218,0.3767521121735159,28.934065467793765,-1
28.620000000000033,77.10000000000014,0.11726525487103194,0.13999999999985846,0.09219544457280494,75.9,18.4,0.5,5.2,0.16939770555487377,0.46608158796740695,31.7203434407034,-1
28.620000000000033,77.11000000000014,0.10731793885446018,0.12999999999985334,0.08485281374226332,48.2,26.3,0.1,25.3,0.12523474562337505,0.38746398136364507,29.510610234931747,0
28.620000000000033,77.12000000000015,0.09738141506453599,0.11999999999984823,0.0781024967589482,47.7,15.1,4.2,33.1,0.11485168505460004,0.4112577802254189,29.64739473436276,0
28.620000000000033,77.13000000000015,0.08745936199157539,0.10999999999984311,0.07211102550916887,39.2,23.0,3.6,34.2,0.13232325309640441,0.29111422032774426,28.653395852289055,-1
28.620000000000033,77.14000000000016,0.07755733363116356,0.099999999999838,0.06708203932489455,51.7,16.6,8.7,23.0,0.05316942346171741,0.3388709092034766,29.913610035246162,-1
28.620000000000033,77.15000000000016,0.06768411925982348,0.08999999999983288,0.06324555320328536,54.5,18.2,2.3,25.0,0.08064969200482801,0.29184609231620945,29.623546012387163,-1
28.620000000000033,77.16000000000017,0.05785447260135217,0.07999999999982776,0.060827625302922204,82.4,1.9,5.4,10.3,0.002000658075174383,0.5154618709333125,32.2690984891591,0
28.620000000000033,77.17000000000017,0.04809511409679172,0.06999999999982265,0.05999999999996675,85.5,4.5,3.7,6.2,-0.06609683574468771,0.5221584270517214,31.99399945376223,0
28.620000000000033,77.18000000000018,0.038459589181196706,0.05999999999981753,0.06082762530297827,66.1,9.1,3.8,21.0,-0.02215309309422869,0.4420636303104746,30.47101573650205,0
28.620000000000033,77.19000000000018,0.029071291680791148,0.04999999999981242,0.0632455532033932,91.6,1.9,1.6,4.8,-0.18618510489150603,0.5596709267733025,32.850308811763064,-1
28.620000000000033,77.20000000000019,0.02027658748391985,0.0399999999998073,0.06708203932504708,83.4,1.9,0.9,13.7,-0.09025240323490234,0.42601513748862213,31.968973652586705,0
28.620000000000033,77.21000000000019,0.013309395177718565,0.029999999999802185,0.07211102550935806,75.4,2.0,5.6,17.0,-0.06878190360209085,0.5551514768989857,31.0736752173366,0
28.620000000000033,77.2200000000002,0.011964113005171171,0.01999999999979707,0.07810249675916654,43.0,19.4,33.5,4.1,0.03648761111197247,0.3767543418032167,28.66638805165412,-1
28.620000000000033,77.2300000000002,0.017582377541292257,0.009999999999791953,0.08485281374250449,75.2,1.6,19.3,4.0,-0.13599275993407223,0.5361515607993008,32.38356219538628,-1
28.620000000000033,77.24000000000021,0.025983456275268216,2.1316282072803006e-13,0.0921954445730639,55.7,1.8,37.9,4.6,-0.17636192880758642,0.3996327268117097,29.95430467570911,-1
28.620000000000033,77.25000000000021,0.0352298169171118,0.010000000000218279,0.10000000000014922,46.5,9.3,40.1,4.1,-0.04553252976516091,0.41134928782755137,29.400391535612464,0
28.620000000000033,77.26000000000022,0.04480111605772632,0.020000000000223395,0.10816653826408143,78.3,4.7,1.2,15.9,0.013358954839855788,0.5125305011907277,31.780376125095728,7
28.620000000000033,77.27000000000022,0.054526507315458175,0.03000000000022851,0.116619037897079,86.4,8.9,0.1,4.6,-0.09399261515545095,0.5384241348125264,32.647967112260545,6
28.620000000000033,77.28000000000023,0.06433614847057421,0.040000000000233626,0.12529964086159986,81.7,2.0,4.3,12.0,-0.04254913740939182,0.6,32.117227318346174,-1
28.620000000000033,77.29000000000023,0.07419663065148599,0.05000000000023874,0.13416407865017996,70.7,15.7,1.2,12.4,0.08526732735135469,0.42467655027927753,31.10304546911709,0
28.620000000000033,77.30000000000024,0.08409007075772082,0.06000000000024386,0.14317821063296482,68.3,16.4,1.8,13.6,0.17024308105712005,0.4319762748373323,31.032468079923554,0
28.620000000000033,77.31000000000024,0.09400606363444947,0.07000000000024897,0.15231546211748764,73.8,12.7,0.3,13.2,0.06621775924512863,0.4146819248787124,31.40079868848106,0
28.620000000000033,77.32000000000025,0.10393815468849751,0.08000000000025409,0.16155494421425234,64.3,17.6,0.0,18.1,0.10612897905530892,0.4509838159738783,30.97055520398429,0
28.620000000000033,77.33000000000025,0.11388213204913279,0.0900000000002592,0.17088007490657525,56.8,25.9,0.5,16.8,0.15148486266124392,0.37603683358047124,30.340686621075598,0
28.620000000000033,77.34000000000026,0.12383513233352804,0.10000000000026432,0.1802775637734312,56.8,29.0,2.5,11.7,0.16104286671229823,0.3362280273569146,30.19019146106685,0
28.630000000000035,76.84,0.37670298644953637,0.3999999999999915,0.3337663853655658,5.1,67.6,0.2,27.0,0.5510099756547759,-0.07535654414528203,27.783794345141146,0
28.630000000000035,76.85000000000001,0.36670306789007895,0.38999999999998636,0.3238826948140208,5.2,83.1,5.0,6.7,0.710335063635402,-0.13406516644236563,27.13110861465757,0
28.630000000000035,76.86000000000001,0.3567031538968955,0.37999999999998124,0.3140063693621343,5.4,65.5,0.4,28.7,0.49802481537261434,-0.1028629318905867,27.725753370657525,0
28.630000000000035,76.87000000000002,0.34670324486509924,0.3699999999999761,0.3041381265148884,5.1,72.7,0.5,21.7,0.6188942950932288,-0.08295513310382636,26.866612501993217,0
28.630000000000035,76.88000000000002,0.3367033412367419,0.359999999999971,0.2942787793912155,11.3,65.5,0.4,22.9,0.6336605648168845,0.04186836972917062,27.993921095693537,-1
28.630000000000035,76.89000000000003,0.3267034435079969,0.3499999999999659,0.28442925306652483,5.0,66.9,0.0,28.0,0.5056429452410159,0.0002880902129034739,27.33179535551545,0
28.630000000000035,76.90000000000003,0.31670355223770413,0.3399999999999608,0.2745906043548814,5.7,76.3,3.0,15.0,0.5916500813794661,-0.05641560193949822,27.107296250483024,0
28.630000000000035,76.91000000000004,0.30670366805758564,0.32999999999995566,0.26476404589743113,21.3,61.6,4.3,12.9,0.44979415810381757,0.13011495454591587,28.51103798466765,0
28.630000000000035,76.92000000000004,0.29670379168452726,0.31999999999995055,0.25495097567959063,36.3,47.5,2.0,14.2,0.3341871470643496,0.18662648746650617,29.84909205226321,0
28.630000000000035,76.93000000000005,0.28670392393543076,0.30999999999994543,0.2451530134425714,30.7,48.5,0.4,20.4,0.3976552646988175,0.12074225812219196,29.424249212092068,0
28.630000000000035,76.94000000000005,0.27670406574528567,0.2999999999999403,0.23537204591873734,9.4,63.4,0.7,26.5,0.47495273184037945,-0.02379676046332462,27.242840607279323,0
28.630000000000035,76.95000000000006,0.26670421818930734,0.2899999999999352,0.2256102834535053,16.4,63.3,1.3,19.0,0.47915890411556766,0.02111425165442938,27.74527684080574,0
28.630000000000035,76.96000000000006,0.2567043825102489,0.2799999999999301,0.2158703314491596,37.6,51.3,6.1,4.9,0.3492175167169605,0.13379024983497334,29.58647650308502,0
28.630000000000035,76.97000000000007,0.24670456015235487,0.26999999999992497,0.2061552812808084,20.1,42.4,0.5,37.0,0.30605287502707773,0.19594907475113948,28.27784721232176,0
28.630000000000035,76.98000000000008,0.23670475280392195,0.25999999999991985,0.19646882704380522,29.2,63.5,2.5,4.8,0.44634018057913155,0.09117235913650949,28.5077743340924,0
28.630000000000035,76.99000000000008,0.22670496245112262,0.24999999999991473,0.18681541692260914,38.1,41.8,1.1,19.0,0.21489263177400753,0.18931634462702665,29.59611695860319,0
28.630000000000035,77.00000000000009,0.21670519144673078,0.23999999999990962,0.17720045146660351,27.2,55.0,0.7,17.1,0.4173835995418497,0.09251980982830883,28.24591868165909,0
28.630000000000035,77.01000000000009,0.20670544259879509,0.2299999999999045,0.16763054614230707,35.2,33.5,1.1,30.2,0.30046922357071515,0.2732620864411206,29.45277866216389,0
28.630000000000035,77.0200000000001,0.19670571928635808,0.2199999999998994,0.15811388300831897,29.7,49.6,0.2,20.5,0.3319027966816661,0.19164710540264907,28.246078161631807,0
28.630000000000035,77.0300000000001,0.18670602561236058,0.20999999999989427,0.1486606874730802,32.7,39.0,2.9,25.5,0.1989397431436356,0.11092991740948535,28.914407087115304,-1
28.630000000000035,77.0400000000001,0.17670636660846034,0.19999999999988916,0.13928388277173162,48.2,42.2,0.6,9.1,0.3755821010329697,0.2250393748108944,29.77598187616218,0
28.630000000000035,77.05000000000011,0.1667067485135618,0.18999999999988404,0.12999999999988587,30.4,43.8,2.6,23.3,0.29647803488599245,0.17677457132005034,28.253594042325073,0
28.630000000000035,77.06000000000012,0.15670717915897947,0.17999999999987892,0.1208304597358273,54.7,35.6,0.1,9.5,0.26762791412465936,0.31350691902912814,30.16332827807111,0
28.630000000000035,77.07000000000012,0.14670766851110836,0.1699999999998738,0.11180339887486715,54.8,26.4,6.7,12.1,0.1011517089005625,0.3380496217158987,30.12027200962757,0
28.630000000000035,77.08000000000013,0.13670822945223968,0.1599999999998687,0.10295630140974428,59.8,19.0,0.4,20.8,0.07148852836766208,0.40475999579032396,30.704335886299486,0
28.630000000000035,77.09000000000013,0.12670887893106536,0.14999999999986358,0.09433981132043769,58.0,25.1,4.4,12.6,0.1959277193250401,0.33665204300279267,30.364047976123242,0
28.630000000000035,77.10000000000014,0.11670963970456233,0.13999999999985846,0.0860232526702964,68.6,23.3,3.2,4.9,0.11623862344720988,0.34900695223732875,31.28816112407783,0
28.630000000000035,77.11000000000014,0.10671054305911075,0.12999999999985334,0.07810249675893682,56.7,15.4,6.5,21.4,0.045760109624819106,0.4323097549992784,30.469703160414866,0
28.630000000000035,77.12000000000015,0.0967116332194432,0.11999999999984823,0.07071067811852765,55.8,25.9,1.3,17.0,0.05867030110187983,0.37869529944922414,29.95538813852828,0
28.630000000000035,77.13000000000015,0.08671297480754594,0.10999999999984311,0.06403124237420756,63.2,25.2,2.6,9.0,0.16615167359749236,0.3961916866084526,30.467239660607053,0
28.630000000000035,77.14000000000016,0.0767146661335125,0.099999999999838,0.05830951894834331,68.8,3.1,0.9,27.2,-0.11139410615374841,0.5323895407053459,31.287739923609102,0
28.630000000000035,77.15000000000016,0.0667168644345542,0.08999999999983288,0.053851648071253186,73.6,3.5,0.4,22.5,-0.012514979971318757,0.4547136219872433,31.17652094425376,0
28.630000000000035,77.16000000000017,0.05671983779932099,0.07999999999982776,0.05099019513586127,75.3,7.3,1.3,16.1,-0.024180938645534562,0.46402824435816514,31.14738675469285,0
28.630000000000035,77.17000000000017,0.04672408372546311,0.06999999999982265,0.04999999999996518,68.8,11.2,0.4,19.6,0.015360956088110778,0.5063933314967872,30.503095065187534,0
28.630000000000035,77.18000000000018,0.036730641159488306,0.05999999999981753,0.05099019513592816,67.3,2.0,8.2,22.5,-0.04337290904743404,0.509711656143382,30.661640450315435,0
28.630000000000035,77.19000000000018,0.02674210163749869,0.04999999999981242,0.05385164807137985,66.9,18.4,0.2,14.5,0.08436347245216488,0.4115083628233559,29.951788273191067,-1
28.630000000000035,77.20000000000019,0.016767229943962972,0.0399999999998073,0.05830951894851878,91.5,1.9,1.7,4.9,0.003022670778471445,0.5524053624583785,32.59587928068438,-1
28.630000000000035,77.21000000000019,0.006865857557315884,0.029999999999802185,0.06403124237442062,71.0,2.1,2.1,24.7,-0.003098070057082264,0.5658949397585442,30.480159291395264,0
28.630000000000035,77.2200000000002,0.0036249137922410458,0.01999999999979707,0.0707106781187688,64.2,1.8,29.6,4.4,-0.14466219468135671,0.39507830487318873,30.557638310192957,0
28.630000000000035,77.2300000000002,0.013384319183477796,0.009999999999791953,0.07810249675919884,55.2,1.6,39.2,3.9,-0.09413560006282609,0.4723036481409472,30.27888727630631,0
28.630000000000035,77.24000000000021,0.023348233338080393,2.1316282072803006e-13,0.08602325267057394,63.6,1.5,31.1,3.8,-0.044673255970979424,0.4799694321997247,31.33955309756313,0
28.630000000000035,77.25000000000021,0.03333376666405839,0.010000000000218279,0.0943398113207269,62.5,1.8,31.3,4.4,-0.1309301481006752,0.41587419038961637,30.705616069944895,0
28.630000000000035,77.26000000000022,0.043325973734222485,0.020000000000223395,0.10295630141004242,84.7,9.6,0.7,5.1,-0.09200303797261244,0.5869320589494448,31.986961945427776,-1
28.630000000000035,77.27000000000022,0.05332110276450954,0.03000000000022851,0.1118033988751722,61.6,7.8,5.5,25.0,-0.06781022893776915,0.3112696805991011,30.369345596968977,-1
28.630000000000035,77.28000000000023,0.06331777001781129,0.040000000000233626,0.12083045973613779,62.4,30.6,2.6,4.4,0.1696417296906684,0.3402627375049347,30.413587990202814,0
28.630000000000035,77.29000000000023,0.07331534627916385,0.05000000000023874,0.13000000000020068,52.4,29.8,6.6,11.2,-0.03503015718671951,0.3346230945911855,29.57241738246103,-1
28.630000000000035,77.30000000000024,0.08331350430776015,0.06000000000024386,0.13928388277204992,80.3,5.3,0.1,14.3,-0.1079944826482274,0.46564696372897935,32.389665472977605,-1
28.630000000000035,77.31000000000024,0.09331205709898821,0.07000000000024897,0.1486606874734014,49.1,18.2,0.7,32.1,-0.025126763459727655,0.3701630147183081,29.529291699576152,-1
28.630000000000035,77.32000000000025,0.10331089003609789,0.08000000000025409,0.15811388300864254,63.3,25.1,0.4,11.1,0.18323361340642416,0.35317589227682855,30.566001264204427,0
28.630000000000035,77.33000000000025,0.11330992895618984,0.0900000000002592,0.16763054614263262,63.5,31.5,0.0,5.0,0.2300739413326493,0.38240246573066705,30.60597934955696,0
28.630000000000035,77.34000000000026,0.1233091237502849,0.10000000000026432,0.17720045146693073,55.7,7.1,0.5,36.7,-0.022171815531980943,0.6,30.749990457816658,-1
28.640000000000036,76.84,0.37679588638943545,0.3999999999999915,0.33241540277188714,5.0,60.2,2.3,32.6,0.446800593706069,0.030929687489460764,27.867447079652056,0
28.640000000000036,76.85000000000001,0.36679850054218677,0.38999999999998636,0.32249030993193073,5.2,66.3,0.5,28.0,0.523940342063472,0.014302382968927815,27.779180559224194,0
28.640000000000036,76.86000000000001,0.35680126120852357,0.37999999999998124,0.31256999216173914,9.4,77.8,1.5,11.4,0.5502832405251914,-0.10955779731015282,27.761996645080465,0
28.640000000000036,76.87000000000002,0.34680418105897987,0.3699999999999761,0.3026549190084094,9.8,78.1,4.7,7.5,0.6655444497706828,-0.05036004925103478,27.672589908276667,0
28.640000000000036,76.88000000000002,0.33680727426821794,0.359999999999971,0.292745623366062,21.8,70.9,2.3,4.9,0.5427510644110717,-0.007750582574157141,28.732030467488364,-1
28.640000000000036,76.89000000000003,0.3268105567450104,0.3499999999999659,0.28284271247458687,37.3,49.1,1.0,12.5,0.3877799635129815,0.20534053842639446,30.25635240988659,0
28.640000000000036,76.90000000000003,0.316814046405744,0.3399999999999608,0.27294688127908623,11.3,46.8,1.0,41.0,0.36502076832323194,0.02859803353414711,28.138345016586992,0
28.640000000000036,76.91000000000004,0.30681776350136314,0.32999999999995566,0.2630589287592755,5.2,74.1,1.3,19.4,0.5936057234148635,-0.10857555234483124,27.00318941930137,0
28.640000000000036,76.92000000000004,0.2968217310103425,0.31999999999995055,0.2531797780233954,19.7,51.9,0.4,28.0,0.38274589944505855,0.15860096563479859,28.522949884915285,0
28.640000000000036,76.93000000000005,0.28682597511378566,0.30999999999994543,0.2433105012118757,45.7,30.5,1.9,21.8,0.18642199221941702,0.2950994097040248,31.06494557791807,-1
28.640000000000036,76.94000000000005,0.276830525773391,0.2999999999999403,0.2334523505985167,18.1,63.0,1.0,17.9,0.46385115400927546,0.1054912306360454,27.895253625106044,0
28.640000000000036,76.95000000000006,0.2668354174392342,0.2899999999999352,0.22360679774991543,40.9,50.8,3.6,4.7,0.38134783668920397,0.1868872322080134,30.044649311812943,0
28.640000000000036,76.96000000000006,0.25684068992270076,0.2799999999999301,0.21377558326425072,42.7,41.4,2.7,13.2,0.28291046041539186,0.24658895653468924,30.30594131612913,0
28.640000000000036,76.97000000000007,0.24684638948132828,0.26999999999992497,0.20396078054363737,27.1,49.5,2.0,21.4,0.3211489568482747,0.1183248308620102,28.560296788236915,0
28.640000000000036,76.98000000000008,0.2368525701780889,0.25999999999991985,0.19416487838939672,39.1,43.6,0.9,16.4,0.3228857364326755,0.18961863201881762,29.59958244868355,0
28.640000000000036,76.99000000000008,0.2268592955996418,0.24999999999991473,0.18439088914577326,49.4,34.7,0.5,15.4,0.22632500114599163,0.32292087290601745,30.61628922065518,-1
28.640000000000036,77.00000000000009,0.21686664104920556,0.23999999999990962,0.17464249196564013,32.9,32.0,3.0,32.1,0.24848940939219055,0.23153822290432197,29.171527038597166,0
28.640000000000036,77.01000000000009,0.20687469637431374,0.2299999999999045,0.16492422502461157,36.7,34.5,1.3,27.5,0.11997916083211274,0.2967767722384302,29.323300729039726,0
28.640000000000036,77.0200000000001,0.19688356965466733,0.2199999999998994,0.15524174696250023,34.7,43.1,0.5,21.7,0.28971102852326336,0.183107318109745,28.90225045211659,0
28.640000000000036,77.0300000000001,0.18689339207142713,0.20999999999989427,0.14560219778550526,28.8,36.3,0.4,34.5,0.19045485368700135,0.1459180282827658,28.64471254374448,-1
28.640000000000036,77.0400000000001,0.17690432442414833,0.19999999999988916,0.1360147050872443,35.0,33.5,0.3,31.2,0.17561886277895825,0.1739621772539151,29.069452136557906,0
28.640000000000036,77.05000000000011,0.1669165659842206,0.18999999999988404,0.12649110640662012,35.6,27.7,3.1,33.6,0.1772874013794951,0.2597131995552466,28.916120775709786,0
28.640000000000036,77.06000000000012,0.1569303667234778,0.17999999999987892,0.11704699910707644,46.5,26.0,0.5,27.0,0.062196975258183365,0.35528699095787725,29.906132643220523,0
28.640000000000036,77.07000000000012,0.14694604451963308,0.1699999999998738,0.10770329614256574,44.6,12.2,1.6,41.6,0.01645678231249527,0.33954540259591065,29.72310429356159,-1
28.640000000000036,77.08000000000013,0.13696400987108603,0.1599999999998687,0.09848857801783252,55.0,25.5,1.2,18.3,0.13102197811973898,0.37408932431961095,30.27098386498628,0
28.640000000000036,77.09000000000013,0.12698480224014258,0.14999999999986358,0.08944271909985939,40.9,40.6,1.8,16.7,0.21290252110346874,0.22473676231587586,28.651143085989094,0
28.640000000000036,77.10000000000014,0.11700914494162193,0.13999999999985846,0.08062257748285048,58.6,7.6,4.1,29.7,-0.02369635514543788,0.4681104888008801,30.785531025198136,0
28.640000000000036,77.11000000000014,0.10703803062449843,0.12999999999985334,0.07211102550914326,68.0,11.5,4.1,16.5,-0.034577658771310554,0.43201564136232246,31.240855389895373,0
28.640000000000036,77.12000000000015,0.09707285923456076,0.11999999999984823,0.06403124237419258,41.4,25.5,1.2,31.9,0.2393741860527291,0.3058504975186993,28.74922308780518,-1
28.640000000000036,77.13000000000015,0.08711567023202446,0.10999999999984311,0.056568542494791964,69.0,24.1,0.0,6.9,0.17699833172591467,0.43343715875282857,30.7891191940147,0
28.640000000000036,77.14000000000016,0.07716955358155847,0.099999999999838,0.04999999999987779,73.2,4.7,1.1,21.1,-0.05433700202375513,0.4952414280705895,31.729925405327553,0
28.640000000000036,77.15000000000016,0.06723942295989324,0.08999999999983288,0.044721359549891565,56.6,8.5,1.9,32.9,-0.04508742626954358,0.40105726100328365,29.937270399745305,0
28.640000000000036,77.16000000000017,0.05733358527060747,0.07999999999982776,0.04123105625610119,88.6,2.1,1.7,7.6,-0.055897483113236904,0.46441273062507377,32.46637710250976,-1
28.640000000000036,77.17000000000017,0.04746725186889192,0.06999999999982265,0.03999999999996362,71.9,5.3,2.0,20.7,-0.013926204109290768,0.5162766248227723,31.274600413773932,0
28.640000000000036,77.18000000000018,0.03767147461923719,0.05999999999981753,0.04123105625618391,65.9,22.5,0.3,11.2,0.11522662948938193,0.3466172703064027,30.188584981211708,-1
28.640000000000036,77.19000000000018,0.028020349747835877,0.04999999999981242,0.044721359550044096,74.3,4.3,2.1,19.3,-0.1120573768187218,0.4753725441473291,31.129206370262057,0
28.640000000000036,77.20000000000019,0.01873872994614268,0.0399999999998073,0.05000000000008242,77.8,1.9,0.4,19.9,-0.09337938831014582,0.4703571352224185,31.58925436535177,0
28.640000000000036,77.21000000000019,0.010823123393830804,0.029999999999802185,0.05656854249503313,73.8,1.9,2.6,21.8,-0.07899934627722054,0.5003957619194322,31.228093604797113,0
28.640000000000036,77.2200000000002,0.009118113840148923,0.01999999999979707,0.0640312423744589,57.7,1.4,37.4,3.5,-0.07288624912703988,0.5709771957523533,30.986468905314098,0
28.640000000000036,77.2300000000002,0.01578416928463287,0.009999999999791953,0.07211102550942704,55.3,1.6,39.0,4.1,-0.06993184244291156,0.4755019555003809,30.180754112551227,0
28.640000000000036,77.24000000000021,0.024802016047293107,2.1316282072803006e-13,0.0806225774831466,60.2,5.7,30.1,3.9,-0.01215838824025376,0.4198930921073242,30.79077132110895,0
28.640000000000036,77.25000000000021,0.034367717410596625,0.010000000000218279,0.08944271910016445,50.7,8.0,37.0,4.3,0.03908601443600576,0.38928483037518824,29.66823366063842,0
28.640000000000036,77.26000000000022,0.0441264093261538,0.020000000000223395,0.09848857801814419,70.1,5.7,2.4,21.7,0.001928185334801373,0.40986351250268144,30.94747787841656,0
28.640000000000036,77.27000000000022,0.05397351202232557,0.03000000000022851,0.1077032961428824,61.3,2.3,0.5,35.9,-0.04978400771464088,0.415869403802471,30.355137088358514,0
28.640000000000036,77.28000000000023,0.06386814542500181,0.040000000000233626,0.11704699910739697,63.1,23.2,3.3,10.3,0.045914800444357015,0.30882416403495455,30.07532593779603,-1
28.640000000000036,77.29000000000023,0.0737911918865283,0.05000000000023874,0.1264911064069437,79.4,13.4,2.0,5.1,0.07991716178413552,0.4847166041580666,31.74613749669613,-1
28.640000000000036,77.30000000000024,0.0837325504212066,0.06000000000024386,0.1360147050875703,71.6,5.7,1.7,21.0,-0.007759682394651142,0.5086355949635457,31.593745969388046,7
28.640000000000036,77.31000000000024,0.09368639175486253,0.07000000000024897,0.14560219778583322,62.6,20.3,0.8,16.3,0.06991043607679953,0.3901799234920539,30.7906599695445,0
28.640000000000036,77.32000000000025,0.10364911962989096,0.08000000000025409,0.15524174696282977,53.9,19.0,1.5,25.6,0.07248695154780778,0.38519203453765233,29.704934526754624,0
28.640000000000036,77.33000000000025,0.11361839639801966,0.0900000000002592,0.16492422502494244,55.0,14.8,1.8,28.3,0.03647904856850892,0.3526898454827316,30.209886684243507,0
28.640000000000036,77.34000000000026,0.123592637321419,0.10000000000026432,0.17464249196597212,65.0,11.8,1.2,21.9,-0.015691116221516224,0.37858615828027115,31.334639759080503,-1
28.650000000000038,76.84,0.37715400037650554,0.3999999999999915,0.33136083051561266,6.0,60.7,2.4,30.9,0.3588982731431998,-0.043230841217718266,28.050949365910864,-1
28.650000000000038,76.85000000000001,0.36716636556198523,0.38999999999998636,0.3214031735997536,28.1,66.1,1.1,4.7,0.4390728678326231,-0.006146303573184818,29.69475567908176,-1
28.650000000000038,76.86000000000001,0.35717942269956404,0.37999999999998124,0.3114482300479332,12.8,56.5,0.5,30.2,0.36317463572510944,0.07383373530255719,28.464749828788097,0
28.650000000000038,76.87000000000002,0.34719323150083226,0.3699999999999761,0.30149626863360596,12.3,57.6,0.5,29.6,0.3200084938453711,0.1495849174767426,28.327115467335926,0
28.650000000000038,76.88000000000002,0.33720785874588893,0.359999999999971,0.29154759474223907,9.6,51.9,0.0,38.4,0.31143668656037954,0.016936297995447998,28.10953267698966,0
28.650000000000038,76.89000000000003,0.32722337936031476,0.3499999999999659,0.2816025568065433,15.9,63.8,0.7,19.6,0.5312599707454202,0.01160270940843737,28.28186136148205,0
28.650000000000038,76.90000000000003,0.31723987769506806,0.3399999999999608,0.2716615541440861,15.0,61.9,2.8,20.3,0.48139591697295586,0.04564466896330626,28.149855990900637,0
28.650000000000038,76.91000000000004,0.30725744905531455,0.32999999999995566,0.2617250465660064,26.3,57.3,3.2,13.1,0.36715075673921543,0.07844959892459848,29.011145247435206,0
28.650000000000038,76.92000000000004,0.297276201536512,0.31999999999995055,0.2517935662402366,28.9,45.4,0.4,25.3,0.2741888221086014,0.17634751002450613,29.451442067488202,0
28.650000000000038,76.93000000000005,0.28729625824221033,0.30999999999994543,0.2418677324489044,15.0,50.5,6.5,27.9,0.41595918129704,0.06373045603314267,28.061096178836934,0
28.650000000000038,76.94000000000005,0.27731775997936536,0.2999999999999403,0.2319482700948067,11.8,65.2,1.5,21.5,0.5470233604126824,-0.024616725558953306,27.39847443231202,0
28.650000000000038,76.95000000000006,0.26734086855542905,0.2899999999999352,0.2220360331116826,7.7,50.0,4.7,37.6,0.3534943997934704,0.06398298183581899,27.326988222539264,-1
28.650000000000038,76.96000000000006,0.2573657708398102,0.2799999999999301,0.21213203435589642,33.7,51.3,2.5,12.5,0.42043988466908155,0.16092807151690647,29.253086572547183,0
28.650000000000038,76.97000000000007,0.24739268380444968,0.26999999999992497,0.20223748416149376,22.4,50.8,2.9,23.9,0.31890479945269756,0.1773246018637301,28.118407606003974,0
28.650000000000038,76.98000000000008,0.23742186082997355,0.25999999999991985,0.1923538406166351,10.5,51.2,0.2,38.1,0.3721679960060414,0.09433176880899077,27.22864561261467,-1
28.650000000000038,76.99000000000008,0.22745359966368184,0.24999999999991473,0.18248287590886297,36.1,49.9,0.5,13.5,0.27538245719876525,0.14619215745822106,29.29338021135639,0
28.650000000000038,77.00000000000009,0.21748825255623755,0.23999999999990962,0.1726267650162318,58.3,36.9,0.0,4.7,0.2138839918575519,0.33193969615516544,31.271590667807306,-1
28.650000000000038,77.01000000000009,0.207526239304733,0.2299999999999045,0.1627882059609029,37.3,35.2,2.4,25.1,0.21820382672472746,0.28590504486027907,29.426055453320963,0
28.650000000000038,77.0200000000001,0.19756806422082754,0.2199999999998994,0.15297058540768413,44.1,33.4,0.8,21.7,0.11634705512912236,0.25013265405900725,30.088336296316733,-1
28.650000000000038,77.0300000000001,0.18761433847114398,0.20999999999989427,0.14317821063265887,45.5,34.9,3.2,16.4,0.24375580602001623,0.2547023501085483,29.72200558836469,0
28.650000000000038,77.0400000000001,0.17766580987901168,0.19999999999988916,0.13341664064115344,43.2,33.4,0.8,22.5,0.23861008163127656,0.2412448491848937,29.59264608249534,0
28.650000000000038,77.05000000000011,0.16772340325656845,0.18999999999988404,0.12369316876841474,50.7,23.5,3.1,22.7,0.16205595357221766,0.37564516527179287,30.524629150584797,0
28.650000000000038,77.06000000000012,0.15778827586346847,0.17999999999987892,0.11401754250979358,41.1,25.9,0.3,32.8,0.24981234486564696,0.2975095285339776,29.583953636996586,0
28.650000000000038,77.07000000000012,0.14786189502358876,0.1699999999998738,0.10440306508898026,54.1,28.5,0.4,17.1,0.1773357174629458,0.24952405344411177,30.200787066126864,0
28.650000000000038,77.08000000000013,0.13794614891314563,0.1599999999998687,0.09486832980492128,50.5,14.6,0.8,34.1,0.02819585617155784,0.39880794150652815,30.397939812188916,0
28.650000000000038,77.09000000000013,0.12804350823047966,0.14999999999986358,0.08544003745304063,45.9,16.1,1.0,37.0,-0.03520415047497222,0.4316817641694172,29.735045682269387,-1
28.650000000000038,77.10000000000014,0.11815726807932844,0.13999999999985846,0.07615773105850031,61.7,6.3,0.8,31.3,-0.02370237841995761,0.5320301053218961,31.23511208385917,-1
28.650000000000038,77.11000000000014,0.10829192028942816,0.12999999999985334,0.06708203932485164,54.5,6.2,2.8,36.5,-0.0162283577295962,0.4085446451901544,30.43761103074321,0
28.650000000000038,77.12000000000015,0.0984537454847384,0.11999999999984823,0.05830951894830919,52.0,9.1,0.2,38.8,-0.0859006135799713,0.37566951579038776,30.014218329344487,0
28.650000000000038,77.13000000000015,0.08865179073191715,0.10999999999984311,0.04999999999985718,60.9,12.9,0.8,25.5,0.004095634001640022,0.5130934037899563,30.851345830876113,0
28.650000000000038,77.14000000000016,0.0788995563991194,0.099999999999838,0.04242640687105629,56.7,8.3,3.7,31.2,-0.02474337036413279,0.5069351860722022,30.099856918195393,-1
28.650000000000038,77.15000000000016,0.06921806122667853,0.08999999999983288,0.0360555127545194,60.7,13.3,0.1,25.9,0.04617627221640301,0.43896513506474405,30.583181487775473,0
28.650000000000038,77.16000000000017,0.05964176389060619,0.07999999999982776,0.03162277660159549,61.6,8.0,5.2,25.2,0.014812070614827526,0.3591903819938802,30.697531410768807,0
28.650000000000038,77.17000000000017,0.05023086700412031,0.06999999999982265,0.029999999999962057,75.7,1.9,8.0,14.4,-0.10972786419055974,0.4872839707381121,31.7900386920067,0
28.650000000000038,77.18000000000018,0.04109914840953071,0.05999999999981753,0.03162277660170334,76.8,8.5,0.2,14.5,-0.013431958565775715,0.4332220657172256,31.385440025530887,0
28.650000000000038,77.19000000000018,0.03248291858795704,0.04999999999981242,0.03605551275470859,72.4,9.3,0.7,17.7,0.012386774111493287,0.5613178146254747,30.98757742971834,0
28.650000000000038,77.20000000000019,0.02492268043359829,0.0399999999998073,0.04242640687129746,88.9,2.1,1.0,8.0,-0.09018896163900536,0.47992100374080593,32.047974058691054,0
28.650000000000038,77.21000000000019,0.019675873551100242,0.029999999999802185,0.05000000000013003,90.0,2.0,3.0,5.0,-0.10307311486810988,0.6,32.36919468359957,0
28.650000000000038,77.2200000000002,0.018792019582863195,0.01999999999979707,0.058309518948601646,58.1,1.4,37.0,3.5,-0.05177102766949693,0.46202375863369544,31.00799606226684,0
28.650000000000038,77.2300000000002,0.022784643951722094,0.009999999999791953,0.0670820393251567,68.6,1.8,25.1,4.5,-0.09268579331350728,0.43691503245624097,31.0412672190126,0
28.650000000000038,77.24000000000021,0.029751302492680605,2.1316282072803006e-13,0.0761577310588138,53.4,1.8,40.4,4.4,-0.14365428407751496,0.5005399217518519,29.92417279291583,0
28.650000000000038,77.25000000000021,0.03809383152185436,0.010000000000218279,0.08544003745335998,51.6,1.7,42.6,4.2,-0.01604788353075992,0.47777470779997955,29.995534077553227,0
28.650000000000038,77.26000000000022,0.04708651611682554,0.020000000000223395,0.09486832980524484,68.1,3.8,3.6,24.6,-0.1201145828498964,0.421988866783102,30.828478556913577,0
28.650000000000038,77.27000000000022,0.056419322931287666,0.03000000000022851,0.10440306508930694,59.5,8.3,2.3,29.9,-0.030025327113454035,0.4357378470668258,30.32833480801127,0
28.650000000000038,77.28000000000023,0.06594800982615,0.040000000000233626,0.11401754251012262,63.2,7.0,1.7,28.1,-0.020911822026804923,0.5233784195598666,30.676605257598187,0
28.650000000000038,77.29000000000023,0.07559854495977576,0.05000000000023874,0.12369316876874561,66.5,2.3,4.5,26.8,-0.05653958759491765,0.4675048238602748,30.991415871539466,0
28.650000000000038,77.30000000000024,0.08532959627257533,0.06000000000024386,0.13341664064148576,68.8,9.2,2.4,19.6,-0.008719159664117931,0.5443864238186052,31.158937286269275,0
28.650000000000038,77.31000000000024,0.09511645493838787,0.07000000000024897,0.14317821063299235,59.8,18.2,0.4,21.6,-0.08330629053403085,0.3511608574941424,30.408841520061365,0
28.650000000000038,77.32000000000025,0.1049435086132165,0.08000000000025409,0.15297058540801856,71.2,18.1,1.3,9.5,0.027774315508833115,0.34199868108562326,31.031341731004012,-1
28.650000000000038,77.33000000000025,0.11480043553949752,0.0900000000002592,0.16278820596123814,55.1,20.4,1.3,23.2,0.09841451742417173,0.3655607858548755,30.29132811649597,0
28.650000000000038,77.34000000000026,0.12468015078618011,0.10000000000026432,0.17262676501656768,36.0,23.2,0.1,40.7,0.10334533958618729,0.21896786501610904,28.642357625913974,-1
28.66000000000004,76.84,0.37777657418109184,0.3999999999999915,0.3306055050963267,4.8,76.3,5.9,13.1,0.6122833150082951,-0.06085563550494946,27.162423212181533,0
28.66000000000004,76.85000000000001,0.3678058455217892,0.38999999999998636,0.3206243908376187,4.9,63.0,0.3,31.8,0.518074749320372,-4.284292627664308e-05,27.829047131230098,0
28.66000000000004,76.86000000000001,0.35783675048825647,0.37999999999998124,0.31064449134016686,5.0,76.7,2.4,15.8,0.6156343689759594,-0.1064463270409619,27.025243537670356,0
28.66000000000004,76.87000000000002,0.3478694295277919,0.3699999999999761,0.30066592756743854,16.3,76.0,1.4,6.4,0.5475492138759475,0.06283412399191789,28.283055274089016,0
28.66000000000004,76.88000000000002,0.3379040396325386,0.359999999999971,0.2906888370749478,27.5,65.6,0.1,6.9,0.4634748673888668,0.054301216435670895,29.292466325262758,0
28.66000000000004,76.89000000000003,0.32794075684486873,0.3499999999999659,0.28071337695233395,24.8,55.5,4.8,14.9,0.48107202008991334,0.1401182673194797,29.25747183493957,-1
28.66000000000004,76.90000000000003,0.31797977923129417,0.3399999999999608,0.27073972741358243,14.2,59.0,3.8,23.0,0.42204454245730977,0.09403589161141035,28.153369473625805,0
28.66000000000004,76.91000000000004,0.30802133043018315,0.32999999999995566,0.2607680962080655,31.9,61.8,1.4,4.8,0.4514295909116677,0.17475056151670093,29.480453977515886,0
28.66000000000004,76.92000000000004,0.29806566390642475,0.31999999999995055,0.2507987240796434,23.3,49.9,0.6,26.2,0.37459379914533797,0.05992906661424553,28.789424637691965,0
28.66000000000004,76.93000000000005,0.2881130680826117,0.30999999999994543,0.24083189157579504,19.1,49.9,0.3,30.8,0.4109610821442191,0.01992636889538453,28.420547923531892,0
28.66000000000004,76.94000000000005,0.27816387256431013,0.2999999999999403,0.23086792761224784,17.0,49.5,0.8,32.7,0.30043678872100593,0.18970103577827524,28.227389577320444,0
28.66000000000004,76.95000000000006,0.2682184557407861,0.2899999999999352,0.2209072203436839,22.8,61.8,0.6,14.8,0.4313941610909238,0.08845604725818619,28.310856065846846,0
28.66000000000004,76.96000000000006,0.25827725412813757,0.2799999999999301,0.21095023109722333,25.9,57.6,1.5,15.1,0.33820191242866965,0.09601555069006827,28.445002499820298,0
28.66000000000004,76.97000000000007,0.24834077393768683,0.26999999999992497,0.200997512422346,33.7,41.9,7.1,17.3,0.2622814053123375,0.18493512165030354,29.272299020278652,0
28.66000000000004,76.98000000000008,0.2384096055111207,0.25999999999991985,0.19104973174535095,35.2,44.8,1.8,18.2,0.33157966823044804,0.16606765590758593,29.254377899615843,0
28.66000000000004,76.99000000000008,0.22848444148336952,0.24999999999991473,0.181107702762666,32.7,37.2,4.2,25.9,0.2165879758974361,0.255158311799109,29.25261391916762,0
28.66000000000004,77.00000000000009,0.21856609984159628,0.23999999999990962,0.1711724276861493,38.9,33.4,2.0,25.6,0.28859064615868385,0.1775114972211729,29.731559993964087,0
28.66000000000004,77.01000000000009,0.20865555348460335,0.2299999999999045,0.1612451549658781,49.9,43.8,1.3,5.0,0.3000100859547904,0.2545665728211596,30.23041404648408,-1
28.66000000000004,77.0200000000001,0.19875396851375296,0.2199999999998994,0.15132745950411736,49.9,24.0,3.9,22.2,0.11088671275080048,0.38126580309667457,30.505867976811572,0
28.66000000000004,77.0300000000001,0.1888627544010884,0.20999999999989427,0.141421356237206,27.2,52.6,1.3,19.0,0.355793189208948,0.1557626052811525,28.035641924865956,0
28.66000000000004,77.0400000000001,0.1789836305363314,0.19999999999988916,0.13152946437955024,19.6,50.3,4.3,25.8,0.2847071987764049,0.1037304682142419,27.319130341639934,-1
28.66000000000004,77.05000000000011,0.16911871569984896,0.18999999999988404,0.12165525060585024,56.3,38.0,0.7,5.1,0.2374833847244921,0.2787668906008671,30.410250864710545,0
28.66000000000004,77.06000000000012,0.1592706501523959,0.17999999999987892,0.11180339887487,33.0,28.5,0.3,38.2,0.17441933065640874,0.3207846635286038,28.7506515598832,0
28.66000000000004,77.07000000000012,0.1494427649636062,0.1699999999998738,0.10198039027173089,46.9,26.3,3.8,23.0,0.13079651220389274,0.33829600947191557,29.78270820814457,0
28.66000000000004,77.08000000000013,0.1396393211096667,0.1599999999998687,0.09219544457279878,41.4,17.8,1.8,39.0,0.07175566355247562,0.42295905020163566,29.31503439606123,0
28.66000000000004,77.09000000000013,0.12986585386455432,0.14999999999986358,0.0824621125122179,36.3,24.7,4.4,34.5,0.08876618817974506,0.1982651649105518,28.7081006903009,-1
28.66000000000004,77.10000000000014,0.12012967992952928,0.13999999999985846,0.0728010988926648,62.1,23.8,5.6,8.5,0.05196386015406171,0.4126357841925441,30.671822273193303,0
28.66000000000004,77.11000000000014,0.11044066280121975,0.12999999999985334,0.06324555320322243,64.6,26.9,0.1,8.4,0.13678956541405002,0.31873656332595013,30.793668489242233,0
28.66000000000004,77.12000000000015,0.10081240003082213,0.11999999999984823,0.05385164807119579,58.2,10.8,1.5,29.5,0.008230346147944087,0.416954451608792,30.25583570872755,0
28.66000000000004,77.13000000000015,0.09126412219474031,0.10999999999984311,0.0447213595498439,37.1,20.7,1.0,41.2,0.07786544825089366,0.37660032431819274,28.417569763018452,-1
28.66000000000004,77.14000000000016,0.08182383515809244,0.099999999999838,0.03605551275448886,55.3,12.9,1.9,29.9,0.026275780185927404,0.35128239450347487,30.14196868496467,0
28.66000000000004,77.15000000000016,0.07253371629787818,0.08999999999983288,0.02828427124732062,69.7,2.0,3.2,25.2,-0.043167875533110515,0.6,31.260992911792187,0
28.66000000000004,77.16000000000017,0.06345975102365024,0.07999999999982776,0.022360679774888585,54.8,19.3,0.7,25.1,0.11234170246332009,0.42318303638915844,29.532635124703845,-1
28.66000000000004,77.17000000000017,0.0547095969642117,0.06999999999982265,0.019999999999960494,73.9,2.1,1.7,22.3,-0.03823143174121818,0.5401606471218012,31.280770868980486,0
28.66000000000004,77.18000000000018,0.04646654710638065,0.05999999999981753,0.022360679775041113,68.1,4.1,2.4,25.4,-0.012833698716684362,0.4371981567206323,30.967435984504412,0
28.66000000000004,77.19000000000018,0.039053040854621114,0.04999999999981242,0.028284271247561783,80.1,2.1,0.3,17.6,-0.05624590294983991,0.5208136817607099,31.664736658891453,0
28.66000000000004,77.20000000000019,0.033032408328732624,0.0399999999998073,0.03605551275477264,72.7,2.0,3.3,22.0,-0.064183708521347,0.4901810950883866,31.21488109329799,0
28.66000000000004,77.21000000000019,0.029276953393407367,0.029999999999802185,0.044721359550148956,66.5,5.2,1.9,26.4,0.04394807174222412,0.41188437369886505,30.418556438650135,0
28.66000000000004,77.2200000000002,0.028690416518474857,0.01999999999979707,0.05385164807151245,67.3,1.6,27.2,3.9,-0.04641900847295855,0.5485882823714243,31.599376659923156,0
28.66000000000004,77.2300000000002,0.031450596178889956,0.009999999999791953,0.063245553203546,57.3,1.6,37.2,4.0,-0.12785834989200193,0.44368173371598374,30.621826122577428,0
28.66000000000004,77.24000000000021,0.036812226230042704,2.1316282072803006e-13,0.07280109889299273,54.3,1.5,40.4,3.8,-0.1796523428411238,0.44662260406844995,30.599438639335943,0
28.66000000000004,77.25000000000021,0.04383081108097688,0.010000000000218279,0.08246211251254877,45.7,7.8,42.8,3.7,-0.04185762461308266,0.39184813578398003,29.76245692955431,0
28.66000000000004,77.26000000000022,0.05183763111891719,0.020000000000223395,0.09219544457313172,62.4,20.5,0.2,16.9,0.11573710132407525,0.3739911948314716,30.254449783495154,0
28.66000000000004,77.27000000000022,0.06044121110654371,0.03000000000022851,0.10198039027206533,60.1,12.7,7.1,20.1,0.06224750537251198,0.4433229394969519,30.120689552077458,0
28.66000000000004,77.28000000000023,0.06942002592934432,0.040000000000233626,0.11180339887520556,63.3,18.7,0.1,17.9,0.005776292819825654,0.36526635113415606,30.4526178791292,0
28.66000000000004,77.29000000000023,0.07864566103756837,0.05000000000023874,0.12165525060618666,83.0,2.0,2.9,12.1,-0.045528903082483196,0.5899159297279483,32.31994514916208,-1
28.66000000000004,77.30000000000024,0.08804055883535476,0.06000000000024386,0.13152946437988733,47.2,19.3,1.4,32.1,0.1304343009963781,0.3153026644441882,29.358140337625233,0
28.66000000000004,77.31000000000024,0.09755583016943288,0.07000000000024897,0.14142135623754362,45.3,12.8,0.9,40.9,0.04563684480459361,0.3704736770945128,29.31031021015254,-1
28.66000000000004,77.32000000000025,0.1071594139590783,0.08000000000025409,0.15132745950445542,75.6,2.3,0.1,21.9,-0.05851372450101067,0.44997031967718437,31.971676072837717,-1
28.66000000000004,77.33000000000025,0.11682953393752449,0.0900000000002592,0.16124515496621653,56.5,15.8,2.0,25.6,0.035559469559876176,0.44408319897723747,30.28842907051498,0
28.66000000000004,77.34000000000026,0.12655093836106263,0.10000000000026432,0.17117242768648802,47.4,33.7,1.7,17.2,0.18029989679440972,0.3399910358486392,29.427554539760955,-1
28.67000000000004,76.84,0.3786623033786211,0.3999999999999915,0.33015148038438064,13.9,75.6,0.6,9.9,0.6196773159949014,-0.0005064248578204658,28.43904325278895,0
28.67000000000004,76.85000000000001,0.3687155272022039,0.38999999999998636,0.32015621187163434,4.8,72.5,4.6,18.1,0.581667347487076,-0.0395792865594207,27.405283139222476,0
28.67000000000004,76.86000000000001,0.35877171014448117,0.37999999999998124,0.3101612483854032,27.8,56.3,0.8,15.2,0.3903431476680863,0.10009282013897312,29.635095765864378,-1
28.67000000000004,76.87000000000002,0.3488311052644134,0.3699999999999761,0.3001666203960543,17.8,68.5,1.2,12.5,0.6436053174334941,-0.06721174283251324,28.517053844760543,-1
28.67000000000004,76.88000000000002,0.33889399522562974,0.359999999999971,0.2901723625709146,7.6,73.6,1.6,17.2,0.48691005457582365,-0.11293708296461383,27.526135205018058,0
28.67000000000004,76.89000000000003,0.32896069674048634,0.3499999999999659,0.28017851452240927,35.4,59.4,0.2,5.0,0.4229934373598839,0.14672480162628673,29.966745015723664,0
28.67000000000004,76.90000000000003,0.31903156583633463,0.3399999999999608,0.270185121722092,11.1,55.1,5.9,27.9,0.3573301392278303,0.04876124536312875,27.94223344758924,0
28.67000000000004,76.91000000000004,0.30910700412637204,0.32999999999995566,0.2601922366251147,24.6,49.6,0.9,24.9,0.36560879406688324,0.05783876113691927,29.131138595095564,0
28.67000000000004,76.92000000000004,0.29918746631498233,0.31999999999995055,0.25019992006389186,23.7,58.8,0.2,17.4,0.3317518180890713,0.006832977644753518,28.698737199294158,0
28.67000000000004,76.93000000000005,0.28927346922933767,0.30999999999994543,0.24020824298923685,34.4,55.8,1.0,8.8,0.4656633136462464,0.15594564606068279,29.58096155379031,0
28.67000000000004,76.94000000000005,0.2793656027501859,0.2999999999999403,0.23021728866437216,40.4,32.9,1.9,24.8,0.2463725167539039,0.30039872380158567,30.348846507454336,-1
28.67000000000004,76.95000000000006,0.269464543122046,0.2899999999999352,0.22022715545539262,26.5,51.3,1.4,20.8,0.37506772187131265,0.046304032223188255,28.799092983623797,0
28.67000000000004,76.96000000000006,0.25957106926614815,0.2799999999999301,0.2102379604162214,21.3,55.8,2.5,20.4,0.38668380420973014,0.09250313295766993,28.16038197391782,0
28.67000000000004,76.97000000000007,0.2496860829120642,0.26999999999992497,0.2002498439449377,34.7,53.9,0.1,11.2,0.42091549252830074,0.1539943858539943,29.20707698056047,0
28.67000000000004,76.98000000000008,0.23981063362571958,0.25999999999991985,0.19026297590432908,26.4,56.4,0.7,16.5,0.42403531993125454,0.06801697713472912,28.33923322421486,0
28.67000000000004,76.99000000000008,0.22994595017083522,0.24999999999991473,0.18027756377311885,51.3,40.7,3.2,4.7,0.3139008272664654,0.31238666539893106,30.745784532854223,-1
28.67000000000004,77.00000000000009,0.22009348013961602,0.23999999999990962,0.17029386365917817,34.8,33.0,0.2,32.0,0.19087735932311276,0.22216239911606547,29.46635857463228,0
28.67000000000004,77.01000000000009,0.2102549404888434,0.2299999999999045,0.1603121954187229,33.4,25.3,3.8,37.5,0.11862628988219659,0.18785712385723147,29.327430133434856,-1
28.67000000000004,77.0200000000001,0.20043238261310675,0.2199999999998994,0.15033296378363276,41.2,33.9,0.2,24.7,0.2589868708846103,0.24436793177095037,29.664431062023365,0
28.67000000000004,77.0300000000001,0.19062827702092563,0.20999999999989427,0.1403566884760804,30.4,51.5,3.9,14.3,0.3951831010646205,0.20209847010126003,28.22252776432606,0
28.67000000000004,77.0400000000001,0.18084562477418942,0.19999999999988916,0.1303840481039461,33.2,46.7,0.9,19.2,0.3115993442336922,0.14882726261910342,28.590283889835582,0
28.67000000000004,77.05000000000011,0.17108810595703974,0.18999999999988404,0.12041594578781079,55.9,32.9,1.8,9.3,0.2144919096699448,0.25085607486117506,30.63329786306312,0
28.67000000000004,77.06000000000012,0.1613602801186457,0.17999999999987892,0.1104536101717551,40.6,34.8,0.3,24.2,0.22244070838061242,0.27921040058981694,29.207643769605212,0
28.67000000000004,77.07000000000012,0.15166786080105624,0.1699999999998738,0.10049875621108603,38.8,33.7,0.1,27.4,0.22666018464138812,0.2608200857767316,28.980635417749944,0
28.67000000000004,77.08000000000013,0.1420180974382122,0.1599999999998687,0.0905538513812459,57.4,19.9,0.5,22.2,0.1425725361711796,0.3725534390746856,30.606417285354556,0
28.67000000000004,77.09000000000013,0.1324203156617998,0.14999999999986358,0.0806225774828518,63.3,18.6,0.3,17.8,0.04990647983385313,0.42075621848939543,31.13394298642241,0
28.67000000000004,77.10000000000014,0.12288669578100013,0.13999999999985846,0.07071067811851559,58.5,30.8,0.7,9.9,0.1449723534054505,0.28691551704587914,30.512567564423442,0
28.67000000000004,77.11000000000014,0.11343341659305536,0.12999999999985334,0.060827625302837515,66.2,9.1,1.4,23.3,-0.00441040373568999,0.42309902091730195,31.31611475199382,-1
28.67000000000004,77.12000000000015,0.10408237122575288,0.11999999999984823,0.050990195135777655,54.3,34.7,1.9,9.1,0.18547231229314867,0.32577600969294845,29.570693364806182,-1
28.67000000000004,77.13000000000015,0.09486379709866888,0.10999999999984311,0.04123105625602106,49.0,18.4,3.3,29.3,0.02005409682264815,0.306680587033436,29.40518557571999,-1
28.67000000000004,77.14000000000016,0.08582039384656544,0.099999999999838,0.031622776601523586,74.1,19.1,2.0,4.8,0.12157755136563284,0.507545296298591,31.60575773506865,-1
28.67000000000004,77.15000000000016,0.07701389485009832,0.08999999999983288,0.022360679774836155,64.5,2.1,2.0,31.5,-0.09546030898916347,0.5444684591791086,30.74575098966984,0
28.67000000000004,77.16000000000017,0.06853568413596381,0.07999999999982776,0.014142135623584944,63.1,15.7,1.1,20.1,-0.052103142065381025,0.353594190568823,30.467674400863388,-1
28.67000000000004,77.17000000000017,0.06052387958473421,0.06999999999982265,0.00999999999995893,82.6,2.0,1.3,14.1,-0.039629214342495035,0.6,32.11618798001544,0
28.67000000000004,77.18000000000018,0.05318966064932559,0.05999999999981753,0.01414213562382611,79.2,2.1,1.1,17.6,-0.10300757528103933,0.5347096889900542,31.62620591379124,0
28.67000000000004,77.19000000000018,0.04685232118042423,0.04999999999981242,0.02236067977514121,72.2,6.0,3.5,18.3,-0.017108385568003762,0.5558393753684145,31.288034795131715,0
28.67000000000004,77.20000000000019,0.04196593856923788,0.0399999999998073,0.03162277660184715,88.7,6.1,0.5,4.8,0.009072065167394242,0.5422713457326727,32.63559208154145,-1
28.67000000000004,77.21000000000019,0.0390786386661648,0.029999999999802185,0.041231056256351935,70.5,2.1,0.0,27.3,-0.07161763014940059,0.49214075622858067,30.765331793900835,0
28.67000000000004,77.2200000000002,0.03864116975460886,0.01999999999979707,0.050990195136112096,61.8,1.5,32.8,3.8,-0.18827397142755892,0.4638268412475327,31.302010973131527,0
28.67000000000004,77.2300000000002,0.04073254227283795,0.009999999999791953,0.060827625303173934,58.1,2.9,35.0,4.0,-0.17208350619305357,0.33732039810542835,30.72759747153945,-1
28.67000000000004,77.24000000000021,0.0450015555288122,2.1316282072803006e-13,0.07071067811885322,63.6,3.4,28.7,4.3,-0.10302040928971329,0.5201551482915802,30.98838704852254,0
28.67000000000004,77.25000000000021,0.0509032415472454,0.010000000000218279,0.08062257748319022,68.8,5.2,21.9,4.0,-0.05604282999323835,0.44504497070618926,31.738325122297177,-1
28.67000000000004,77.26000000000022,0.057940831889280425,0.020000000000223395,0.09055385138158488,68.6,13.3,0.1,18.0,0.07970707937632086,0.4872911976371184,31.060008787235724,-1
28.67000000000004,77.27000000000022,0.06575058935117394,0.03000000000022851,0.10049875621142541,72.7,7.8,0.2,19.3,-0.015233317834060069,0.5627979054833028,31.308238948615728,7
28.67000000000004,77.28000000000023,0.07408873058726112,0.040000000000233626,0.11045361017209476,72.0,22.0,1.3,4.7,0.22886366694859792,0.3771221487738495,31.27034457774581,-1
28.67000000000004,77.29000000000023,0.08279577283917955,0.05000000000023874,0.12041594578815067,62.9,17.1,2.0,18.1,-0.02067133688280129,0.3713691189527944,30.37661454431947,0
28.67000000000004,77.30000000000024,0.09176676958486926,0.06000000000024386,0.13038404810428617,55.9,15.8,0.7,27.7,0.048264591545004086,0.4390896785569823,29.95548607542141,0
28.67000000000004,77.31000000000024,0.10093136281675859,0.07000000000024897,0.1403566884764206,52.0,7.8,2.7,37.5,-0.05207354433834363,0.3936226726058602,29.895686312080393,0
28.67000000000004,77.32000000000025,0.11024128083460401,0.08000000000025409,0.15033296378397307,37.9,22.7,1.8,37.6,0.11603189979706668,0.3660622970073844,28.713912614402908,-1
28.67000000000004,77.33000000000025,0.1196626090308084,0.0900000000002592,0.1603121954190633,77.7,12.4,0.8,9.1,0.0991837226888947,0.4365401686626525,32.12519447406107,-1
28.67000000000004,77.34000000000026,0.12917097197151686,0.10000000000026432,0.17029386365951865,42.4,33.6,0.1,24.0,0.2931456967583174,0.33111053881406927,29.062486726230066,-1
28.680000000000042,76.84,0.3798093469097409,0.3999999999999915,0.3299999999999983,5.3,84.3,3.0,7.5,0.6614230184648223,-0.1208868465815382,27.376464097298022,0
28.680000000000042,76.85000000000001,0.3698934170811913,0.38999999999998636,0.3199999999999932,5.2,67.4,0.5,26.8,0.5496756944084396,-0.004887595533248815,27.68368425914645,0
28.680000000000042,76.86000000000001,0.35998213844577986,0.37999999999998124,0.30999999999998806,11.6,75.3,3.8,9.3,0.5884775000322646,0.007412876060196083,28.00979425799546,0
28.680000000000042,76.87000000000002,0.35007590605466304,0.3699999999999761,0.29999999999998295,16.4,65.4,1.0,17.3,0.4348353048334795,0.04777514995661464,28.60595951536056,0
28.680000000000042,76.88000000000002,0.3401751607627902,0.359999999999971,0.28999999999997783,19.7,73.9,1.6,4.8,0.5658160201102431,0.04313300141438443,28.557327653270782,0
28.680000000000042,76.89000000000003,0.33028039602735615,0.3499999999999659,0.2799999999999727,8.1,74.5,4.1,13.3,0.5452445292294246,-0.12099927725518318,27.475552189806443,0
28.680000000000042,76.90000000000003,0.3203921659466481,0.3399999999999608,0.2699999999999676,14.3,70.1,4.0,11.6,0.5277615287753294,-0.02796009808723487,27.9575300521977,0
28.680000000000042,76.91000000000004,0.3105110948098022,0.32999999999995566,0.2599999999999625,19.2,56.5,0.9,23.5,0.36589565579398525,0.07826188285345617,28.60138088433506,0
28.680000000000042,76.92000000000004,0.30063788849707496,0.31999999999995055,0.24999999999995737,18.9,68.5,0.5,12.1,0.5242573509341236,-0.02407592484217911,28.086745345999137,0
28.680000000000042,76.93000000000005,0.2907733481596578,0.30999999999994543,0.23999999999995225,35.1,57.6,2.8,4.6,0.4336825126488446,0.1658392277138571,29.718763697100908,0
28.680000000000042,76.94000000000005,0.28091838672464226,0.2999999999999403,0.22999999999994714,31.3,46.6,1.2,20.9,0.35461265475104603,0.13528755764088926,29.266578384910037,0
28.680000000000042,76.95000000000006,0.2710740489238576,0.2899999999999352,0.21999999999994202,37.6,54.4,0.5,7.5,0.4050929972183841,0.10262634385548536,29.421529802115817,0
28.680000000000042,76.96000000000006,0.2612415357479979,0.2799999999999301,0.2099999999999369,35.7,44.3,4.9,15.1,0.38043044244146323,0.2326228289187099,29.53053154342462,0
28.680000000000042,76.97000000000007,0.2514222344980077,0.26999999999992497,0.1999999999999318,40.6,47.3,0.4,11.6,0.4353101220042168,0.1330272746060045,29.872827837833572,-1
28.680000000000042,76.98000000000008,0.24161775596998267,0.25999999999991985,0.18999999999992667,34.9,58.4,0.1,6.7,0.40537341298742036,0.06286407949291761,28.983601688442764,0
28.680000000000042,76.99000000000008,0.23182998080483297,0.24999999999991473,0.17999999999992156,20.3,42.9,0.0,36.7,0.3346033894341262,0.17181382155950486,28.11667493511299,0
28.680000000000042,77.00000000000009,0.22206111771304887,0.23999999999990962,0.16999999999991644,39.4,22.2,1.9,36.5,0.20553000889541684,0.37439107147740625,29.95193488496723,-1
28.680000000000042,77.01000000000009,0.2123137772259918,0.2299999999999045,0.15999999999991132,31.2,39.5,2.2,27.1,0.30530613301261583,0.20418394555014954,28.834412462194997,0
28.680000000000042,77.0200000000001,0.2025910659431156,0.2199999999998994,0.1499999999999062,32.2,44.6,0.7,22.5,0.33726617469633946,0.09280779350455809,28.823782568216032,0
28.680000000000042,77.0300000000001,0.19289670811076,0.20999999999989427,0.1399999999999011,48.7,40.2,0.8,10.2,0.17070715491148172,0.27934674697005957,29.964272918468456,0
28.680000000000042,77.0400000000001,0.18323520404105728,0.19999999999988916,0.12999999999989598,54.7,33.6,0.8,10.9,0.17449620338570523,0.26647008580262854,30.602232444807726,0
28.680000000000042,77.05000000000011,0.1736120387529858,0.18999999999988404,0.11999999999989086,50.0,33.1,2.5,14.4,0.17729480250133806,0.3405379316969548,29.862726697458942,0
28.680000000000042,77.06000000000012,0.1640339598984576,0.17999999999987892,0.10999999999988574,50.0,19.2,0.1,30.7,0.142159535659317,0.33501732054542144,30.284507415390394,0
28.680000000000042,77.07000000000012,0.15450935246764047,0.1699999999998738,0.09999999999988063,63.7,26.4,5.1,4.8,0.10106952293092861,0.41629727851945675,31.248198381408532,0
28.680000000000042,77.08000000000013,0.14504875042540186,0.1599999999998687,0.08999999999987551,56.8,20.3,0.5,22.5,0.07843126600136537,0.348009538920787,30.432467498835198,0
28.680000000000042,77.09000000000013,0.13566554463080036,0.14999999999986358,0.0799999999998704,58.8,25.5,12.0,3.7,0.17151377270048795,0.3144633841206624,31.568932466181106,-1
28.680000000000042,77.10000000000014,0.12637697575101667,0.13999999999985846,0.06999999999986528,62.7,26.4,0.4,10.5,0.09881503252248824,0.26022176904892436,30.649845731906684,0
28.680000000000042,77.11000000000014,0.11720554594375913,0.12999999999985334,0.059999999999860165,37.8,20.6,2.9,38.8,0.09935448425286708,0.2774204248056809,28.855709529513003,-1
28.680000000000042,77.12000000000015,0.10818105194522937,0.11999999999984823,0.04999999999985505,75.0,13.2,0.6,11.2,0.026238670225054623,0.4678635076254222,31.376761719643177,-1
28.680000000000042,77.13000000000015,0.0993435453362643,0.10999999999984311,0.03999999999984993,63.2,14.8,0.2,21.9,0.07705550626259833,0.420622224842989,30.804670101532302,0
28.680000000000042,77.14000000000016,0.0907476721463454,0.099999999999838,0.029999999999844817,74.6,9.3,4.1,12.0,0.016642457056362164,0.5078817892749169,31.710967286132284,0
28.680000000000042,77.15000000000016,0.08246902448788265,0.08999999999983288,0.0199999999998397,70.7,20.4,3.9,5.0,0.11496460065625463,0.4723073701819871,31.06368158472589,-1
28.680000000000042,77.16000000000017,0.07461326959720763,0.07999999999982776,0.009999999999834586,65.4,13.9,1.1,19.6,0.03513925851958294,0.4281333270184326,30.628862917099024,0
28.680000000000042,77.17000000000017,0.06732859719308276,0.06999999999982265,1.757785650632539e-13,54.1,7.9,2.4,35.5,-0.1126977985432924,0.42618651968080634,29.86694179094623,0
28.680000000000042,77.18000000000018,0.06082055573563432,0.05999999999981753,0.010000000000175646,62.4,23.3,1.5,12.7,0.11668310638432479,0.42634421265060496,30.315579280447896,-1
28.680000000000042,77.19000000000018,0.05536370652326861,0.04999999999981242,0.020000000000180762,65.9,11.5,4.2,18.3,0.006265209265261114,0.45175077072881203,30.33583068198626,0
28.680000000000042,77.20000000000019,0.05129463909608911,0.0399999999998073,0.030000000000185878,66.6,15.3,0.8,17.3,0.07602723758855821,0.37714211285961563,30.41582918418855,0
28.680000000000042,77.21000000000019,0.04896059640161317,0.029999999999802185,0.040000000000190994,80.3,2.1,1.6,16.0,-0.10224641725013645,0.5042934290026401,31.675380111301212,0
28.680000000000042,77.2200000000002,0.04861213840190004,0.01999999999979707,0.05000000000019611,70.1,3.3,22.5,4.0,-0.06821004576352514,0.38730502757963703,31.886043161266617,-1
28.680000000000042,77.2300000000002,0.05029055577351991,0.009999999999791953,0.060000000000201226,54.8,5.8,35.7,3.7,-0.04413195059155622,0.3885631322346992,30.7394266740024,0
28.680000000000042,77.24000000000021,0.05380650518305156,2.1316282072803006e-13,0.07000000000020634,55.6,1.9,30.6,11.8,-0.1185277326992435,0.3727840487061399,30.046149378073316,-1
28.680000000000042,77.25000000000021,0.05883145417222147,0.010000000000218279,0.08000000000021146,53.4,17.0,25.9,3.7,-0.004663882670570371,0.39275005771124244,30.498392243200982,0
28.680000000000042,77.26000000000022,0.0650164594546861,0.020000000000223395,0.09000000000021657,76.6,15.9,0.3,7.1,0.062227041024753384,0.5108765106151602,31.592406652413732,-1
28.680000000000042,77.27000000000022,0.07206344426980778,0.03000000000022851,0.10000000000022169,57.5,9.5,1.7,31.4,0.03588815378257816,0.3779575563896973,30.24419945693122,0
28.680000000000042,77.28000000000023,0.07974421609140532,0.040000000000233626,0.1100000000002268,67.5,4.7,2.3,25.6,-0.088945498121154,0.4338182818203823,30.87808232575445,0
28.680000000000042,77.29000000000023,0.08789277558501614,0.05000000000023874,0.12000000000023192,58.2,16.0,0.4,25.3,0.033111623772801926,0.441757112794444,30.447435006455507,0
28.680000000000042,77.30000000000024,0.09639055970396414,0.06000000000024386,0.13000000000023704,53.4,19.5,1.0,26.1,0.11697746101125775,0.3401556444260396,29.83364175254979,0
28.680000000000042,77.31000000000024,0.10515293624074004,0.07000000000024897,0.14000000000024215,62.2,18.1,5.6,14.1,0.10923542365048572,0.4089373630519765,30.84223112601284,0
28.680000000000042,77.32000000000025,0.11411897300648571,0.08000000000025409,0.15000000000024727,60.1,23.5,0.6,15.8,0.12307127341561538,0.39995666327124174,30.286616834787022,0
28.680000000000042,77.33000000000025,0.12324422907406697,0.0900000000002592,0.16000000000025238,60.3,25.0,2.2,12.5,0.14571007997150284,0.3204961463527073,30.532857131044427,0
28.680000000000042,77.34000000000026,0.13249581125479923,0.10000000000026432,0.1700000000002575,42.6,36.4,2.6,18.5,0.2542024919242919,0.2113670564513085,29.120344820189857,-1
28.690000000000044,76.84,0.38121534596603657,0.3999999999999915,0.3301514803843832,5.0,79.9,1.2,13.9,0.6546516990130864,-0.10981928072482516,27.347361758929203,0
28.690000000000044,76.85000000000001,0.3713369628787325,0.38999999999998636,0.320156211871637,13.5,65.9,5.8,14.9,0.43952903041439606,-0.06667786114739213,28.462281588004796,-1
28.690000000000044,76.86000000000001,0.3614652680410632,0.37999999999998124,0.31016124838540593,4.7,75.1,2.5,17.7,0.6717605194520649,-0.03706616569653899,27.466674333045027,0
28.690000000000044,76.87000000000002,0.3516008247999346,0.3699999999999761,0.3001666203960571,24.3,70.1,1.1,4.5,0.544600195122138,0.052443445686175386,29.204572834707612,-1
28.690000000000044,76.88000000000002,0.34174426110761713,0.359999999999971,0.29017236257091755,7.7,80.1,1.7,10.6,0.6573916056420321,-0.07341556092776343,27.44327281628361,0
28.690000000000044,76.89000000000003,0.33189627897882235,0.3499999999999659,0.28017851452241227,15.4,54.3,2.3,28.0,0.3506097875632434,0.1426838368250975,28.502433271966854,0
28.690000000000044,76.90000000000003,0.32205766564388055,0.3399999999999608,0.2701851217220952,22.6,56.8,1.6,19.0,0.40190496524121666,0.07074073406010034,29.02238632502746,0
28.690000000000044,76.91000000000004,0.31222930676024474,0.32999999999995566,0.260192236625118,5.1,49.8,4.3,40.7,0.3670491850463297,0.09717949523506748,27.461908042624394,-1
28.690000000000044,76.92000000000004,0.30241220213473646,0.31999999999995055,0.25019992006389524,5.1,69.2,0.9,24.8,0.4325796138751462,-0.0064082787793904375,26.902686503100522,-1
28.690000000000044,76.93000000000005,0.2926074845248812,0.30999999999994543,0.2402082429892404,6.4,58.9,0.7,34.0,0.38504299743990655,-0.01525559622803185,27.265262751805864,0
28.690000000000044,76.94000000000005,0.282816442237676,0.2999999999999403,0.23021728866437588,33.2,61.7,0.4,4.6,0.4190357260611452,0.14884332735403843,29.4073829608045,0
28.690000000000044,76.95000000000006,0.2730405464394895,0.2899999999999352,0.2202271554553965,19.3,47.4,0.1,33.2,0.2626681647721104,0.12730875953353396,28.369161836144688,-1
28.690000000000044,76.96000000000006,0.2632814843470264,0.2799999999999301,0.21023796041622547,50.2,28.5,0.1,21.2,0.1618041355129171,0.35683045557110854,31.229190551925036,-1
28.690000000000044,76.97000000000007,0.2535411998077871,0.26999999999992497,0.20024984394494194,22.8,45.4,3.9,27.8,0.3048958668966905,0.07635332846179708,28.507967109762216,0
28.690000000000044,76.98000000000008,0.24382194322901116,0.25999999999991985,0.19026297590433358,33.9,31.6,2.3,32.1,0.25558536550103866,0.24918767006377845,29.49136656068943,0
28.690000000000044,76.99000000000008,0.2341263334184565,0.24999999999991473,0.1802775637731236,46.7,44.7,2.1,6.5,0.24626622162270023,0.19357032648366385,30.29214588537485,-1
28.690000000000044,77.00000000000009,0.22445743471751964,0.23999999999990962,0.1702938636591832,54.9,20.5,1.9,22.7,0.09623741892040914,0.3196274210074897,31.25413735317047,-1
28.690000000000044,77.01000000000009,0.21481885392108654,0.2299999999999045,0.16031219541872824,55.6,33.9,3.6,6.9,0.16109550063394265,0.3677749048992548,31.034842697409108,-1
28.690000000000044,77.0200000000001,0.205214863009405,0.2199999999998994,0.15033296378363845,49.1,18.1,1.3,31.5,-0.022957005153377036,0.3665648327978426,30.729274024387482,-1
28.690000000000044,77.0300000000001,0.19565055583864002,0.20999999999989427,0.14035668847608648,47.3,29.1,3.8,19.9,0.1912901927004736,0.22255155692126571,30.36312217199664,0
28.690000000000044,77.0400000000001,0.1861320498999808,0.19999999999988916,0.13038404810395265,48.2,46.0,0.9,4.9,0.34752994696673994,0.18973463898876425,29.836354383691504,0
28.690000000000044,77.05000000000011,0.17666674842756713,0.18999999999988404,0.12041594578781786,53.9,34.6,5.4,6.1,0.2390059342622498,0.335652596220378,30.32827144717423,0
28.690000000000044,77.06000000000012,0.16726368404399636,0.17999999999987892,0.11045361017176282,40.1,25.3,2.3,32.2,0.06187519303481551,0.2511560895062905,29.435498050926643,-1
28.690000000000044,77.07000000000012,0.15793397354581631,0.1699999999998738,0.10049875621109453,38.0,29.6,0.6,31.8,0.17057936826922387,0.21825073232682168,29.15299146737976,0
28.690000000000044,77.08000000000013,0.14869142544199235,0.1599999999998687,0.09055385138125532,50.1,27.3,1.7,21.0,0.17556802398665,0.3064477719780054,29.969403680385437,0
28.690000000000044,77.09000000000013,0.1395533589705842,0.14999999999986358,0.08062257748286238,47.4,27.9,1.4,23.3,0.19870801117620623,0.32616538962099473,29.792998597828447,0
28.690000000000044,77.10000000000014,0.13054171746983456,0.13999999999985846,0.07071067811852763,47.7,13.4,0.3,38.6,0.052014735954380324,0.3396863836990579,29.950476884427275,0
28.690000000000044,77.11000000000014,0.12168459228668058,0.12999999999985334,0.06082762530285153,63.3,24.5,1.8,10.5,0.1687567062182226,0.386936068796155,30.77128463281927,0
28.690000000000044,77.12000000000015,0.11301831709938644,0.11999999999984823,0.050990195135794385,65.1,1.9,0.7,32.2,-0.029531007924685007,0.4875431088055727,31.406743513376163,-1
28.690000000000044,77.13000000000015,0.10459034372244624,0.10999999999984311,0.04123105625604174,61.3,12.9,0.1,25.7,0.02134325165393066,0.4272217933679655,30.639294352236835,0
28.690000000000044,77.14000000000016,0.09646315358716841,0.099999999999838,0.03162277660155055,74.6,7.8,5.9,11.7,-0.0048734903922163925,0.36456281017350955,31.834855949618543,-1
28.690000000000044,77.15000000000016,0.08871944544452494,0.08999999999983288,0.022360679774874288,53.7,24.4,2.2,19.7,0.16958385484535193,0.3398957481525335,29.56624635202416,0
28.690000000000044,77.16000000000017,0.08146864427487815,0.07999999999982776,0.014142135623645236,62.0,13.9,4.2,19.9,0.04460627691337986,0.403965467190172,30.499261179451054,0
28.690000000000044,77.17000000000017,0.07485412480277517,0.06999999999982265,0.010000000000044196,56.3,2.6,2.2,38.9,-0.01665012591722534,0.4754174374447976,30.29267974878951,0
28.690000000000044,77.18000000000018,0.06905896031647486,0.05999999999981753,0.014142135623886403,49.2,8.5,0.9,41.4,0.020224816419911452,0.3724098320103138,29.38682260055438,0
28.690000000000044,77.19000000000018,0.06430505423367329,0.04999999999981242,0.02236067977517934,64.3,11.0,1.4,23.3,-0.0326225696975433,0.41935272490726894,30.681750566169562,0
28.690000000000044,77.20000000000019,0.06083699532356182,0.0399999999998073,0.03162277660187411,65.7,8.4,2.2,23.7,-0.0896999952867615,0.48175518050173743,30.756217154899268,0
28.690000000000044,77.21000000000019,0.058882425221815596,0.029999999999802185,0.04123105625637261,82.7,2.0,6.4,8.9,-0.08103462353869348,0.6,32.21181578071198,0
28.690000000000044,77.2200000000002,0.05859300299529401,0.01999999999979707,0.05099019513612882,64.8,2.2,28.6,4.3,-0.1392565231619325,0.41717134627315583,31.2294967513683,0
28.690000000000044,77.2300000000002,0.059992832905361,0.009999999999791953,0.06082762530318795,42.2,12.6,41.6,3.7,0.017556290893962465,0.38925736019497453,29.515997496926307,0
28.690000000000044,77.24000000000021,0.0629693576274588,2.1316282072803006e-13,0.07071067811886528,64.0,1.5,30.8,3.7,-0.08687011980003258,0.5454966487768241,31.831137192258005,-1
28.690000000000044,77.25000000000021,0.0673137430248775,0.010000000000218279,0.0806225774832008,76.8,5.6,12.7,4.9,0.015445561870827858,0.5371352485233523,31.81660775685359,-1
28.690000000000044,77.26000000000022,0.07278145368171682,0.020000000000223395,0.0905538513815943,65.7,24.8,4.9,4.6,0.14845313331417753,0.43072685051651627,30.780139760825218,-1
28.690000000000044,77.27000000000022,0.0791400025273486,0.03000000000022851,0.10049875621143389,59.0,1.9,1.0,38.1,-0.034003239585645134,0.4403239123527458,30.632848859665994,0
28.690000000000044,77.28000000000023,0.0861924590671005,0.040000000000233626,0.11045361017210248,53.0,2.2,6.1,38.7,-0.10467974412243863,0.5098385944751103,30.08037129072917,0
28.690000000000044,77.29000000000023,0.09378240773214909,0.05000000000023874,0.12041594578815774,56.9,22.8,2.4,17.8,0.18168341371438157,0.32047689158788134,30.078987521055385,0
28.690000000000044,77.30000000000024,0.10178968513579616,0.06000000000024386,0.13038404810429272,68.6,8.4,0.1,22.8,0.02028240480612191,0.46655641026820277,31.448465218943003,7
28.690000000000044,77.31000000000024,0.11012329453866784,0.07000000000024897,0.14035668847642668,78.8,11.2,4.9,5.1,0.02217191140416927,0.455280462613997,32.09638406205821,-1
28.690000000000044,77.32000000000025,0.11871453154545178,0.08000000000025409,0.15033296378397873,73.2,10.3,1.4,15.2,-0.09762797031172746,0.4449902408368521,31.775712673227005,-1
28.690000000000044,77.33000000000025,0.12751133282991808,0.0900000000002592,0.16031219541906863,46.1,20.6,1.1,32.1,0.14433698880026255,0.24923230164029775,29.740666198197772,-1
28.690000000000044,77.34000000000026,0.13647395355916245,0.10000000000026432,0.17029386365952368,42.5,41.8,1.7,13.9,0.3648667528502164,0.119909241613403,28.893282192446406,-1
28.700000000000045,76.84,0.382877447755814,0.3999999999999915,0.33060550509633185,5.1,81.1,0.3,13.5,0.6304643111580159,-0.031360830891283914,27.61553403254651,0
28.700000000000045,76.85000000000001,0.3730430806220675,0.38999999999998636,0.320624390837624,5.2,82.8,1.3,10.7,0.6467874378811896,-0.18835004201057037,26.629871226309486,-1
28.700000000000045,76.86000000000001,0.3632177583764301,0.37999999999998124,0.31064449134017236,11.0,62.3,3.7,23.0,0.43486614464830153,0.03402212967579763,28.259674766183302,0
28.700000000000045,76.87000000000002,0.3534022354202014,0.3699999999999761,0.3006659275674442,7.4,58.2,0.0,34.3,0.34221323001111437,-0.033751781813278134,27.998289615941577,-1
28.700000000000045,76.88000000000002,0.3435973515613767,0.359999999999971,0.2906888370749537,7.6,53.5,0.7,38.3,0.3533953094925908,0.012872287049269321,27.93907265815679,0
28.700000000000045,76.89000000000003,0.3338040443134106,0.3499999999999659,0.28071337695234005,5.1,63.5,0.0,31.3,0.5544709749429105,0.03201512920692334,27.099739375457514,0
28.700000000000045,76.90000000000003,0.3240233633551548,0.3399999999999608,0.27073972741358876,20.1,69.4,1.1,9.5,0.5785505681206768,0.021401699680607338,28.48589096237577,0
28.700000000000045,76.91000000000004,0.3142564876020607,0.32999999999995566,0.26076809620807206,10.9,62.4,2.4,24.3,0.422964566993451,0.014342979260694371,27.826740489259954,0
28.700000000000045,76.92000000000004,0.30450474544739337,0.31999999999995055,0.2507987240796502,7.8,65.4,3.4,23.4,0.45968064391382807,0.053632710962410596,27.355132491235768,0
28.700000000000045,76.93000000000005,0.29476963887072855,0.30999999999994543,0.24083189157580212,5.3,66.9,6.2,21.5,0.6088541004465067,-0.03308372275474493,26.398959802450083,-1
28.700000000000045,76.94000000000005,0.2850528722885946,0.2999999999999403,0.23086792761225522,23.7,52.7,2.0,21.6,0.32329223887365577,0.1690988730232226,28.657333456565592,0
28.700000000000045,76.95000000000006,0.27535638725109707,0.2899999999999352,0.22090722034369162,41.2,48.4,0.6,9.8,0.2998287239711628,0.12812780068022214,30.168216707425785,-1
28.700000000000045,76.96000000000006,0.2656824043853387,0.2799999999999301,0.2109502310972314,40.8,49.7,4.8,4.7,0.3258209177204142,0.1144104676992117,30.074720516364845,-1
28.700000000000045,76.97000000000007,0.25603347437390556,0.26999999999992497,0.20099751242235447,26.1,41.2,3.2,29.5,0.20289949704792476,0.16539159268600498,28.744542780797776,-1
28.700000000000045,76.98000000000008,0.24641254026524756,0.25999999999991985,0.19104973174535986,24.6,51.7,1.7,22.0,0.33842448645774786,0.11546379535514907,28.41698487891002,0
28.700000000000045,76.99000000000008,0.2368230140842975,0.24999999999991473,0.1811077027626754,34.6,48.1,2.2,15.1,0.3067845836263488,0.12038059428967297,29.324478037128422,0
28.700000000000045,77.00000000000009,0.22726887160359358,0.23999999999990962,0.17117242768615926,24.2,42.8,5.1,27.8,0.2400875062267866,0.14479472760321216,28.384898189496763,-1
28.700000000000045,77.01000000000009,0.21775477032655388,0.2299999999999045,0.16124515496588868,39.1,46.0,2.5,12.3,0.38039855846539555,0.2555382377427798,29.417986859000642,0
28.700000000000045,77.0200000000001,0.2082861973342688,0.2199999999998994,0.15132745950412863,41.1,53.6,0.8,4.5,0.3240585357539446,0.13558041865309334,29.558131048283258,0
28.700000000000045,77.0300000000001,0.19886965580492644,0.20999999999989427,0.14142135623721805,51.4,32.6,2.4,13.6,0.18630370381965597,0.1943815362534459,30.517557521033066,0
28.700000000000045,77.0400000000001,0.1895129019353829,0.19999999999988916,0.1315294643795632,43.9,41.9,0.1,14.1,0.23324994186340448,0.13503342989667155,29.443013870850933,-1
28.700000000000045,77.05000000000011,0.18022524795369377,0.18999999999988404,0.12165525060586427,42.4,28.9,1.0,27.7,0.14960130193132376,0.38703128076707194,29.606254034002426,0
28.700000000000045,77.06000000000012,0.17101795227393807,0.17999999999987892,0.11180339887488526,37.4,36.3,1.1,25.3,0.18052675017210235,0.3032287850409663,28.97109961571263,0
28.700000000000045,77.07000000000012,0.16190472506993647,0.1699999999998738,0.10198039027174761,40.3,37.1,0.4,22.2,0.23769473159200463,0.21359990148875246,29.06765073207098,0
28.700000000000045,77.08000000000013,0.15290238716243995,0.1599999999998687,0.09219544457281728,45.6,29.3,0.0,25.0,0.17977315436514912,0.33082968996229833,29.682851463140146,0
28.700000000000045,77.09000000000013,0.14403173261463548,0.14999999999986358,0.08246211251223858,56.7,17.5,0.3,25.5,0.1276090936900695,0.3956209303385548,30.548773662499,0
28.700000000000045,77.10000000000014,0.13531866094510106,0.13999999999985846,0.07280109889268821,63.2,23.8,2.2,10.9,0.0847702507718863,0.4341252690517198,30.89088322220754,0
28.700000000000045,77.11000000000014,0.1267956623862851,0.12999999999985334,0.0632455532032494,49.7,39.2,3.5,7.6,0.3336913361783991,0.19953888567522243,29.319501433750737,-1
28.700000000000045,77.12000000000015,0.11850375521467063,0.11999999999984823,0.05385164807122745,67.8,19.0,8.4,4.8,0.03065108666800318,0.3562515483328117,31.41443519357067,9
28.700000000000045,77.13000000000015,0.11049497726132423,0.10999999999984311,0.04472135954988203,52.7,26.5,0.8,20.0,0.12659904597755545,0.391568438791148,29.929529108569625,0
28.700000000000045,77.14000000000016,0.10283549970697256,0.099999999999838,0.036055512754536154,60.3,16.1,1.9,21.8,0.1331369876220898,0.32573785066247457,30.490407261916694,0
28.700000000000045,77.15000000000016,0.09560930917010722,0.08999999999983288,0.02828427124738091,51.3,23.4,5.3,20.0,0.25574708142526714,0.34039013979183635,29.711485069517,0
28.700000000000045,77.16000000000017,0.0889221007398484,0.07999999999982776,0.022360679774964847,38.3,24.4,0.4,37.0,0.20389682769786657,0.2906648592129107,28.462970778954443,-1
28.700000000000045,77.17000000000017,0.08290440277808261,0.06999999999982265,0.02000000000004576,82.7,3.6,2.9,10.8,-0.07877958899519341,0.5693130784751212,31.86511360727144,0
28.700000000000045,77.18000000000018,0.07771190385001234,0.05999999999981753,0.022360679775117378,72.0,12.7,2.8,12.5,0.04004376181647301,0.4594939111886506,31.288512857637127,-1
28.700000000000045,77.19000000000018,0.07351965723530528,0.04999999999981242,0.028284271247622075,63.0,4.4,0.2,32.4,-0.02626815593935552,0.460398015675888,30.675427130531805,0
28.700000000000045,77.20000000000019,0.07050631177419646,0.0399999999998073,0.036055512754819934,66.2,5.5,3.9,24.3,-0.033228809047976426,0.4520730135974474,30.923586267703346,0
28.700000000000045,77.21000000000019,0.06882688428226151,0.029999999999802185,0.04472135955018709,70.5,10.3,3.3,15.9,-0.05769232745335714,0.4102596953195107,31.18106051794296,0
28.700000000000045,77.2200000000002,0.06857944298408704,0.01999999999979707,0.05385164807154412,39.6,13.7,42.8,3.9,0.03502912335376733,0.3419951118491449,29.146817980647636,0
28.700000000000045,77.2300000000002,0.06977922326890489,0.009999999999791953,0.06324555320357296,56.6,2.5,35.5,5.4,-0.10279228346264777,0.5155549706532595,30.397564570417764,0
28.700000000000045,77.24000000000021,0.07235426732415935,2.1316282072803006e-13,0.07280109889301616,53.3,12.5,30.6,3.6,-0.03592063568550001,0.3831033427633262,30.760223248901823,0
28.700000000000045,77.25000000000021,0.07616521515771064,0.010000000000218279,0.08246211251256945,40.0,15.6,40.5,3.8,0.024831537936450307,0.41231300895871176,29.274946197506285,0
28.700000000000045,77.26000000000022,0.08103789237156284,0.020000000000223395,0.09219544457315022,64.3,6.3,1.4,28.0,-0.02753342646777876,0.49795021225334274,30.963869875174222,0
28.700000000000045,77.27000000000022,0.08679366336334614,0.03000000000022851,0.10198039027208206,50.8,6.2,1.6,41.4,0.005869157283032396,0.44522896982736326,29.73580000677921,0
28.700000000000045,77.28000000000023,0.09326918033324248,0.040000000000233626,0.11180339887522082,58.5,11.5,0.6,29.4,-0.009196415500545807,0.40990883859120114,30.77230590030767,0
28.700000000000045,77.29000000000023,0.10032517131826972,0.05000000000023874,0.1216552506062007,60.2,13.8,4.9,21.1,0.020269509912337162,0.38017954680189125,30.52627016794217,0
28.700000000000045,77.30000000000024,0.10784776307390725,0.06000000000024386,0.1315294643799003,41.5,24.0,0.9,33.6,0.15619646397924372,0.3885794187962482,28.971525001138158,-1
28.700000000000045,77.31000000000024,0.11574601505041675,0.07000000000024897,0.1414213562375557,71.2,14.4,0.1,14.3,0.033143593523768125,0.4812792058834572,31.444460586319494,-1
28.700000000000045,77.32000000000025,0.12394813431454778,0.08000000000025409,0.1513274595044667,49.5,8.4,0.7,41.3,-0.005322421205536956,0.399530980187011,29.963795120691888,0
28.700000000000045,77.33000000000025,0.13239765858980762,0.0900000000002592,0.1612451549662271,44.7,22.8,1.5,31.0,0.10909842360969713,0.4050557509435374,29.49396469058372,8
28.700000000000045,77.34000000000026,0.1410501329317684,0.10000000000026432,0.17117242768649799,54.7,23.0,1.1,21.2,0.11713658441198448,0.3805518991979085,30.295375507706378,0
28.710000000000047,76.84,0.384792333603474,0.3999999999999915,0.33136083051562043,14.7,79.5,0.6,5.1,0.5615487770366051,-0.12442486429091135,28.43940958380527,0
28.710000000000047,76.85000000000001,0.3750081865773113,0.38999999999998636,0.32140317359976156,5.4,74.0,0.3,20.3,0.5721163343082428,-0.07512612240450467,27.18817999960171,0
28.710000000000047,76.86000000000001,0.36523573209640914,0.37999999999998124,0.3114482300479414,7.4,78.4,3.4,10.9,0.6769931191042649,-0.03344463132422277,27.698930834014895,0
28.710000000000047,76.87000000000002,0.3554759344878308,0.3699999999999761,0.30149626863361445,14.2,58.1,11.9,15.8,0.43134957157071663,0.12747837269034926,28.492499159256198,0
28.710000000000047,76.88000000000002,0.34572986564656727,0.359999999999971,0.29154759474224784,16.7,72.3,0.8,10.3,0.509012452908114,0.10666505113939287,28.41564371272248,0
28.710000000000047,76.89000000000003,0.335998720235644,0.3499999999999659,0.2816025568065524,15.5,68.6,1.0,14.9,0.591226501872635,0.004778390939729576,28.19531168672952,0
28.710000000000047,76.90000000000003,0.32628383349468576,0.3399999999999608,0.27166155414409554,11.2,73.1,1.9,13.7,0.593968583889438,-0.0010878095150728476,27.70457698954925,0
28.710000000000047,76.91000000000004,0.3165867021843863,0.32999999999995566,0.2617250465660162,8.8,68.6,2.7,19.9,0.5557813881133677,-0.04717902851732976,27.49229579876655,0
28.710000000000047,76.92000000000004,0.30690900931706616,0.31999999999995055,0.25179356624024674,19.4,69.2,1.0,10.4,0.5598261144486217,-0.03216993544454064,28.2551628506141,0
28.710000000000047,76.93000000000005,0.29725265347845237,0.30999999999994543,0.24186773244891496,9.8,58.5,4.7,27.0,0.3701814801927507,-0.04739118181063037,27.60202140309811,0
28.710000000000047,76.94000000000005,0.2876197837423201,0.2999999999999403,0.23194827009481772,5.0,53.1,1.7,40.2,0.4102902485975412,0.06899991937369276,26.641415667343605,-1
28.710000000000047,76.95000000000006,0.27801284142999094,0.2899999999999352,0.22203603311169412,28.9,64.8,1.2,5.0,0.5524315229088272,0.12592541406135732,28.803370811169746,0
28.710000000000047,76.96000000000006,0.26843461028707866,0.2799999999999301,0.2121320343559085,36.8,50.7,2.2,10.4,0.3322899137327482,0.19569405470406218,29.55605832963401,0
28.710000000000047,76.97000000000007,0.25888827706169804,0.26999999999992497,0.20223748416150641,4.8,56.4,5.8,33.0,0.3111693134806619,0.03675680427749042,26.84862469131999,-1
28.710000000000047,76.98000000000008,0.24937750499989655,0.25999999999991985,0.1923538406166484,19.4,59.3,3.1,18.2,0.45197857773190686,0.12288053689933814,27.905225556735942,-1
28.710000000000047,76.99000000000008,0.2399065234627282,0.24999999999991473,0.18248287590887696,43.7,41.4,0.1,14.8,0.27423738237646994,0.3716382373302892,29.80666803959351,-1
28.710000000000047,77.00000000000009,0.2304802377644814,0.23999999999990962,0.17262676501624663,52.7,41.6,0.8,4.8,0.19701922433202237,0.20851538553400162,30.791838643946758,0
28.710000000000047,77.01000000000009,0.2211043644977896,0.2299999999999045,0.16278820596091864,37.9,39.7,1.3,21.0,0.28756892779067605,0.09402085935843855,29.367487762928615,0
28.710000000000047,77.0200000000001,0.21178559913263967,0.2199999999998994,0.15297058540770087,31.3,42.9,0.8,25.1,0.3126146179532972,0.19651996749979245,28.731089438476342,0
28.710000000000047,77.0300000000001,0.20253182465965955,0.20999999999989427,0.14317821063267674,38.1,40.1,2.4,19.4,0.18759304333541793,0.2679255196381122,29.263642688538493,0
28.710000000000047,77.0400000000001,0.19335237262565783,0.19999999999988916,0.13341664064117262,51.1,19.0,3.2,26.7,0.16546536111893273,0.2809332156767209,30.854529118665006,-1
28.710000000000047,77.05000000000011,0.18425835123535533,0.18999999999988404,0.12369316876843542,38.7,32.1,2.8,26.4,0.22645605953902406,0.297237444429251,29.210108819528646,0
28.710000000000047,77.06000000000012,0.17526305942774173,0.17999999999987892,0.11401754250981602,38.1,47.4,9.4,5.2,0.23208699016564144,0.16044465137307493,28.809494905765785,-1
28.710000000000047,77.07000000000012,0.16638251110009397,0.1699999999998738,0.10440306508900477,41.0,38.6,0.6,19.8,0.28834320327925533,0.24684215114582686,29.230719147999896,0
28.710000000000047,77.08000000000013,0.15763609992629815,0.1599999999998687,0.09486832980494825,39.0,31.5,4.2,25.3,0.2229913035208843,0.21354901044655286,29.077426604961556,0
28.710000000000047,77.09000000000013,0.14904744211148013,0.14999999999986358,0.08544003745307058,48.5,27.2,2.7,21.5,0.21555040321429308,0.26047268364418485,29.986426067088306,0
28.710000000000047,77.10000000000014,0.14064544073654286,0.13999999999985846,0.07615773105853389,69.3,18.6,0.9,11.1,0.03620620640708827,0.3596684503790755,31.53343013832569,9
28.710000000000047,77.11000000000014,0.1324656181806357,0.12999999999985334,0.06708203932488978,53.5,31.8,2.5,12.2,0.22786515266701488,0.33487544612408693,30.144630545648926,0
28.710000000000047,77.12000000000015,0.12455175631029757,0.11999999999984823,0.05830951894835306,52.5,21.3,0.2,26.0,0.07986740473183437,0.31978390117008504,30.036914158027766,0
28.710000000000047,77.13000000000015,0.11695785565741934,0.10999999999984311,0.04999999999990834,52.3,22.7,3.0,22.0,0.0764757614930611,0.356887446874596,29.983185274633136,0
28.710000000000047,77.14000000000016,0.10975035307452967,0.099999999999838,0.04242640687111658,39.2,30.4,1.4,28.9,0.13034967499133043,0.2670754295634031,28.80049550474258,0
28.710000000000047,77.15000000000016,0.10301038782562816,0.08999999999983288,0.036055512754590346,68.8,8.8,0.7,21.7,-0.11595716029868391,0.40339291977690994,31.343645797664493,0
28.710000000000047,77.16000000000017,0.09683563393704263,0.07999999999982776,0.03162277660167638,56.9,27.6,2.0,13.5,0.1754212001265215,0.3365041625407431,30.13017231058451,0
28.710000000000047,77.17000000000017,0.09134079044978605,0.06999999999982265,0.030000000000047322,61.8,3.6,2.1,32.5,-0.08125245412575788,0.4792502482939331,30.7058509522956,0
28.710000000000047,77.18000000000018,0.08665529412560283,0.05999999999981753,0.03162277660178423,80.4,15.0,0.4,4.2,-0.10150589073852831,0.5193315836839497,32.722644693013336,-1
28.710000000000047,77.19000000000018,0.08291646398633958,0.04999999999981242,0.036055512754779535,71.6,10.3,0.1,18.1,-0.0035322400072168234,0.5380168310447243,31.105467363273753,0
28.710000000000047,77.20000000000019,0.08025671311486265,0.0399999999998073,0.04242640687135775,57.9,13.5,1.2,27.4,0.07939234257297874,0.3552261084171163,30.105195384043316,0
28.710000000000047,77.21000000000019,0.07878540473974219,0.029999999999802185,0.05000000000018119,63.3,2.1,1.8,32.8,-0.14644927295679638,0.4971413414760319,30.65791211098814,0
28.710000000000047,77.2200000000002,0.07856933243962824,0.01999999999979707,0.058309518948645514,51.8,3.7,41.0,3.4,-0.10232995409558965,0.3260345547264401,31.068313763689286,-1
28.710000000000047,77.2300000000002,0.0796187163926476,0.009999999999791953,0.06708203932519484,60.0,3.7,23.6,12.7,-0.044653914529205654,0.5040616685260425,30.796726114359792,0
28.710000000000047,77.24000000000021,0.08188491924656877,2.1316282072803006e-13,0.07615773105884739,47.1,12.1,36.1,4.8,-0.11904381150936683,0.43566506444762954,29.465951919932227,-1
28.710000000000047,77.25000000000021,0.08527097982327592,0.010000000000218279,0.08544003745338992,69.8,9.7,15.7,4.8,-0.039384064993284326,0.3273142878308184,31.373705376378513,-1
28.710000000000047,77.26000000000022,0.08965009760187757,0.020000000000223395,0.09486832980527181,59.3,26.2,1.2,13.3,0.153130317023625,0.3299393440465022,29.935018866321414,-1
28.710000000000047,77.27000000000022,0.0948848776150922,0.03000000000022851,0.10440306508933143,78.7,11.8,2.7,6.8,-0.02185590236284559,0.43224523497591605,32.07573979719968,-1
28.710000000000047,77.28000000000023,0.10084215388435573,0.040000000000233626,0.11401754251014506,72.8,16.9,0.5,9.8,-0.012800424304582905,0.41681098125392574,31.400114941948235,-1
28.710000000000047,77.29000000000023,0.10740176907314582,0.05000000000023874,0.12369316876876629,55.6,11.4,1.0,32.0,-0.05990443375469616,0.3828035216555367,30.23042996126153,0
28.710000000000047,77.30000000000024,0.11446021142758214,0.06000000000024386,0.13341664064150494,64.7,8.5,1.9,25.0,-0.10410567657627198,0.4494186764587128,31.425599089958464,-1
28.710000000000047,77.31000000000024,0.12193088206050376,0.07000000000024897,0.14317821063301023,57.1,36.3,0.0,6.5,0.1950482299719159,0.3391660355812839,30.035018664354613,0
28.710000000000047,77.32000000000025,0.1297425913108658,0.08000000000025409,0.1529705854080353,60.8,14.4,2.5,22.3,0.08243309746305136,0.3947129082550882,30.97647774665202,0
28.710000000000047,77.33000000000025,0.1378373679379595,0.0900000000002592,0.16278820596125385,55.8,35.8,3.5,4.9,0.3402945351585106,0.23902780329650816,30.214457317738145,-1
28.710000000000047,77.34000000000026,0.14616819079427204,0.10000000000026432,0.1726267650165825,45.4,29.3,1.1,24.3,0.16550913647215457,0.27981809968734617,29.366912581595475,0
28.72000000000005,76.84,0.3869562507571217,0.3999999999999915,0.3324154027718974,5.5,84.3,1.3,8.8,0.6971124288576273,-0.11766229735871012,27.17131599293218,0
28.72000000000005,76.85000000000001,0.3772282333018099,0.38999999999998636,0.3224903099319413,14.3,77.2,3.7,4.8,0.5477588962903985,-0.047429718831909745,28.41407131788149,0
28.72000000000005,76.86000000000001,0.3675148160278728,0.37999999999998124,0.3125699921617501,4.6,73.7,2.8,18.9,0.45871740483178125,-0.0860988366448309,27.510703243037643,0
28.72000000000005,76.87000000000002,0.3578171879605532,0.3699999999999761,0.3026549190084207,4.9,70.2,0.7,24.2,0.6243804538519726,-0.018168600374273754,27.55526667746991,0
28.72000000000005,76.88000000000002,0.34813666856565784,0.359999999999971,0.2927456233660737,4.8,65.6,0.8,28.8,0.46064506294760843,0.051071340901041984,27.368529619416233,0
28.72000000000005,76.89000000000003,0.3384747257920328,0.3499999999999659,0.2828427124745989,17.3,68.5,2.4,11.8,0.5524354146288061,-0.05404965295537871,28.37489044188764,0
28.72000000000005,76.90000000000003,0.32883299712770475,0.3399999999999608,0.2729468812790987,33.2,58.6,1.6,6.7,0.4353230592559431,0.12913578100162204,29.86935336871248,0
28.72000000000005,76.91000000000004,0.319213314258642,0.32999999999995566,0.2630589287592885,5.2,69.9,0.3,24.6,0.5788295464417863,0.014086483013863317,27.238324451963773,0
28.72000000000005,76.92000000000004,0.3096177320503208,0.31999999999995055,0.25317977802340885,19.0,63.2,0.8,17.1,0.5165048830187988,0.01930222514637611,28.33220063742729,0
28.72000000000005,76.93000000000005,0.30004856273607133,0.30999999999994543,0.2433105012118897,33.0,57.7,4.5,4.8,0.4331862828167256,0.17311003277772888,29.556201186798624,0
28.72000000000005,76.94000000000005,0.2905084164012813,0.2999999999999403,0.23345235059853134,21.4,71.2,2.4,5.1,0.5601890604681194,0.005171152987427159,28.192270213468053,0
28.72000000000005,76.95000000000006,0.2810002491101717,0.2899999999999352,0.22360679774993067,27.3,54.7,8.2,9.7,0.4529292290986776,0.05210111682638155,28.965276807215776,0
28.72000000000005,76.96000000000006,0.27152742034641186,0.2799999999999301,0.21377558326426666,15.5,60.4,3.0,21.1,0.4231153561853325,-0.019077953514961873,27.739894145017473,0
28.72000000000005,76.97000000000007,0.2620937618486479,0.26999999999992497,0.2039607805436541,33.9,40.1,6.1,19.9,0.3386807480731363,0.24044046547286957,29.443244457694735,0
28.72000000000005,76.98000000000008,0.25270366044039544,0.25999999999991985,0.1941648783894143,28.5,29.6,0.5,41.4,0.1310071876297536,0.27214289372984857,29.183518776588638,-1
28.72000000000005,76.99000000000008,0.24336215811003525,0.24999999999991473,0.18439088914579177,42.7,49.0,3.1,5.2,0.34482899656017335,0.2613145131763507,29.80795590693084,0
28.72000000000005,77.00000000000009,0.23407507342725137,0.23999999999990962,0.17464249196565967,44.3,40.1,0.0,15.5,0.29235899289372774,0.2659359161217887,30.134783934873287,0
28.72000000000005,77.01000000000009,0.2248491494312857,0.2299999999999045,0.16492422502463225,61.2,31.5,2.2,5.0,0.10204533556846737,0.32112637986102355,31.514872730100215,-1
28.72000000000005,77.0200000000001,0.21569223444522145,0.2199999999998994,0.15524174696252221,45.7,44.5,1.4,8.4,0.36959240178965413,0.2387154212127889,29.784907495697695,0
28.72000000000005,77.0300000000001,0.20661350391485142,0.20999999999989427,0.1456021977855287,41.8,37.8,0.8,19.5,0.263995041726249,0.24000437520533108,29.674989067381993,0
28.72000000000005,77.0400000000001,0.19762373339245584,0.19999999999988916,0.1360147050872694,42.8,46.3,4.0,6.9,0.48174859471507636,0.18027134358325153,29.46928305987958,-1
28.72000000000005,77.05000000000011,0.1887356352149027,0.18999999999988404,0.1264911064066471,36.1,34.8,3.6,25.5,0.3172346255215148,0.2068318564943964,29.224507762685562,0
28.72000000000005,77.06000000000012,0.17996427423234135,0.17999999999987892,0.11704699910710557,50.6,28.6,0.0,20.7,0.15685494344981427,0.22264918904337422,30.129332830821756,0
28.72000000000005,77.07000000000012,0.17132758096691297,0.1699999999998738,0.1077032961425974,40.0,38.2,1.8,20.0,0.3330793351238036,0.19189267881078387,29.302390204021396,0
28.72000000000005,77.08000000000013,0.16284698339230938,0.1599999999998687,0.09848857801786715,52.1,29.6,1.0,17.3,0.2087668162677122,0.30731749938992553,30.069321397225718,0
28.72000000000005,77.09000000000013,0.15454818018979147,0.14999999999986358,0.08944271909989752,59.5,27.5,1.0,12.0,0.15905535842567298,0.2056921500114198,30.90788967689489,0
28.72000000000005,77.10000000000014,0.146462077002812,0.13999999999985846,0.08062257748289278,38.5,24.6,3.4,33.5,0.03843187703851149,0.26675670448217986,29.173819626451092,-1
28.72000000000005,77.11000000000014,0.13862589945597903,0.12999999999985334,0.07211102550919056,62.7,16.2,0.7,20.4,-0.02537675704851157,0.4531286852741659,31.14103018965543,9
28.72000000000005,77.12000000000015,0.1310844765789641,0.11999999999984823,0.06403124237424584,68.4,20.7,5.9,5.1,0.08651851257914832,0.4688614450648242,31.31064844276084,0
28.72000000000005,77.13000000000015,0.12389164620741372,0.10999999999984311,0.056568542494852256,58.5,24.3,0.4,16.7,0.09393176866050273,0.3276277772186034,30.22405664559537,0
28.72000000000005,77.14000000000016,0.11711165612348398,0.099999999999838,0.049999999999946,39.2,34.1,2.4,24.3,0.21815946123985133,0.21885004883784157,28.447163459586616,-1
28.72000000000005,77.15000000000016,0.11082030499862179,0.08999999999983288,0.04472135954996783,47.4,17.3,2.0,33.2,0.12431849154681508,0.3197009131142493,29.786179915543695,0
28.72000000000005,77.16000000000017,0.10510537569501456,0.07999999999982776,0.04123105625618391,73.0,2.0,0.6,24.3,-0.0387520897081162,0.4810804781273849,31.812588182371467,-1
28.72000000000005,77.17000000000017,0.10006567843168286,0.06999999999982265,0.040000000000048885,63.3,14.4,0.8,21.5,-0.005214304145596087,0.4750324493424372,30.61365687794147,0
28.72000000000005,77.18000000000018,0.09580782849013943,0.05999999999981753,0.04123105625626663,53.9,27.0,3.8,15.2,0.18924789472528797,0.4081604059403703,29.591439792943458,0
28.72000000000005,77.19000000000018,0.09243992643873741,0.04999999999981242,0.044721359550120354,56.0,14.4,2.8,26.7,-0.01610236604202589,0.31157615834555874,30.1537034484768,0
28.72000000000005,77.20000000000019,0.09006186762444249,0.0399999999998073,0.05000000000015063,71.8,10.6,0.8,16.7,-0.06171201259922218,0.4218267399688308,31.376400922343187,0
28.72000000000005,77.21000000000019,0.08875325346152796,0.029999999999802185,0.05656854249509342,71.2,22.0,1.6,5.3,0.11708185338510174,0.3104263592045847,30.9834576931916,-1
28.72000000000005,77.2200000000002,0.08856150405232542,0.01999999999979707,0.06403124237451216,50.6,8.1,37.0,4.2,-0.06782512961412089,0.40986827375020835,30.250624859506065,-1
28.72000000000005,77.2300000000002,0.08949379866791936,0.009999999999791953,0.07211102550947433,51.3,3.1,41.2,4.4,-0.10419228913826536,0.4139816456572096,30.307678703183566,-1
28.72000000000005,77.24000000000021,0.09151579098722976,2.1316282072803006e-13,0.0806225774831889,48.0,12.6,35.3,4.2,0.0630986032037739,0.39894602544363217,30.006211834569,0
28.72000000000005,77.25000000000021,0.09455760149254402,0.010000000000218279,0.08944271910020259,49.1,14.0,31.5,5.4,0.05888168455038454,0.4104609210370217,29.745885816841657,0
28.72000000000005,77.26000000000022,0.09852481920829599,0.020000000000223395,0.09848857801817881,85.6,4.6,4.2,5.6,-0.07719028403916685,0.5614130912906514,32.29777875382563,0
28.72000000000005,77.27000000000022,0.1033108900360086,0.03000000000022851,0.10770329614291407,52.4,16.1,2.4,29.1,-0.03635494843589315,0.29440305511157194,30.10293067448524,-1
28.72000000000005,77.28000000000023,0.10880781221969918,0.040000000000233626,0.11704699910742611,66.4,18.0,5.4,10.1,0.025241884496651656,0.4079148883745407,31.25467016950366,-1
28.72000000000005,77.29000000000023,0.11491361973257382,0.05000000000023874,0.12649110640697064,75.0,16.1,2.5,6.5,0.14200390050826003,0.3597140254649775,31.70274893505214,-1
28.72000000000005,77.30000000000024,0.12153657885611246,0.06000000000024386,0.13601470508759536,67.1,21.4,5.8,5.7,0.14092702074997066,0.4811436386576213,31.09824635816489,-1
28.72000000000005,77.31000000000024,0.1285968117802837,0.07000000000024897,0.14560219778585662,49.0,38.0,1.6,11.4,0.31317954755101396,0.2392661278213563,29.508280752731885,0
28.72000000000005,77.32000000000025,0.13602624746738987,0.08000000000025409,0.15524174696285176,59.9,21.7,1.9,16.5,0.10810123724509373,0.30287683644817665,30.578955954259214,0
28.72000000000005,77.33000000000025,0.14376765978503533,0.0900000000002592,0.16492422502496312,51.6,28.8,7.6,11.9,0.14164758712638897,0.2835867250951674,29.973993105895453,0
28.72000000000005,77.34000000000026,0.15177331781334935,0.10000000000026432,0.17464249196599166,38.7,25.2,2.0,34.1,0.17205962836859442,0.30049412143166637,29.219239978725845,0
28.73000000000005,76.84,0.38936504722433646,0.3999999999999915,0.33376638536557857,5.2,68.3,0.1,26.4,0.5787919514297647,0.010762423628150185,27.966270549951712,0
28.73000000000005,76.85000000000001,0.3796987490103253,0.38999999999998636,0.323882694814034,5.2,73.2,2.7,18.9,0.534812905235222,0.014615477289434797,27.11657101351101,0
28.73000000000005,76.86000000000001,0.37005018578566135,0.37999999999998124,0.3140063693621479,17.0,63.1,4.5,15.4,0.4322397598510984,0.03864548652973922,28.855930603321692,0
28.73000000000005,76.87000000000002,0.360420781864752,0.3699999999999761,0.30413812651490246,4.9,74.3,3.1,17.6,0.49263701801608695,-0.07349160372300917,27.44278226044171,0
28.73000000000005,76.88000000000002,0.35081211495613435,0.359999999999971,0.2942787793912299,11.7,78.9,1.7,7.6,0.5731787497028069,-0.0251465314533781,27.88767073702733,0
28.73000000000005,76.89000000000003,0.34122593688052655,0.3499999999999659,0.2844292530665398,15.0,62.7,2.3,20.0,0.4977459438171862,0.0643817832362206,28.35173484486398,0
28.73000000000005,76.90000000000003,0.3316641976457368,0.3399999999999608,0.27459060435489696,11.1,63.1,9.3,16.6,0.4380869557727524,0.023738920340139778,27.95563842223887,0
28.73000000000005,76.91000000000004,0.3221290735093432,0.32999999999995566,0.26476404589744723,22.3,63.9,0.2,13.6,0.5216865025485425,0.0878811213563454,28.69843780982855,0
28.73000000000005,76.92000000000004,0.3126229997936581,0.31999999999995055,0.25495097567960734,14.1,73.4,2.4,10.1,0.6589587481401573,-0.05521244146247911,27.731639080779647,0
28.73000000000005,76.93000000000005,0.3031487093820184,0.30999999999994543,0.2451530134425888,28.5,60.0,0.7,10.8,0.4412410277312401,0.08429884363172649,29.104739557819535,0
28.73000000000005,76.94000000000005,0.2937092780284299,0.2999999999999403,0.23537204591875546,7.8,72.4,2.1,17.7,0.5507865119545169,-0.14024867741186,27.127101068967537,-1
28.73000000000005,76.95000000000006,0.2843081778633528,0.2899999999999352,0.2256102834535242,24.2,35.7,1.9,38.2,0.248730576356059,0.2635934102338997,29.089280698864115,-1
28.73000000000005,76.96000000000006,0.2749493407884048,0.2799999999999301,0.21587033144917933,41.9,27.2,0.3,30.6,0.1160798764697502,0.26511541956201445,30.696555408620053,-1
28.73000000000005,76.97000000000007,0.26563723383587823,0.26999999999992497,0.2061552812808291,17.4,52.5,0.5,29.6,0.34013396992492345,0.15947819348526346,27.98592524678812,0
28.73000000000005,76.98000000000008,0.2563769490417888,0.25999999999991985,0.19646882704382693,22.4,61.8,2.0,13.9,0.4253246154884842,0.025390463168192275,28.111218423828486,0
28.73000000000005,76.99000000000008,0.2471743109628812,0.24999999999991473,0.18681541692263195,34.4,32.6,0.3,32.8,0.13612112322826223,0.25531120223789217,29.651044833920366,-1
28.73000000000005,77.00000000000009,0.23803600567975933,0.23999999999990962,0.17720045146662758,35.5,22.2,0.6,41.6,0.1447893425381509,0.2982371977269186,29.72488180006071,-1
28.73000000000005,77.01000000000009,0.22896973599140552,0.2299999999999045,0.16763054614233253,37.4,47.2,3.6,11.8,0.2999710023130041,0.14610029265580277,29.36740595872769,0
28.73000000000005,77.0200000000001,0.21998440853836362,0.2199999999998994,0.15811388300834595,41.7,43.6,0.8,13.9,0.34796934627156295,0.23108043930889022,29.637684474164743,0
28.73000000000005,77.0300000000001,0.21109035979876867,0.20999999999989427,0.1486606874731089,44.7,30.1,1.4,23.9,0.19736414960155735,0.34744746273322513,30.070451643371797,0
28.73000000000005,77.0400000000001,0.20229962926306555,0.19999999999988916,0.1392838827717622,48.8,26.3,5.5,19.5,0.13556096847774576,0.4043895349918688,30.50694083006902,0
28.73000000000005,77.05000000000011,0.19362628953727878,0.18999999999988404,0.12999999999991865,46.2,28.2,0.5,25.0,0.19428141390310794,0.33473615307124627,30.041000237555167,0
28.73000000000005,77.06000000000012,0.18508684448111018,0.17999999999987892,0.12083045973586258,39.0,35.1,0.9,24.9,0.16872692106528256,0.18099835162594663,29.36146208178164,0
28.73000000000005,77.07000000000012,0.17670070741220995,0.1699999999998738,0.11180339887490527,56.9,28.9,2.1,12.1,0.12107978611447442,0.25592105447463986,30.479377759692277,0
28.73000000000005,77.08000000000013,0.16849077126055417,0.1599999999998687,0.10295630140978568,63.6,28.8,2.7,4.9,0.19487987442786558,0.40374679104889744,31.296031876538517,-1
28.73000000000005,77.09000000000013,0.16048408020728272,0.14999999999986358,0.09433981132048287,52.7,8.2,5.2,33.9,-0.13598362206628734,0.36723542444510454,30.36477403589962,-1
28.73000000000005,77.10000000000014,0.15271260589741414,0.13999999999985846,0.08602325267034597,42.2,25.6,5.2,27.0,0.13113055901501916,0.32939775445220276,29.28082625675559,0
28.73000000000005,77.11000000000014,0.14521411777089893,0.12999999999985334,0.07810249675899142,56.8,13.0,2.7,27.5,0.046525115939763925,0.4120970147965291,31.011631243734396,0
28.73000000000005,77.12000000000015,0.1380331119694919,0.11999999999984823,0.07071067811858793,51.2,23.3,0.5,24.9,0.17524413633443484,0.40303506778841175,30.023900327114113,0
28.73000000000005,77.13000000000015,0.1312217207629296,0.10999999999984311,0.06403124237427414,33.2,26.7,0.1,40.0,0.21607398328438054,0.29159758333713437,28.389756136083893,-1
28.73000000000005,77.14000000000016,0.12484045818558366,0.099999999999838,0.058309518948416426,61.1,25.1,0.9,12.9,0.11938568753580418,0.3562710733794354,30.76880174766612,0
28.73000000000005,77.15000000000016,0.11895856421455689,0.08999999999983288,0.05385164807133235,51.4,7.8,0.3,40.5,0.00871332642415519,0.5182622734230289,30.132426816113952,-1
28.73000000000005,77.16000000000017,0.11365359651146749,0.07999999999982776,0.050990195135944875,60.0,21.8,2.6,15.5,0.05598249210839504,0.4121623750856259,30.332824267938832,0
28.73000000000005,77.17000000000017,0.10900981607173853,0.06999999999982265,0.05000000000005045,54.7,19.9,1.9,23.5,0.05692567804908723,0.39233661084945975,30.423081074375418,0
28.73000000000005,77.18000000000018,0.10511488952568647,0.05999999999981753,0.050990195136011766,60.1,31.9,0.1,7.9,0.25548302568255815,0.28666969638909695,30.274340748980443,0
28.73000000000005,77.19000000000018,0.1020545932332322,0.04999999999981242,0.053851648071459014,65.4,11.2,3.6,19.9,-0.0011952155794526386,0.3828678458166363,31.10681681766043,0
28.73000000000005,77.20000000000019,0.09990565549559195,0.0399999999998073,0.0583095189485919,54.3,20.4,0.6,24.8,0.09158388809154101,0.34792659500060485,30.01734772380599,0
28.73000000000005,77.21000000000019,0.0987276050555645,0.029999999999802185,0.0640312423744872,63.8,2.0,1.1,33.1,-0.13365681200392843,0.4064587610546605,31.144643808178955,0
28.73000000000005,77.2200000000002,0.09855526368495673,0.01999999999979707,0.0707106781188291,50.9,1.8,42.9,4.4,-0.06267164176628799,0.427601150496291,30.37531757029895,-1
28.73000000000005,77.2300000000002,0.09939386298970065,0.009999999999791953,0.07810249675925343,48.4,15.3,32.7,3.6,0.07540271424228563,0.4087476784650577,30.52949614953466,0
28.73000000000005,77.24000000000021,0.1012182789817117,2.1316282072803006e-13,0.0860232526706235,48.1,11.2,37.1,3.6,0.036951145186508584,0.43738949182845344,30.54077465109744,0
28.73000000000005,77.25000000000021,0.10397663199019318,0.010000000000218279,0.0943398113207721,38.9,23.4,33.8,3.9,0.05003194330252337,0.28259978658621365,29.245371558068616,-1
28.73000000000005,77.26000000000022,0.10759711892066957,0.020000000000223395,0.10295630141008383,71.0,4.5,1.1,23.5,-0.009502782834448512,0.6,31.597081967178426,-1
28.73000000000005,77.27000000000022,0.1119961606486292,0.03000000000022851,0.11180339887521033,54.0,26.1,3.0,16.9,0.08499496698822342,0.39516702760258215,29.84410918653389,0
28.73000000000005,77.28000000000023,0.11708603674238281,0.040000000000233626,0.12083045973617307,59.0,30.2,4.5,6.2,0.1704792500456477,0.32450152879652444,30.584119808231485,0
28.73000000000005,77.29000000000023,0.12278086170101543,0.05000000000023874,0.13000000000023348,59.4,24.2,1.1,15.3,0.0368940414803231,0.4142711712349179,30.495734565791583,0
28.73000000000005,77.30000000000024,0.12900054263470886,0.06000000000024386,0.13928388277208054,72.7,19.8,1.1,6.4,0.06922658211620149,0.39012534660994264,31.718182747488473,-1
28.73000000000005,77.31000000000024,0.13567291549920718,0.07000000000024897,0.14866068747343006,49.9,24.9,2.4,22.8,0.0739206765919279,0.3378957859667402,29.901357917904985,0
28.73000000000005,77.32000000000025,0.14273450879188568,0.08000000000025409,0.1581138830086695,44.4,13.4,5.3,37.0,-0.0018428579837354263,0.34817166341050726,29.903432511031813,0
28.73000000000005,77.33000000000025,0.1501304099776823,0.0900000000002592,0.16763054614265804,44.9,34.7,0.6,19.9,0.21529552198422414,0.20061115403975094,29.657381106147046,0
28.73000000000005,77.34000000000026,0.15781362425365322,0.10000000000026432,0.1772004514669548,42.7,23.6,1.1,32.6,0.15376124034368743,0.3367315567188532,29.67150101767377,8
28.74000000000005,76.84,0.39201420892617034,0.3999999999999915,0.33541019662497606,8.4,70.0,2.8,18.8,0.5696451733346147,-0.02509511211602752,28.266061860061935,0
28.74000000000005,76.85000000000001,0.382414879417639,0.38999999999998636,0.325576411921997,5.2,66.5,2.0,26.3,0.38163518563776083,-0.013485836203068093,27.03193560487262,-1
28.74000000000005,76.86000000000001,0.3728366130089745,0.37999999999998124,0.31575306807693704,4.8,62.9,0.2,32.0,0.5000159136567082,-0.0014567616309571507,27.373249699517732,0
28.74000000000005,76.87000000000002,0.36328107575264706,0.3699999999999761,0.30594117081556055,5.0,79.7,2.0,13.4,0.6276138202922451,-0.12840506023998716,27.03618944830131,0
28.74000000000005,76.88000000000002,0.35375010954061537,0.359999999999971,0.2961418578992058,20.6,70.9,0.5,8.0,0.5100898653829887,0.08671689786136749,28.689244705077698,0
28.74000000000005,76.89000000000003,0.344245755238891,0.3499999999999659,0.28635642126551125,25.8,68.3,1.3,4.6,0.4706796348706799,0.04833691148642726,29.277397595381874,-1
28.74000000000005,76.90000000000003,0.3347702794454605,0.3399999999999608,0.2765863337187663,12.3,67.6,1.5,18.5,0.5052785931262435,-0.01444829730917808,27.978866299822172,0
28.74000000000005,76.91000000000004,0.3253262055229938,0.32999999999995566,0.26683328128250183,12.3,46.6,3.9,37.2,0.3309299009446955,0.038439482373291034,28.366680047495905,0
28.74000000000005,76.92000000000004,0.31591634968767746,0.31999999999995055,0.2570992026436195,17.9,70.7,1.3,10.2,0.5551941141140617,0.07036902663718268,28.1721169906475,0
28.74000000000005,76.93000000000005,0.30654386309300796,0.30999999999994543,0.24738633753702594,31.0,53.4,0.7,14.9,0.3707354955439966,0.17186591139383472,29.457030060395002,0
28.74000000000005,76.94000000000005,0.297212281038289,0.2999999999999403,0.23769728648005622,10.5,62.0,0.5,27.0,0.331788915983944,0.02157546995891076,27.625414341995626,0
28.74000000000005,76.95000000000006,0.28792558066274904,0.2899999999999352,0.22803508501978537,24.9,56.1,4.2,14.8,0.38013483786982927,0.029993523370907854,28.758275400458302,0
28.74000000000005,76.96000000000006,0.2786882487654973,0.2799999999999301,0.21840329667836916,32.1,37.1,0.4,30.4,0.17471538289819372,0.2937465627489748,29.722689723982125,-1
28.74000000000005,76.97000000000007,0.2695053617277,0.26999999999992497,0.20880613017816063,30.5,51.3,1.1,17.1,0.4644610484258173,0.11676047091932475,29.153637994060833,0
28.74000000000005,76.98000000000008,0.26038267991549924,0.25999999999991985,0.1992485884516585,29.0,65.8,0.4,4.9,0.4951656382709689,0.02442445776291511,28.662881717390285,0
28.74000000000005,76.99000000000008,0.25132675941884197,0.24999999999991473,0.1897366596100448,40.2,50.3,3.0,6.4,0.38975600064416316,0.16664386386887045,29.71461395537448,0
28.74000000000005,77.00000000000009,0.2423450845385063,0.23999999999990962,0.18027756377313797,5.0,54.0,1.3,39.7,0.4177563546875384,0.06375680360877814,26.73247476259129,-1
28.74000000000005,77.01000000000009,0.2334462250711613,0.2299999999999045,0.17088007490628584,40.4,51.9,0.9,6.8,0.3826164237980873,0.1532683545154045,29.527028568856363,0
28.74000000000005,77.0200000000001,0.2246400231480914,0.2199999999998994,0.16155494421396735,29.7,48.8,0.9,20.6,0.31838911900503375,-0.02426172919458841,28.602053067527198,-1
28.74000000000005,77.0300000000001,0.21593781512272225,0.20999999999989427,0.15231546211720773,18.6,48.8,3.8,28.8,0.3120085473036053,0.12428130128023644,27.680774460662683,0
28.74000000000005,77.0400000000001,0.207352694701504,0.19999999999988916,0.14317821063269087,41.0,27.5,1.5,30.0,0.04647032498338309,0.3316290981730582,29.9496922088534,-1
28.74000000000005,77.05000000000011,0.1988998240320375,0.18999999999988404,0.13416407864991303,52.5,34.6,2.5,10.4,0.2185096567570655,0.2399474741396185,30.58392018167239,0
28.74000000000005,77.06000000000012,0.19059679955333989,0.17999999999987892,0.12529964086134127,39.0,43.1,4.4,13.5,0.30291904684789434,0.27952764799584773,29.253366651777068,0
28.74000000000005,77.07000000000012,0.18246407865653116,0.1699999999998738,0.1166190378968304,53.0,24.8,4.6,17.6,0.12080850769010432,0.3787435437654608,30.58452818269238,0
28.74000000000005,77.08000000000013,0.1745254709203724,0.1599999999998687,0.10816653826384495,57.6,36.9,0.7,4.7,0.2392710934357538,0.3117387603056755,30.810230038085237,0
28.74000000000005,77.09000000000013,0.16680869281898625,0.14999999999986358,0.09999999999992752,61.5,27.1,6.3,5.1,0.08357948330229359,0.2982955833408695,30.97454813588293,-1
28.74000000000005,77.10000000000014,0.15934597578847196,0.13999999999985846,0.09219544457286044,65.5,17.7,0.1,16.8,0.04459763430168857,0.42194342097790394,31.445073173776606,9
28.74000000000005,77.11000000000014,0.15217470223391882,0.12999999999985334,0.0848528137423236,59.0,34.9,1.0,5.2,0.18160731031091057,0.32024649616963247,30.457154654626855,0
28.74000000000005,77.12000000000015,0.14533801980205882,0.11999999999984823,0.0781024967590137,53.1,24.6,4.6,17.6,0.15465029578175052,0.33220384625767213,30.152807728541706,0
28.74000000000005,77.13000000000015,0.13888534839926647,0.10999999999984311,0.07211102550923983,37.2,37.1,0.7,25.0,0.23594921641176247,0.2706669823422399,28.587108003142326,-1
28.74000000000005,77.14000000000016,0.13287264579283362,0.099999999999838,0.06708203932497081,52.4,22.9,0.7,24.1,0.0741093680404065,0.3246634720877797,30.005059665025936,0
28.74000000000005,77.15000000000016,0.12736223930188342,0.08999999999983288,0.06324555320336624,43.0,23.1,0.7,33.2,0.09990245577158487,0.2999186010128015,29.420467611432812,0
28.74000000000005,77.16000000000017,0.1224219751514932,0.07999999999982776,0.060827625303006304,74.8,18.5,1.8,4.8,0.014523766213951204,0.3985814296147649,31.973562267839817,-1
28.74000000000005,77.17000000000017,0.11812341004219114,0.06999999999982265,0.06000000000005201,52.2,22.6,1.1,24.1,0.08699124365794235,0.3210381627216545,30.04014800287474,0
28.74000000000005,77.18000000000018,0.11453881438184452,0.05999999999981753,0.06082762530306238,57.9,3.7,2.6,35.9,-0.03756565191591911,0.44770047746101155,30.73869331248315,0
28.74000000000005,77.19000000000018,0.11173692317225244,0.04999999999981242,0.0632455532034741,59.0,8.3,4.2,28.5,-0.09191474367607944,0.42619452426220183,30.893833597111144,0
28.74000000000005,77.20000000000019,0.10977768443543189,0.0399999999998073,0.06708203932512334,55.6,25.1,2.1,17.1,0.12284216985772206,0.3297481532169301,30.201892132277138,0
28.74000000000005,77.21000000000019,0.10870666952863971,0.029999999999802185,0.07211102550942901,77.5,13.1,0.5,9.0,-0.019596745688912613,0.5132048970483114,31.924616429306287,-1
28.74000000000005,77.2200000000002,0.10855017273138129,0.01999999999979707,0.07810249675923205,46.0,14.6,35.0,4.4,-0.03517908306788338,0.44013489331720984,29.79076622822368,-1
28.74000000000005,77.2300000000002,0.10931212192623811,0.009999999999791953,0.08485281374256477,53.2,6.6,35.7,4.4,0.05266467996444892,0.36250739213102134,30.57539463670953,0
28.74000000000005,77.24000000000021,0.1109736004643491,2.1316282072803006e-13,0.09219544457311939,49.9,12.8,17.6,19.7,0.07788870089990468,0.45967307167348825,29.883855616241885,0
28.74000000000005,77.25000000000021,0.1134951100269321,0.010000000000218279,0.10000000000020037,43.3,7.5,27.8,21.4,-0.062403166182441405,0.42612327122455484,29.503079653480558,-1
28.74000000000005,77.26000000000022,0.11682097414432938,0.020000000000223395,0.10816653826412874,49.3,21.0,1.6,28.0,0.07451154516355155,0.2982460699697509,29.767206363638266,0
28.74000000000005,77.27000000000022,0.12088482121438954,0.03000000000022851,0.11661903789712286,53.3,16.1,0.2,30.4,-0.05621229046017001,0.36290580574199083,30.272572510566704,0
28.74000000000005,77.28000000000023,0.12561504686955294,0.040000000000233626,0.1252996408616407,52.6,16.6,0.3,30.6,-0.030224360282245996,0.38899939098562725,30.04543979683228,0
28.74000000000005,77.29000000000023,0.1309394516562722,0.05000000000023874,0.1341640786502181,45.3,24.2,0.7,29.9,0.061398579648425815,0.23214915529638724,29.54288041915398,-1
28.74000000000005,77.30000000000024,0.13678866912157125,0.06000000000024386,0.14317821063300054,37.5,31.0,0.6,30.9,0.17732075124100025,0.25316277763773337,28.815932177254993,0
28.74000000000005,77.31000000000024,0.1430983577825279,0.07000000000024897,0.15231546211752123,50.3,42.9,1.8,5.0,0.2803639244103042,0.26267728400950424,29.623538122776562,0
28.74000000000005,77.32000000000025,0.149810346772385,0.08000000000025409,0.161554944214284,35.6,20.2,3.5,40.7,0.0983860973311644,0.2685814420097709,28.92573072207541,-1
28.74000000000005,77.33000000000025,0.1568730059636403,0.0900000000002592,0.1708800749066052,56.2,35.9,2.9,5.0,0.25703038295350955,0.21510723284903882,30.36211889093571,-1
28.74000000000005,77.34000000000026,0.16424110326003843,0.10000000000026432,0.1802775637734596,46.9,37.1,0.6,15.4,0.24780046424432503,0.2651321775693701,29.720310785558162,0
28.750000000000053,76.84,0.3948988984537847,0.3999999999999915,0.33734255586866946,5.2,73.9,0.6,20.3,0.5110296076019364,0.05651252144984198,26.96331515935844,0
28.750000000000053,76.85000000000001,0.3853714312192963,0.38999999999998636,0.32756678708318876,4.9,77.0,6.7,11.4,0.6092011717111033,-0.10596160053122775,27.466486370565978,0
28.750000000000053,76.86000000000001,0.3758685142440176,0.37999999999998124,0.3178049716414142,5.0,71.6,0.0,23.4,0.576167590564957,-0.07735225329776543,27.35601270629562,0
28.750000000000053,76.87000000000002,0.36639205777418526,0.3699999999999761,0.30805843601498284,10.6,78.7,4.5,6.1,0.5869363709117232,-0.07172468826782387,27.9176781643005,0
28.750000000000053,76.88000000000002,0.35694416930382655,0.359999999999971,0.29832867780351696,20.7,74.2,0.4,4.7,0.47547891704737505,0.06958637696205383,28.821316132102485,-1
28.750000000000053,76.89000000000003,0.34752717879325046,0.3499999999999659,0.28861739379322277,4.9,74.0,5.8,15.4,0.6252034529221937,-0.1379202292696385,26.743504674268035,0
28.750000000000053,76.90000000000003,0.3381436676916975,0.3399999999999608,0.27892651361960913,13.9,72.6,0.9,12.6,0.5578157274732621,0.017191206563530334,28.036603948664624,0
28.750000000000053,76.91000000000004,0.3287965024144731,0.32999999999995566,0.2692582403567029,13.0,63.9,1.2,21.9,0.33645806284517665,-0.004046659891317007,28.046024511307593,-1
28.750000000000053,76.92000000000004,0.31948887304566387,0.31999999999995055,0.25961509971491675,23.7,51.2,2.6,22.6,0.46431265424335977,0.09586499955712248,29.03676094731614,0
28.750000000000053,76.93000000000005,0.31022433818123657,0.30999999999994543,0.24999999999996916,20.8,61.1,1.8,16.2,0.42596187404575836,0.0063916640191879065,28.522689223209753,0
28.750000000000053,76.94000000000005,0.30100687699782597,0.2999999999999403,0.2404163056033912,11.3,65.7,0.7,22.2,0.6132511593588659,-0.0070485579225581015,27.6631062432215,0
28.750000000000053,76.95000000000006,0.29184094983395087,0.2899999999999352,0.2308679276122649,19.5,48.8,1.7,30.0,0.3580682183067623,0.06543506183723748,28.463563941257604,0
28.750000000000053,76.96000000000006,0.28273156880684747,0.2799999999999301,0.22135943621174364,14.4,45.9,2.4,37.2,0.3029660162464412,0.08658404571575663,28.130077980689165,0
28.750000000000053,76.97000000000007,0.27368438026306846,0.26999999999992497,0.21189620100412423,36.6,52.1,0.1,11.2,0.3780797362153653,0.0260253003343493,29.608094478390207,-1
28.750000000000053,76.98000000000008,0.2647057611764027,0.25999999999991985,0.2024845673131156,28.2,45.1,0.0,26.7,0.2704364141428076,0.07240438015115123,28.96874673342688,0
28.750000000000053,76.99000000000008,0.2558029319612617,0.24999999999991473,0.19313207915822597,47.0,37.0,1.2,14.9,0.23606551987780186,0.272836149079825,30.634686251967416,0
28.750000000000053,77.00000000000009,0.24698408855628168,0.23999999999990962,0.1838477631084455,29.9,44.5,0.3,25.3,0.4010310316604095,0.2303113376962671,28.990760502183598,-1
28.750000000000053,77.01000000000009,0.238258557034111,0.2299999999999045,0.17464249196567005,25.5,37.6,2.2,34.7,0.19346887848746236,0.3499914563404764,28.67288752563568,-1
28.750000000000053,77.0200000000001,0.22963697437472141,0.2199999999998994,0.16552945357240614,18.9,40.8,0.5,39.8,0.293868235446759,0.1989276828786651,28.0082337127845,-1
28.750000000000053,77.0300000000001,0.22113149933914075,0.20999999999989427,0.15652475842492078,17.7,53.4,1.1,27.8,0.34461205776365583,0.0603651294341881,27.575521070962935,-1
28.750000000000053,77.0400000000001,0.21275605749302778,0.19999999999988916,0.1476482306022678,22.3,36.0,0.5,41.2,0.2155959507797592,0.0877184263551809,28.171022937588166,-1
28.750000000000053,77.05000000000011,0.2045266241836913,0.18999999999988404,0.13892443989443076,39.9,24.2,1.5,34.3,0.21663051669403027,0.3256883215162077,29.86065423459665,0
28.750000000000053,77.06000000000012,0.19646154840064112,0.17999999999987892,0.13038404810398535,49.4,33.1,0.3,17.3,0.2242230906705934,0.21007372768438592,30.08845342070588,0
28.750000000000053,77.07000000000012,0.18858191853933987,0.1699999999998738,0.12206555615726995,27.7,48.4,0.0,23.8,0.37288367617367923,0.10074112743937483,28.086495558074844,-1
28.750000000000053,77.08000000000013,0.18091196754217,0.1599999999998687,0.11401754250984843,54.9,31.0,0.1,14.0,0.18254231980261423,0.35400136935056925,30.488610066128967,0
28.750000000000053,77.09000000000013,0.17347950887635213,0.14999999999986358,0.10630145812728424,42.7,31.8,6.5,18.9,0.3209744354734543,0.28381025099648044,29.41756038324919,0
28.750000000000053,77.10000000000014,0.16631638524204917,0.13999999999985846,0.09899494936605928,48.0,30.7,0.3,21.0,0.12881806274546215,0.24404675295531866,29.913487415083686,0
28.750000000000053,77.11000000000014,0.15945889752529735,0.12999999999985334,0.09219544457287854,62.6,10.4,2.4,24.5,-0.08536859537687676,0.35048002947642753,31.490201223218623,-1
28.750000000000053,77.12000000000015,0.1529481611526764,0.11999999999984823,0.08602325267038562,62.8,31.6,0.2,5.4,0.26870062919305154,0.3410121743973073,30.714510567023677,-1
28.750000000000053,77.13000000000015,0.14683031022233473,0.10999999999984311,0.08062257748295756,49.1,31.5,0.2,19.2,0.164420822567579,0.30658482910773704,29.722825585137993,0
28.750000000000053,77.14000000000016,0.14115643803946473,0.099999999999838,0.0761577310586272,43.6,25.5,1.4,29.5,0.1500129534490387,0.3784930843053752,29.366494796383265,0
28.750000000000053,77.15000000000016,0.13598213117903266,0.08999999999983288,0.07280109889281267,31.7,39.6,1.3,27.4,0.3422179249399728,0.0724939649299584,28.09718320842626,-1
28.750000000000053,77.16000000000017,0.13136643406895934,0.07999999999982776,0.0707106781186844,49.7,17.9,6.5,25.9,0.08227794185083605,0.3655108935649379,29.787514249469698,0
28.750000000000053,77.17000000000017,0.12737009068065017,0.06999999999982265,0.07000000000005357,53.2,32.9,5.9,7.9,0.30764091359055756,0.3409384135362187,29.846525789677063,-1
28.750000000000053,77.18000000000018,0.12405297255608208,0.05999999999981753,0.07071067811873263,47.5,27.5,3.2,21.8,0.15430979314027493,0.2839877037064381,29.39550114551532,0
28.750000000000053,77.19000000000018,0.12147073721684276,0.04999999999981242,0.07280109889290635,55.3,19.5,1.9,23.3,0.04009365679957762,0.28856700992380935,30.217462425544756,0
28.750000000000053,77.20000000000019,0.11967096556812219,0.0399999999998073,0.07615773105876154,62.2,22.7,1.3,13.8,-0.013374159681554532,0.3268605324697266,30.464516850570295,-1
28.750000000000053,77.21000000000019,0.11868925814921209,0.029999999999802185,0.08062257748312678,54.9,21.1,0.9,23.1,0.1049273724200499,0.36107076553567313,30.12666291818687,0
28.750000000000053,77.2200000000002,0.11854594046197506,0.01999999999979707,0.08602325267058386,34.2,22.4,40.0,3.4,-0.010221310175258222,0.2662499722054614,29.26708961867918,-1
28.750000000000053,77.2300000000002,0.11924403549032618,0.009999999999791953,0.09219544457310051,54.5,11.2,29.5,4.7,0.017031987057332422,0.42269438796429126,30.509418245074276,0
28.750000000000053,77.24000000000021,0.12076895296400647,2.1316282072803006e-13,0.09899494936630045,48.3,11.2,36.5,4.0,0.07377690874389704,0.4528676338183045,30.460061233875614,0
28.750000000000053,77.25000000000021,0.12308996709735058,0.010000000000218279,0.10630145812754091,34.1,25.6,36.4,3.8,0.12954696564297677,0.2543336808310146,28.979891370369486,0
28.750000000000053,77.26000000000022,0.12616314834384681,0.020000000000223395,0.11401754251011764,66.2,13.0,0.1,20.7,0.026505314642463987,0.4945862936460465,31.445557098964045,-1
28.750000000000053,77.27000000000022,0.12993513766505327,0.03000000000022851,0.12206555615754937,54.0,31.4,5.9,8.7,0.2283832348242035,0.29921732835072995,29.95679684294878,0
28.750000000000053,77.28000000000023,0.13434708779888532,0.040000000000233626,0.1303840481042731,51.7,36.6,0.7,10.9,0.2628767121778003,0.2890464692399839,29.842515720563338,0
28.750000000000053,77.29000000000023,0.13933822160500922,0.05000000000023874,0.13892443989472536,56.1,18.9,1.1,24.0,0.12812492447050153,0.36794479719553863,30.67319812071919,10
28.750000000000053,77.30000000000024,0.14484867966278508,0.06000000000024386,0.14764823060256813,52.6,30.7,0.2,16.4,0.1753410687416429,0.3225414394471082,30.09469897472266,0
28.750000000000053,77.31000000000024,0.1508215501845071,0.07000000000024897,0.1565247584252258,59.4,15.6,3.6,21.3,-0.07215676120050474,0.42713704628379745,30.960659226047532,-1
28.750000000000053,77.32000000000025,0.15720413480587483,0.08000000000025409,0.1655294535727152,50.4,33.5,0.1,16.1,0.26030088458920314,0.31579053780001154,29.99965299169182,0
28.750000000000053,77.33000000000025,0.16394858950314195,0.0900000000002592,0.1746424919659825,40.5,33.3,3.5,22.7,0.18775990563247114,0.25516221720390997,29.256872221770692,0
28.750000000000053,77.34000000000026,0.17101210483493862,0.10000000000026432,0.18384776310876086,47.1,33.0,0.3,19.7,0.15306736596854428,0.10976069928026833,29.947842671693962,0
28.760000000000055,76.84,0.39801399472884624,0.3999999999999915,0.3395585369270042,4.8,70.2,4.2,20.8,0.548596769569823,-0.006823083890003304,27.18222780543058,0
28.760000000000055,76.85000000000001,0.38856291639837465,0.38999999999998636,0.3298484500494196,4.8,61.0,2.5,31.6,0.4583270910601313,-0.08911443080260821,27.99237076197917,-1
28.760000000000055,76.86000000000001,0.3791400005275185,0.37999999999998124,0.32015621187164467,5.0,79.2,0.4,15.4,0.5753268768308406,-0.11134426308585567,27.56347591376868,0
28.760000000000055,76.87000000000002,0.36974740026131814,0.3699999999999761,0.3104834939251982,4.9,56.5,1.6,37.0,0.34422077823932706,-0.08736209339606693,27.92703248045464,-1
28.760000000000055,76.88000000000002,0.36038748590926445,0.359999999999971,0.3008321791298198,6.5,68.4,0.7,24.3,0.539020767909439,0.06242766030336103,27.776822153371448,0
28.760000000000055,76.89000000000003,0.3510628718620033,0.3499999999999659,0.29120439557120964,5.3,83.7,0.4,10.5,0.6108064164296737,-0.08173482692481918,26.55816638634209,-1
28.760000000000055,76.90000000000003,0.34177644740384705,0.3399999999999608,0.28160255680655905,5.8,67.4,3.7,23.1,0.5123191737567967,-0.03589058912448673,27.56572845522043,0
28.760000000000055,76.91000000000004,0.33253141205003794,0.32999999999995566,0.27202941017468923,14.4,79.6,1.0,5.0,0.6350722677722219,0.01614520347375921,27.900513359661467,0
28.760000000000055,76.92000000000004,0.32333131614489463,0.31999999999995055,0.26248809496810993,16.4,69.2,1.0,13.5,0.5712088076437714,0.02980144180586769,28.20201910508961,0
28.760000000000055,76.93000000000005,0.3141801075816031,0.30999999999994543,0.25298221281344246,6.8,59.0,0.4,33.8,0.5369551801179784,0.031629537897103356,27.524253338627933,0
28.760000000000055,76.94000000000005,0.30508218564836886,0.2999999999999403,0.2435159132376866,32.1,57.3,1.0,9.6,0.4275604600637829,0.12955721665784534,29.46394482952326,0
28.760000000000055,76.95000000000006,0.29604246317037713,0.2899999999999352,0.23409399821435686,11.9,59.2,4.0,24.8,0.4115319264867238,0.020596925632264028,27.75400348498366,0
28.760000000000055,76.96000000000006,0.2870664383030218,0.2799999999999301,0.224722050542403,31.6,39.9,0.9,27.6,0.3420217953504745,0.1333157782065994,29.648819509354283,0
28.760000000000055,76.97000000000007,0.27816027753793554,0.26999999999992497,0.21540659228533732,30.6,48.8,6.5,14.1,0.3916046364424087,0.19584458375077302,29.169688090026753,0
28.760000000000055,76.98000000000008,0.26933091170524825,0.25999999999991985,0.20615528128083685,18.4,46.7,5.5,29.5,0.3287191513891544,0.11815152650769765,28.308977254169008,0
28.760000000000055,76.99000000000008,0.260586146984024,0.24999999999991473,0.1969771560358728,45.5,29.0,0.3,25.2,0.1728243473073291,0.20354389024429898,30.686746355395666,-1
28.760000000000055,77.00000000000009,0.25193479315088396,0.23999999999990962,0.18788294228050725,15.9,47.7,0.4,36.1,0.3306455862070681,0.13456884413817105,27.94027249321267,0
28.760000000000055,77.01000000000009,0.24338681147502267,0.2299999999999045,0.17888543819992853,39.0,40.8,3.8,16.5,0.27531057523712416,0.2150428360656909,29.827667995895915,0
28.760000000000055,77.0200000000001,0.23495348475810685,0.2199999999998994,0.1699999999999432,42.9,28.9,1.0,27.2,0.15500673241786916,0.36919098189761823,30.2233820681124,0
28.760000000000055,77.0300000000001,0.22664761194413208,0.20999999999989427,0.16124515496591246,29.0,50.6,0.0,20.4,0.30665847588260176,0.14742661594643594,28.53678080455259,0
28.760000000000055,77.0400000000001,0.21848372937126928,0.19999999999988916,0.15264337522467777,50.5,43.7,0.6,5.2,0.29374367294262066,0.17394718621851166,30.351323559123077,-1
28.760000000000055,77.05000000000011,0.21047835993274552,0.18999999999988404,0.14422205101849936,35.1,42.4,1.8,20.6,0.3694637108536072,0.10379238169016577,29.094067651791438,0
28.760000000000055,77.06000000000012,0.20265028990845024,0.17999999999987892,0.13601470508729446,39.5,32.7,3.0,24.8,0.15349789995056745,0.31821472935576717,29.689437723730837,-1
28.760000000000055,77.07000000000012,0.1950208706779346,0.1699999999998738,0.12806248474859822,41.1,38.5,0.3,20.1,0.23293643402715222,0.22761879665738233,29.60725182847652,0
28.760000000000055,77.08000000000013,0.18761433847118578,0.1599999999998687,0.12041594578786655,40.2,40.3,0.2,19.2,0.2181040366922663,0.17580978687040588,29.346936538355635,0
28.760000000000055,77.09000000000013,0.18045813919017847,0.14999999999986358,0.11313708498979494,47.8,31.2,4.7,16.4,0.2386666147836775,0.25141674154122134,30.229495045670802,0
28.760000000000055,77.10000000000014,0.17358323651776747,0.13999999999985846,0.10630145812729927,59.2,26.1,3.1,11.6,0.1763852064686856,0.4120172048052677,30.664835269367018,0
28.760000000000055,77.11000000000014,0.16702436947938099,0.12999999999985334,0.09999999999996022,28.5,37.7,1.7,32.1,0.17538435898230903,0.22059045496268667,28.24082492247182,-1
28.760000000000055,77.12000000000015,0.16082021017268494,0.11999999999984823,0.09433981132053597,57.3,33.3,2.8,6.6,0.09877687857639915,0.3602588775191148,30.71926103052999,-1
28.760000000000055,77.13000000000015,0.15501335426339416,0.10999999999984311,0.0894427190999738,31.7,28.1,1.1,39.1,0.19618505894173066,0.26686073523521864,28.571844915073072,-1
28.760000000000055,77.14000000000016,0.14965005846972038,0.099999999999838,0.08544003745317245,55.2,37.6,2.6,4.6,0.17143664390059588,0.23576888251690598,30.43436401126174,0
28.760000000000055,77.15000000000016,0.14477962563839267,0.08999999999983288,0.08246211251236782,58.3,17.6,0.9,23.3,0.09981331783945,0.4762288561989366,30.9744434775047,-1
28.760000000000055,77.16000000000017,0.14045333744698174,0.07999999999982776,0.0806225774830197,39.5,28.0,0.5,32.0,0.12009634823666077,0.25894751370104535,29.093607693983312,0
28.760000000000055,77.17000000000017,0.1367228583668383,0.06999999999982265,0.08000000000005514,47.7,20.2,2.6,29.5,0.11654998344438824,0.38232054854617886,29.835683765113618,0
28.760000000000055,77.18000000000018,0.13363809337161894,0.05999999999981753,0.080622577483062,42.0,29.0,1.1,27.8,0.18320582130842072,0.3352107602070682,29.141238574847947,0
28.760000000000055,77.19000000000018,0.13124458084052368,0.04999999999981242,0.08246211251245054,47.0,9.3,7.3,36.4,-0.04312270575114674,0.39481331199575365,30.130630393946543,-1
28.760000000000055,77.20000000000019,0.12958063126875163,0.0399999999998073,0.0854400374532922,49.9,19.3,0.8,29.9,0.029750399340194494,0.2975388471761469,29.97107376699804,0
28.760000000000055,77.21000000000019,0.1286745507084124,0.029999999999802185,0.08944271910012633,62.8,12.1,5.2,19.9,0.037689835644546615,0.39399204784764896,31.04592117522558,-1
28.760000000000055,77.2200000000002,0.12854236655677234,0.01999999999979707,0.09433981132071674,56.6,16.9,22.3,4.2,0.017470714004475037,0.4191591571558213,31.029245282150715,0
28.760000000000055,77.2300000000002,0.1291864543983604,0.009999999999791953,0.10000000000016485,50.3,19.9,26.2,3.7,0.1345490119263551,0.37809100351259517,30.82293281448589,0
28.760000000000055,77.24000000000021,0.1305953291661838,2.1316282072803006e-13,0.10630145812752387,43.8,27.5,24.1,4.5,0.10588250427059562,0.35893316833828015,29.497006895801757,0
28.760000000000055,77.25000000000021,0.13274464207653858,0.010000000000218279,0.11313708499003612,51.2,5.5,30.9,12.3,-0.03298248395972515,0.48306471122366734,30.33547997221865,-1
28.760000000000055,77.26000000000022,0.13559918878825558,0.020000000000223395,0.12041594578812145,37.1,47.2,5.1,10.6,0.3052897747019872,0.1276514487530896,28.341371812980437,-1
28.760000000000055,77.27000000000022,0.13911556347166132,0.03000000000022851,0.12806248474886453,41.4,28.1,1.1,29.4,0.1531857055276395,0.3558820737589796,29.291155875842815,0
28.760000000000055,77.28000000000023,0.14324503481811468,0.040000000000233626,0.1360147050875703,63.8,17.8,2.9,15.6,0.025173650469448368,0.35109118460182687,31.05451672563964,-1
28.760000000000055,77.29000000000023,0.14793627006264606,0.05000000000023874,0.14422205101878313,60.6,21.4,1.1,16.9,0.08366967822950543,0.40453973532883036,31.211882320865026,-1
28.760000000000055,77.30000000000024,0.15313765049801964,0.06000000000024386,0.15264337522496826,38.4,34.5,0.5,26.5,0.08241242189709908,0.3637732566480904,28.85891647315095,-1
28.760000000000055,77.31000000000024,0.15879905541299444,0.07000000000024897,0.1612451549662086,45.2,27.6,0.5,26.8,0.10775387588202526,0.3132242499098652,29.521858779514467,0
28.760000000000055,77.32000000000025,0.16487310271862163,0.08000000000025409,0.17000000000024412,49.6,34.3,1.2,15.0,0.1793194158294919,0.18836091350424083,29.802888030611445,0
28.760000000000055,77.33000000000025,0.17131590702579616,0.0900000000002592,0.17888543820023356,51.4,27.8,3.0,17.8,0.14660617352071678,0.2989051191057063,30.140171488500716,0
28.760000000000055,77.34000000000026,0.17808745042837104,0.10000000000026432,0.18788294228081584,36.7,33.0,1.9,28.4,0.26165958843510806,0.353841885353159,29.050289149130087,-1
28.770000000000056,76.84,0.40135413290511357,0.3999999999999915,0.3420526275297547,5.1,75.0,2.4,17.5,0.5401134742001809,-0.07005484057683183,27.879121431322954,0
28.770000000000056,76.85000000000001,0.39198359659558696,0.38999999999998636,0.332415402771902,4.8,62.6,0.6,32.0,0.5340992578498902,0.06774970167439547,27.669171235555453,0
28.770000000000056,76.86000000000001,0.3826449267924616,0.37999999999998124,0.3228002478313838,4.8,73.8,1.3,20.1,0.5211290680951223,-0.10243118160538481,27.67486477365177,0
28.770000000000056,76.87000000000002,0.3733405148118872,0.3699999999999761,0.3132091952673165,10.9,78.3,0.1,10.7,0.5492939017945415,-0.07658386736240225,28.048233033092764,0
28.770000000000056,76.88000000000002,0.3640729871880113,0.359999999999971,0.3036445290137752,6.3,66.3,2.9,24.5,0.4024891865739013,-0.023385198886430494,27.88030204399638,0
28.770000000000056,76.89000000000003,0.3548452338696392,0.3499999999999659,0.29410882339704625,5.1,79.2,9.3,6.4,0.643139232347717,0.016845708563691317,27.364897963827627,0
28.770000000000056,76.90000000000003,0.3456604403167886,0.3399999999999608,0.28460498941514134,9.8,71.9,1.1,17.2,0.5514011212520449,-0.045396992689442514,27.815286007127998,0
28.770000000000056,76.91000000000004,0.33652212408695165,0.32999999999995566,0.2751363298439352,12.6,66.9,0.0,20.4,0.5294768109640998,-0.09097210864120263,28.009909429488243,0
28.770000000000056,76.92000000000004,0.32743417659125224,0.31999999999995055,0.26570660511170757,10.9,72.9,0.4,15.9,0.5626810344494468,0.0872991184704291,27.698085394149846,0
28.770000000000056,76.93000000000005,0.3184009108027005,0.30999999999994543,0.25632011235950114,13.5,52.0,2.1,32.4,0.3675401417974537,0.0918733633940349,28.24969287775736,0
28.770000000000056,76.94000000000005,0.3094271158124112,0.2999999999999403,0.2469817807045408,36.2,52.1,2.0,9.7,0.38312118702259856,0.18083319813657567,29.857414494343267,0
28.770000000000056,76.95000000000006,0.30051811925404043,0.2899999999999352,0.23769728648006208,26.2,51.0,3.2,19.7,0.46662430663986587,0.043257102681857854,29.06055063306153,0
28.770000000000056,76.96000000000006,0.29167985874925295,0.2799999999999301,0.22847319317588158,18.4,65.7,0.6,15.3,0.4676030901988411,0.03958822767042757,28.10435075007633,0
28.770000000000056,76.97000000000007,0.28291896366271185,0.26999999999992497,0.21931712199457415,30.7,61.4,2.9,5.0,0.5553161102781367,0.08605483561560456,29.055568111346275,-1
28.770000000000056,76.98000000000008,0.274242848584939,0.25999999999991985,0.21023796041624437,22.6,60.7,2.4,14.2,0.48891815674001793,0.015987080616998564,28.311181164212908,0
28.770000000000056,76.99000000000008,0.2656598200706703,0.24999999999991473,0.20124611797493627,37.1,54.7,0.8,7.4,0.4105598954205713,0.17119780224605494,29.61965322788423,0
28.770000000000056,77.00000000000009,0.25717919822563456,0.23999999999990962,0.19235384061666613,34.5,44.7,1.7,19.1,0.33002642850109043,0.09468124168992408,29.33991200518996,0
28.770000000000056,77.01000000000009,0.24881145472019525,0.2299999999999045,0.18357559750680869,30.8,54.3,0.3,14.5,0.2289187955754981,0.07223480541536116,28.798439837088797,-1
28.770000000000056,77.0200000000001,0.24056836866051093,0.2199999999998994,0.17492855684530775,36.0,43.8,1.2,19.0,0.2811168207884611,0.24959770263324083,29.441949371996046,0
28.770000000000056,77.0300000000001,0.2324632013889068,0.20999999999989427,0.16643316977087985,17.1,54.0,4.1,24.8,0.35248833188932815,0.04500828479312708,27.66165283305666,0
28.770000000000056,77.0400000000001,0.22451089060439716,0.19999999999988916,0.1581138830083657,23.5,44.9,1.1,30.5,0.4097196664157214,0.12133210154707431,28.257707174636007,0
28.770000000000056,77.05000000000011,0.21672826303917986,0.18999999999988404,0.1499999999999467,25.0,42.5,3.7,28.8,0.26543006734331953,0.16700001414886614,28.31712840589138,0
28.770000000000056,77.06000000000012,0.20913426309426317,0.17999999999987892,0.14212670403546643,40.2,44.5,1.8,13.5,0.29901000119025894,0.17950263676527145,29.401562456472764,0
28.770000000000056,77.07000000000012,0.20175019206925493,0.1699999999998738,0.1345362404706863,54.2,38.2,0.4,7.1,0.24149781328141454,0.30614435643811916,30.742348408833458,0
28.770000000000056,77.08000000000013,0.19459994861248603,0.1599999999998687,0.12727922061353064,60.8,23.8,1.7,13.7,0.04887336791689002,0.3721989044502807,31.477740982187225,9
28.770000000000056,77.09000000000013,0.18771025544701433,0.14999999999986358,0.12041594578787923,48.7,32.9,1.4,16.9,0.16808891861175657,0.2062677938873123,30.136116459811287,0
28.770000000000056,77.10000000000014,0.18111085003385288,0.13999999999985846,0.11401754250987585,49.5,24.4,1.0,25.1,0.160444895565328,0.28975629666798236,30.26151314656314,0
28.770000000000056,77.11000000000014,0.17483460755807564,0.12999999999985334,0.10816653826388929,31.6,21.2,0.3,46.8,-0.015790339212607696,0.24664807367809627,28.63756204201454,-1
28.770000000000056,77.12000000000015,0.16891755385390858,0.11999999999984823,0.10295630140984918,42.3,36.0,1.1,20.5,0.23956761915070254,0.22372958327507472,29.2917540092239,0
28.770000000000056,77.13000000000015,0.16339871480519697,0.10999999999984311,0.09848857801795191,39.7,37.8,0.2,22.3,0.19512601055707834,0.23569883830403754,29.05519903313679,0
28.770000000000056,77.14000000000016,0.15831973976732114,0.099999999999838,0.0948683298050561,43.2,34.0,0.2,22.6,0.27099594890309064,0.2749143825323198,29.31966710996535,0
28.770000000000056,77.15000000000016,0.1537242336132943,0.08999999999983288,0.09219544457294945,47.8,13.3,1.1,37.8,0.039446088360401324,0.25850303672831876,30.098018999798516,0
28.770000000000056,77.16000000000017,0.14965674057655162,0.07999999999982776,0.09055385138141225,46.4,26.6,0.7,26.2,0.06341160585949805,0.35745296963126144,29.638045620242345,0
28.770000000000056,77.17000000000017,0.14616134920012228,0.06999999999982265,0.0900000000000567,34.0,16.3,5.7,43.9,0.025892739174413607,0.31595661595713004,28.718441003903017,-1
28.770000000000056,77.18000000000018,0.14327993579005782,0.05999999999981753,0.09055385138144992,56.5,33.4,0.9,9.1,0.2232780015132294,0.24648009440495963,30.41504603714968,0
28.770000000000056,77.19000000000018,0.14105013293154425,0.04999999999981242,0.09219544457302345,41.9,20.5,2.9,34.7,0.06930229684647292,0.3708160201165409,29.32471939622101,0
28.770000000000056,77.20000000000019,0.13950318992772073,0.0399999999998073,0.09486832980516395,56.8,36.1,1.6,5.5,0.2321560166463802,0.18462095843975354,30.115714341146486,0
28.770000000000056,77.21000000000019,0.13866196306130008,0.029999999999802185,0.09848857801809044,68.3,24.8,2.3,4.7,0.12223816194679704,0.3021137868500892,31.6041322439659,-1
28.770000000000056,77.2200000000002,0.13853930850129567,0.01999999999979707,0.10295630141001481,42.4,20.3,32.3,4.9,0.1260410542958329,0.4321577931204964,29.4203986132977,-1
28.770000000000056,77.2300000000002,0.13913712660545066,0.009999999999791953,0.10816653826407847,27.4,24.2,20.0,28.4,0.13977828873329695,0.26851529872701063,28.086947147717748,-1
28.770000000000056,77.24000000000021,0.14044621746428576,2.1316282072803006e-13,0.11401754251008524,44.6,26.5,24.4,4.5,0.13608958071787197,0.2644376664811988,29.679088798150854,0
28.770000000000056,77.25000000000021,0.1424469725899076,0.010000000000218279,0.12041594578810583,50.6,12.8,32.5,4.0,0.016095886911095834,0.39322491696315476,30.826570726590198,0
28.770000000000056,77.26000000000022,0.1451107852643439,0.020000000000223395,0.12727922061377178,72.1,21.9,0.9,5.1,0.0429582968708477,0.3977215272903444,31.71826463620121,-1
28.770000000000056,77.27000000000022,0.1484019541651638,0.03000000000022851,0.13453624047093982,39.4,28.0,0.2,32.4,0.22536910052677467,0.2799887742647892,29.021316111864703,0
28.770000000000056,77.28000000000023,0.15227980824798945,0.040000000000233626,0.1421267040357304,50.4,11.3,2.1,36.2,0.1498106932210272,0.4191567243537268,30.54844052070917,0
28.770000000000056,77.29000000000023,0.15670079770074466,0.05000000000023874,0.15000000000021957,45.6,12.9,0.0,41.5,-0.0004174623275735728,0.3623987550520649,29.891435680700884,11
28.770000000000056,77.30000000000024,0.1616203576287813,0.06000000000024386,0.15811388300864612,47.8,32.9,1.3,17.9,0.1984849735436814,0.29663454930196786,29.737116731938844,0
28.770000000000056,77.31000000000024,0.1669944310450526,0.07000000000024897,0.16643316977116673,72.9,18.6,0.4,8.0,0.1181523471729238,0.41779877599568593,32.15126258259943,-1
28.770000000000056,77.32000000000025,0.1727806123384991,0.08000000000025409,0.1749285568456002,29.0,30.9,1.9,38.2,0.22857348362460633,0.19145663662951024,28.514605744893338,-1
28.770000000000056,77.33000000000025,0.17893892812932793,0.0900000000002592,0.18357559750710598,46.9,38.5,7.8,6.7,0.2554154978157847,0.1928965773519144,29.777960739838196,0
28.770000000000056,77.34000000000026,0.1854323057077139,0.10000000000026432,0.19235384061696756,46.2,41.7,1.2,10.9,0.2264915490765731,0.2960538095684137,29.799937494973626,0
28.780000000000058,76.84,0.40491374390111434,0.3999999999999915,0.3448187929913486,10.0,76.3,3.4,10.3,0.6776079418337894,-0.01912962367001155,28.330984071560586,-1
28.780000000000058,76.85000000000001,0.3956275268481877,0.38999999999998636,0.33526109228481504,4.9,72.9,1.4,20.8,0.5901617159997501,0.0020531144882213054,27.752082485826357,0
28.780000000000058,76.86000000000001,0.38637694030572,0.37999999999998124,0.3257299494980531,5.8,79.3,1.4,13.6,0.6247274453447611,-0.07891167982458729,27.756116178842962,0
28.780000000000058,76.87000000000002,0.3771646059746415,0.3699999999999761,0.31622776601684016,5.1,65.5,5.4,23.9,0.4533586184930714,-0.0009164517018406416,27.661266625380016,0
28.780000000000058,76.88000000000002,0.3679933966798908,0.359999999999971,0.3067572330035574,9.0,73.3,4.4,13.4,0.5625977584320586,-0.048418219860674044,27.95265437971346,0
28.780000000000058,76.89000000000003,0.3588664654157595,0.3499999999999659,0.297321374946364,5.1,78.9,3.2,12.8,0.5193776316368727,-0.02132546343987512,27.417494771342206,0
28.780000000000058,76.90000000000003,0.34978727821348476,0.3399999999999608,0.2879236009777492,17.1,76.9,0.7,5.3,0.6291452316525564,-0.05044230167937784,28.299876854018937,0
28.780000000000058,76.91000000000004,0.34075965136734615,0.32999999999995566,0.2785677655436683,8.2,53.2,1.6,37.0,0.4280367342875603,0.009398429137477654,28.01128574106909,0
28.780000000000058,76.92000000000004,0.3317877936271812,0.31999999999995055,0.26925824035670726,18.6,62.5,0.5,18.4,0.47398794959713775,0.06936386861081062,28.510641106042005,0
28.780000000000058,76.93000000000005,0.32287635404282994,0.30999999999994543,0.2599999999999783,14.7,55.2,1.1,29.0,0.34878735377905196,0.06049320566032121,28.33645950224842,0
28.780000000000058,76.94000000000005,0.3140304762280071,0.2999999999999403,0.2507987240796638,28.5,59.5,1.3,10.7,0.45809487930582354,0.10049594970121703,29.242116034476993,0
28.780000000000058,76.95000000000006,0.30525585989459275,0.2899999999999352,0.24166091947186277,17.2,59.8,3.3,19.6,0.4775679023347168,0.08815628800543225,28.308394047296662,0
28.780000000000058,76.96000000000006,0.29655883058844457,0.2799999999999301,0.23259406699222823,5.1,76.2,4.6,14.1,0.5486381816610953,-0.09465620210677746,26.75657467498747,-1
28.780000000000058,76.97000000000007,0.28794641862677245,0.26999999999992497,0.22360679774994402,35.1,48.8,1.1,15.1,0.3858996111576892,0.1503538863293994,29.722051659447907,0
28.780000000000058,76.98000000000008,0.2794264482828771,0.25999999999991985,0.21470910553580114,16.3,57.7,0.0,26.1,0.4455258717297089,0.044879448087001124,27.896224758659603,0
28.780000000000058,76.99000000000008,0.27100763826870733,0.24999999999991473,0.20591260281969972,20.4,67.8,4.2,7.6,0.49649918430904516,0.08653955012265052,27.9432077397665,0
28.780000000000058,77.00000000000009,0.26269971450304597,0.23999999999990962,0.19723082923311772,23.5,60.4,0.4,15.7,0.41571722104506736,0.06921597538986146,28.213260262069163,0
28.780000000000058,77.01000000000009,0.25451353598577303,0.2299999999999045,0.18867962264108776,40.7,52.6,1.8,4.9,0.36445626975759726,0.1669188595996308,29.87030995567632,0
28.780000000000058,77.0200000000001,0.24646123427423858,0.2199999999998994,0.18027756377315374,9.6,57.8,0.1,32.6,0.37166661163086134,-0.01802201368157079,27.078253802101564,-1
28.780000000000058,77.0300000000001,0.238556366504818,0.20999999999989427,0.17204650534080593,59.7,25.7,1.0,13.6,0.14431313649554856,0.38713972951568487,31.85996517592091,-1
28.780000000000058,77.0400000000001,0.23081408102622594,0.19999999999988916,0.16401219466852032,50.1,34.6,9.6,5.6,0.23932422603896167,0.2987053696725817,30.353119313623935,0
28.780000000000058,77.05000000000011,0.2232512933892692,0.18999999999988404,0.15620499351808656,34.9,27.7,0.2,37.2,0.20772982963977443,0.22443808174374752,29.618710366155494,0
28.780000000000058,77.06000000000012,0.21588686852141353,0.17999999999987892,0.1486606874731397,36.4,47.0,1.1,15.5,0.3378724302611974,0.2703496727414246,29.138643908782765,0
28.780000000000058,77.07000000000012,0.20874180223420238,0.1699999999998738,0.1414213562372663,40.4,47.7,0.7,11.2,0.34886588831052684,0.19955972112542808,29.41486794651974,0
28.780000000000058,77.08000000000013,0.20183939159634776,0.1599999999998687,0.13453624047069712,42.2,48.6,4.4,4.7,0.32399961287473217,0.15241948046971793,29.568652123280575,0
28.780000000000058,77.09000000000013,0.19520537902420873,0.14999999999986358,0.1280624847486215,46.2,40.7,4.0,9.1,0.22259482185686633,0.2349573864663425,29.908698702065937,0
28.780000000000058,77.10000000000014,0.18886804917716063,0.13999999999985846,0.12206555615730749,48.7,44.1,0.6,6.6,0.27540340145378966,0.2071713545346681,29.870893142092633,0
28.780000000000058,77.11000000000014,0.18285825111267998,0.12999999999985334,0.11661903789688403,47.1,31.4,0.2,21.3,0.25400354059512437,0.3614938580528001,29.843881249718535,0
28.780000000000058,77.12000000000015,0.17720931126774833,0.11999999999984823,0.11180339887497677,45.3,26.1,2.1,26.4,0.16660404683764882,0.35205903861811055,29.75242169893725,0
28.780000000000058,77.13000000000015,0.17195679689966228,0.10999999999984311,0.10770329614268845,47.0,41.9,0.9,10.2,0.29746985888221855,0.25420175479378154,29.510454267264155,0
28.780000000000058,77.14000000000016,0.16713808662298935,0.099999999999838,0.10440306508911672,43.8,34.4,2.2,19.6,0.11883146051516272,0.3452422965276098,29.542636768914573,0
28.780000000000058,77.15000000000016,0.16279170740549498,0.08999999999983288,0.10198039027188138,60.7,28.6,0.1,10.7,0.17304066583718494,0.2871884634754039,30.829975957524447,0
28.780000000000058,77.16000000000017,0.15895640911897477,0.07999999999982776,0.10049875621125041,59.0,33.4,0.3,7.3,0.13411586963036853,0.34879487744957327,30.41286927023134,0
28.780000000000058,77.17000000000017,0.15566997141389116,0.06999999999982265,0.10000000000005826,19.1,39.4,2.3,39.2,0.1916815702847558,0.18766252215336934,27.32889659175877,-1
28.780000000000058,77.18000000000018,0.15296777438403392,0.05999999999981753,0.10049875621128435,57.2,37.2,0.5,5.1,0.17748236955774596,0.2740773549139093,30.314041297355793,0
28.780000000000058,77.19000000000018,0.15088121155401663,0.04999999999981242,0.10198039027194829,48.5,35.1,3.7,12.7,0.17725832699818506,0.2587006325244355,29.864459006450293,0
28.780000000000058,77.20000000000019,0.14943607328891956,0.0399999999998073,0.10440306508921472,45.4,28.9,0.1,25.6,0.2017694744980706,0.33785891528114587,29.78873653086796,0
28.780000000000058,77.21000000000019,0.14865106794105098,0.029999999999802185,0.10770329614281511,49.6,37.6,0.5,12.2,0.24972960630889995,0.3032944323110445,29.55583168254647,0
28.780000000000058,77.2200000000002,0.1485366621410983,0.01999999999979707,0.1118033988751293,41.6,18.9,36.2,3.4,0.022942686101124855,0.2591869908894916,30.44614726908392,-1
28.780000000000058,77.2300000000002,0.14909439962662185,0.009999999999791953,0.11661903789705949,47.5,16.5,32.0,4.0,0.019462944085826467,0.45082102856807216,30.582854140152342,0
28.780000000000058,77.24000000000021,0.15031679879516813,2.1316282072803006e-13,0.12206555615750309,33.4,28.4,34.2,4.0,0.1805157210226619,0.31533793492080725,29.061652075179104,0
28.780000000000058,77.25000000000021,0.15218784445556582,0.010000000000218279,0.12806248474883455,43.2,12.5,40.3,4.0,0.04739035678668275,0.3530230694921309,30.263617052653178,11
28.780000000000058,77.26000000000022,0.1546840004655819,0.020000000000223395,0.1345362404709253,38.1,38.6,1.8,21.5,0.25408165965943674,0.18173752351162162,28.89926254182027,12
28.780000000000058,77.27000000000022,0.15777560014159664,0.03000000000022851,0.14142135623750746,34.7,23.8,2.6,38.9,0.05682547924631127,0.34062229720946496,28.889281826696447,-1
28.780000000000058,77.28000000000023,0.16142843615684954,0.040000000000233626,0.14866068747339206,47.6,39.1,0.9,12.4,0.23127369637313586,0.27212004984893473,29.346732296795928,0
28.780000000000058,77.29000000000023,0.16560537430908245,0.05000000000023874,0.15620499351834854,50.3,19.4,3.2,27.1,0.193649574466967,0.38972036956495215,30.566287645282287,10
28.780000000000058,77.30000000000024,0.1702678478164823,0.06000000000024386,0.16401219466879066,54.3,32.6,1.8,11.3,0.13285629834411655,0.32844272820575504,30.467653431778952,0
28.780000000000058,77.31000000000024,0.17537713648039313,0.07000000000024897,0.17204650534108346,50.2,31.1,1.0,17.7,0.19864664342238408,0.35582737210024795,30.154633619139556,0
28.780000000000058,77.32000000000025,0.18089538413145959,0.08000000000025409,0.18027756377343754,53.0,19.8,1.7,25.6,0.18424164976670182,0.40279682293500374,30.570638802514907,10
28.780000000000058,77.33000000000025,0.18678634853777296,0.0900000000002592,0.188679622641377,48.3,37.4,1.7,12.6,0.22292578833475188,0.23120613921632371,29.973180052648388,0
28.780000000000058,77.34000000000026,0.19301590608051108,0.10000000000026432,0.19723082923341168,32.9,31.8,0.3,34.9,0.27789019296818906,0.21007705621082878,29.044350111479435,0
28.79000000000006,76.84,0.40868709301863065,0.3999999999999915,0.34785054261853904,4.9,79.0,1.0,15.1,0.5766157689618356,-0.0625024392577837,27.79705218142788,0
28.79000000000006,76.85000000000001,0.3994885980851207,0.38999999999998636,0.3383784863137856,8.0,76.1,0.8,15.1,0.48615524844653,0.057987319223666796,28.132295671704753,0
28.79000000000006,76.86000000000001,0.39032952745085986,0.37999999999998124,0.3289376840679793,10.0,83.6,1.1,5.3,0.6234361013526903,-0.09548931085600511,28.0192365739977,0
28.79000000000006,76.87000000000002,0.3812127227677589,0.3699999999999761,0.31953090617341373,15.9,66.0,2.9,15.2,0.4561147499313698,0.03585610080927235,28.76554759482823,0
28.79000000000006,76.88000000000002,0.37214129037235993,0.359999999999971,0.310161248385417,12.6,67.1,1.3,18.9,0.4203910903791887,0.04702974334807537,28.404242832691445,0
28.79000000000006,76.89000000000003,0.36311863075309453,0.3499999999999659,0.30083217912982296,10.5,65.3,5.4,18.8,0.46682755154723404,-0.01596051698428437,28.1988150128617,0
28.79000000000006,76.90000000000003,0.3541484716894871,0.3399999999999608,0.2915475947422576,20.0,74.3,0.7,5.0,0.6182498089862475,0.028374205756608338,28.663166028249126,0
28.79000000000006,76.91000000000004,0.34523490553534264,0.32999999999995566,0.2823118842698509,10.2,76.5,1.0,12.3,0.5587939905727549,-0.051201068819015774,27.77683027946638,0
28.79000000000006,76.92000000000004,0.33638243117023015,0.31999999999995055,0.27313000567493834,5.3,66.3,3.3,25.1,0.4778998421468512,0.04689482512729932,27.40615358347705,0
28.79000000000006,76.93000000000005,0.32759600119658444,0.30999999999994543,0.26400757564886324,12.8,73.6,1.6,12.0,0.6309254326554117,-0.07682938453841602,27.844557427119028,0
28.79000000000006,76.94000000000005,0.31888107501071716,0.2999999999999403,0.2549509756796174,8.9,48.7,1.6,40.7,0.3008864501012968,0.1988943636713015,27.934639586687684,-1
28.79000000000006,76.95000000000006,0.31024367842067135,0.2899999999999352,0.24596747752495177,12.1,58.0,0.1,29.7,0.4529463806797619,0.030675432608018312,27.87950177160372,0
28.79000000000006,76.96000000000006,0.30169047051570497,0.2799999999999301,0.23706539182256584,18.3,52.2,1.0,28.5,0.2844283544775558,0.11997326818509313,28.44683157373315,0
28.79000000000006,76.97000000000007,0.29322881850184196,0.26999999999992497,0.22825424421023563,13.8,50.6,0.7,34.9,0.30709289856050825,0.08864406203092959,28.01988094859093,0
28.79000000000006,76.98000000000008,0.2848668811918737,0.25999999999991985,0.219544984000968,18.6,41.2,13.7,26.5,0.260128446740088,0.09586740037744579,28.59411014427139,0
28.79000000000006,76.99000000000008,0.2766137017574946,0.24999999999991473,0.2109502310972541,5.9,64.4,0.8,29.0,0.5400559904975298,0.03736278162993764,26.956283575614016,-1
28.79000000000006,77.00000000000009,0.2684793101897863,0.23999999999990962,0.20248456731312822,27.9,49.2,4.2,18.6,0.2971729991289713,0.12448438541618745,28.97373776277738,0
28.79000000000006,77.01000000000009,0.26047483563673296,0.2299999999999045,0.1941648783894368,29.7,57.3,2.4,10.6,0.36947200858979157,0.12888599029435285,28.75969364677202,0
28.79000000000006,77.0200000000001,0.2526126283462147,0.2199999999998994,0.1860107523773425,21.1,56.4,0.8,21.8,0.42121762437959814,0.041043400580704,28.110546593556816,0
28.79000000000006,77.0300000000001,0.24490639028000621,0.20999999999989427,0.17804493814760775,38.4,48.6,1.6,11.4,0.35904432473202247,0.1592091733053548,29.523713743307113,0
28.79000000000006,77.0400000000001,0.23737131250423432,0.19999999999988916,0.17029386365922325,42.4,48.8,3.7,5.1,0.28742010126100365,0.16847752764875487,29.77887597790419,0
28.79000000000006,77.05000000000011,0.23002421611644114,0.18999999999988404,0.16278820596095706,16.2,43.8,3.9,36.1,0.2681052131195879,0.1571307481887885,27.820310976906423,-1
28.79000000000006,77.06000000000012,0.22288369164203956,0.17999999999987892,0.15556349186100196,28.3,36.2,0.4,35.1,0.28013304139254913,0.21929219164585945,28.757728519807802,0
28.79000000000006,77.07000000000012,0.21597022942985575,0.1699999999998738,0.14866068747314903,29.4,52.7,0.8,17.1,0.3152995456326324,0.11587031531013128,28.457519734197263,0
28.79000000000006,77.08000000000013,0.20930633053012393,0.1599999999998687,0.1421267040354864,27.5,36.4,0.8,35.3,0.24467383695235392,0.18200279107181389,28.641139358536474,-1
28.79000000000006,77.09000000000013,0.20291658384663058,0.14999999999986358,0.13601470508732658,49.6,29.8,0.1,20.5,0.14232332555434027,0.31554550659159497,30.320828330056784,0
28.79000000000006,77.10000000000014,0.19682769114123153,0.13999999999985846,0.13038404810403112,37.9,35.8,1.8,24.5,0.29232907085215337,0.24458576873289595,29.338177839704507,0
28.79000000000006,77.11000000000014,0.191068417065693,0.12999999999985334,0.12529964086140224,38.2,28.9,3.8,29.2,0.18912098782336792,0.2765461656274989,29.449833488435605,0
28.79000000000006,77.12000000000015,0.18566943744189937,0.11999999999984823,0.12083045973594021,22.6,37.2,0.9,39.3,0.2788281447153834,0.2802670168409796,27.946159726887537,-1
28.79000000000006,77.13000000000015,0.18066305654447834,0.10999999999984311,0.11704699910720119,45.0,31.2,2.4,21.3,0.15392079724060198,0.30659681699415364,30.057799924195525,0
28.79000000000006,77.14000000000016,0.1760827646307144,0.099999999999838,0.1140175425099307,33.7,41.1,2.1,23.1,0.3111257578009298,0.29180167499002463,28.583461711664174,-1
28.79000000000006,77.15000000000016,0.17196261221555678,0.08999999999983288,0.11180339887501968,42.9,23.0,0.9,33.2,0.14692385052226237,0.3102247025010489,29.871057224224074,0
28.79000000000006,77.16000000000017,0.16833638941120413,0.07999999999982776,0.11045361017191721,48.0,26.0,0.3,25.7,0.15997444370740063,0.3115793370393966,30.07277937807001,0
28.79000000000006,77.17000000000017,0.16523661821764377,0.06999999999982265,0.11000000000005983,57.9,33.7,2.4,6.0,0.18916953662543873,0.2799289982472528,30.757420207010234,0
28.79000000000006,77.18000000000018,0.1626933926132416,0.05999999999981753,0.11045361017194809,33.8,37.4,3.8,25.0,0.2447302672525019,0.22949536857667696,28.625680709531352,0
28.79000000000006,77.19000000000018,0.1607331328631704,0.04999999999981242,0.11180339887508069,16.1,50.7,2.1,31.1,0.2636645232567361,0.07851683893419999,26.973334831180498,-1
28.79000000000006,77.20000000000019,0.15937735096309327,0.0399999999998073,0.11401754251002043,50.8,39.0,0.0,10.2,0.33895023090064447,0.23399211625762106,29.850015681467756,-1
28.79000000000006,77.21000000000019,0.15864154563044522,0.029999999999802185,0.11704699910731775,63.2,31.5,0.5,4.8,0.1533038703128142,0.23708495827913156,31.18034649984634,-1
28.79000000000006,77.2200000000002,0.15853434959030316,0.01999999999979707,0.12083045973608134,48.9,11.7,35.4,4.0,-0.01144253648055896,0.4614922579491792,30.866564085560626,0
28.79000000000006,77.2300000000002,0.15905703379613392,0.009999999999791953,0.12529964086156556,37.7,26.2,32.3,3.8,0.06991007337902998,0.2629367655832105,29.725920616728224,0
28.79000000000006,77.24000000000021,0.1602034331717917,2.1316282072803006e-13,0.13038404810421422,40.1,28.6,26.7,4.7,0.1910447433149573,0.35104857157905756,29.399272816274888,0
28.79000000000006,77.25000000000021,0.1619603037785283,0.010000000000218279,0.1360147050875272,49.6,20.6,25.3,4.5,0.11186050219555171,0.34098762270274824,30.493652207409568,10
28.79000000000006,77.26000000000022,0.16430806431833408,0.020000000000223395,0.1421267040357024,39.9,37.1,3.9,19.2,0.2191241853372241,0.26642924465356577,28.982317809238676,0
28.79000000000006,77.27000000000022,0.1672218287187491,0.03000000000022851,0.14866068747337846,53.9,39.1,1.7,5.3,0.13516637758421457,0.26991494813873573,30.08726979376902,0
28.79000000000006,77.28000000000023,0.1706726105737172,0.040000000000233626,0.15556349186124313,51.2,34.5,2.4,12.0,0.17492222529852514,0.3018350256991973,30.112825988674224,0
28.79000000000006,77.29000000000023,0.17462857727202893,0.05000000000023874,0.16278820596120844,53.0,21.4,6.8,18.8,0.11560113493971584,0.3015481918165751,30.70619586284035,10
28.79000000000006,77.30000000000024,0.17905624814582274,0.06000000000024386,0.1702938636594836,66.3,28.9,0.2,4.6,0.17267108037023232,0.41351750659944675,31.80492092854645,-1
28.79000000000006,77.31000000000024,0.18392155936720445,0.07000000000024897,0.17804493814787595,46.7,28.1,4.6,20.7,0.15058992644455174,0.28125798411297637,30.04929889268029,0
28.79000000000006,77.32000000000025,0.18919075030262444,0.08000000000025409,0.18601075237761752,35.5,37.3,0.3,26.9,0.21450261689626052,0.2662838317805381,29.078609096237162,0
28.79000000000006,77.33000000000025,0.19483105501966586,0.0900000000002592,0.19416487838971785,43.6,36.9,1.1,18.4,0.15316899257854472,0.17326648087410046,29.571303752994915,0
28.79000000000006,77.34000000000026,0.20081120486686582,0.10000000000026432,0.20248456731341455,22.9,43.1,3.9,30.1,0.33609352594997033,0.11547454265930732,27.954552956646353,-1
28.80000000000006,76.84,0.41266831717496877,0.3999999999999915,0.35114099732160814,4.9,77.8,4.6,12.8,0.5281939435460294,-0.05571089499608625,27.257734343546378,0
28.80000000000006,76.85000000000001,0.40356057785667926,0.38999999999998636,0.3417601498127164,4.8,67.8,1.4,26.0,0.49998753439603444,-0.03278164978249673,27.597449690034356,0
28.80000000000006,76.86000000000001,0.3944960582819723,0.37999999999998124,0.33241540277190423,4.6,74.1,1.7,19.6,0.5151554490655442,-0.03385683718157692,27.408046710123617,0
28.80000000000006,76.87000000000002,0.3854778074027219,0.3699999999999761,0.3231098884280772,5.2,63.6,2.5,28.7,0.5220844838150319,0.007979180604768854,27.97426834510777,0
28.80000000000006,76.88000000000002,0.37650914995522594,0.359999999999971,0.3138470965295073,5.2,73.2,3.7,17.9,0.5879013676808635,0.040997173573242965,27.29488094289981,0
28.80000000000006,76.89000000000003,0.36759371594194035,0.3499999999999659,0.30463092423455546,16.3,67.2,0.2,16.2,0.4869398854369654,0.03991724572682082,28.719606242753144,0
28.80000000000006,76.90000000000003,0.35873547357349705,0.3399999999999608,0.2954657340538785,8.6,79.0,3.5,9.0,0.6455592079188622,-0.09083402492513126,27.692194441550008,0
28.80000000000006,76.91000000000004,0.3499387660720068,0.32999999999995566,0.28635642126551875,9.7,67.0,1.3,22.0,0.42841303462293184,-0.025561817983358385,27.960440748521602,0
28.80000000000006,76.92000000000004,0.34120835276997014,0.31999999999995055,0.2773084924772291,7.6,61.5,1.1,29.8,0.44952510270657003,0.07550638702317271,27.848143550834454,0
28.80000000000006,76.93000000000005,0.3325494549687223,0.30999999999994543,0.2683281572999595,14.5,66.2,1.1,18.3,0.4430568285088205,-0.06391707910814408,28.202686251020396,0
28.80000000000006,76.94000000000005,0.32396780704260164,0.2999999999999403,0.2594224354214385,22.6,57.5,1.4,18.6,0.4687531648025559,0.10825974953543335,28.95464004142473,0
28.80000000000006,76.95000000000006,0.31546971328479484,0.2899999999999352,0.2505992817228119,7.7,71.4,5.5,15.4,0.5613144755065423,-0.08968901784129878,27.38352580123546,0
28.80000000000006,76.96000000000006,0.3070621109808066,0.2799999999999301,0.24186773244893217,11.7,67.4,1.5,19.3,0.5390971508906197,0.05356137679671037,27.688032664553283,0
28.80000000000006,76.97000000000007,0.29875264015567776,0.26999999999992497,0.2332380757937851,16.6,64.1,5.9,13.4,0.4492378907898789,0.007688357383381285,28.07822789470258,0
28.80000000000006,76.98000000000008,0.29054972035778454,0.25999999999991985,0.2247220505424131,8.6,54.3,0.4,36.8,0.4259405524598379,0.08061180009260002,27.513155447354304,0
28.80000000000006,76.99000000000008,0.28246263469702665,0.24999999999991473,0.21633307652780814,14.5,54.0,2.4,29.1,0.3301509845704736,0.07535966393103344,27.95946197923016,0
28.80000000000006,77.00000000000009,0.2745016211245122,0.23999999999990962,0.20808652046681525,19.9,51.6,3.3,25.2,0.3157237095676273,0.03236521128662187,28.34098047231858,0
28.80000000000006,77.01000000000009,0.2666779705937196,0.2299999999999045,0.1999999999999659,38.2,44.6,2.5,14.7,0.292642177282022,0.22361599777472493,29.705285499447275,0
28.80000000000006,77.0200000000001,0.25900413124115323,0.2199999999998994,0.19209372712295056,30.5,51.9,1.8,15.8,0.32036384095957493,0.09595668750834366,29.022371573591872,0
28.80000000000006,77.0300000000001,0.2514938170213822,0.20999999999989427,0.1843908891458226,35.5,49.3,1.9,13.4,0.3791802444081394,0.20009252411253592,29.189885864774684,0
28.80000000000006,77.0400000000001,0.2441621182738727,0.19999999999988916,0.17691806012950653,38.3,48.2,3.8,9.6,0.31012718701726516,0.1238000090912032,29.624539890174898,0
28.80000000000006,77.05000000000011,0.2370256104305713,0.18999999999988404,0.16970562748473766,31.6,38.1,3.5,26.9,0.18886702852128756,0.21640328106771559,29.13140501489121,0
28.80000000000006,77.06000000000012,0.23010245544101762,0.17999999999987892,0.1627882059609651,34.6,52.0,0.2,13.2,0.30749090474513585,0.14575322553670117,29.207323334055356,0
28.80000000000006,77.07000000000012,0.22341248846021627,0.1699999999998738,0.15620499351810382,33.5,35.2,3.7,27.7,0.25166966630976395,0.1943708093409646,29.26348003262466,0
28.80000000000006,77.08000000000013,0.21697727991655538,0.1599999999998687,0.1499999999999744,37.5,40.6,1.0,20.8,0.13819622406329704,0.2784875031938841,29.459772083790725,0
28.80000000000006,77.09000000000013,0.21082016032625625,0.14999999999986358,0.14422205101853877,33.8,51.0,0.6,14.6,0.30844805686328997,0.1480771046912401,28.716711580285118,0
28.80000000000006,77.10000000000014,0.20496619233422317,0.13999999999985846,0.1389244398944832,14.5,41.6,4.1,39.8,0.3445452391981096,0.11441726164032227,27.397682329952694,-1
28.80000000000006,77.11000000000014,0.1994420717902603,0.12999999999985334,0.13416407864997976,40.1,46.6,1.2,12.2,0.302181833466157,0.20223776397871143,29.21795132799776,0
28.80000000000006,77.12000000000015,0.19427593777921426,0.11999999999984823,0.13000000000000092,52.5,21.5,3.1,22.8,0.12932265965263184,0.2772159136703242,30.87046497714088,-1
28.80000000000006,77.13000000000015,0.18949707121746,0.10999999999984311,0.12649110640674596,50.6,43.9,0.6,4.9,0.3164749660446009,0.3548849337950545,30.11719861021171,-1
28.80000000000006,77.14000000000016,0.1851354639176333,0.099999999999838,0.12369316876855174,52.3,31.9,0.0,15.7,0.17755628488231107,0.2431152134001679,30.427789651386494,0
28.80000000000006,77.15000000000016,0.18122124599505351,0.08999999999983288,0.12165525060599859,59.6,27.1,1.5,11.8,0.06095447085583591,0.37088955595275264,30.87815626999402,-1
28.80000000000006,77.16000000000017,0.17778397003105284,0.07999999999982776,0.1204159457879704,45.0,30.5,0.2,24.3,0.10820649556377597,0.2855558651348808,29.798419704571632,0
28.80000000000006,77.17000000000017,0.17485176579035483,0.06999999999982265,0.12000000000006139,42.7,35.1,2.6,19.7,0.14876401675811024,0.3116214178623968,29.691748762793704,0
28.80000000000006,77.18000000000018,0.17245039866584277,0.05999999999981753,0.12041594578799872,38.0,28.4,0.6,33.0,0.1797025364150155,0.2808960505039579,29.277264961373735,0
28.80000000000006,77.19000000000018,0.1706022860339548,0.04999999999981242,0.12165525060605467,42.8,26.8,1.2,29.2,0.17467902867401527,0.26248535374443427,29.604054481077384,0
28.80000000000006,77.20000000000019,0.16932554444033168,0.0399999999998073,0.12369316876863445,59.6,31.9,0.2,8.3,0.14315927104809403,0.22640119875536313,30.47197648397648,0
28.80000000000006,77.21000000000019,0.16863315213806082,0.029999999999802185,0.12649110640685382,59.9,18.9,0.7,20.5,0.06616140852915497,0.29619483814385406,31.03503312767532,-1
28.80000000000006,77.2200000000002,0.16853231144211545,0.01999999999979707,0.1300000000001321,31.1,32.1,33.3,3.5,0.18930573492361052,0.22089901899415212,29.23536777125041,0
28.80000000000006,77.2300000000002,0.16902408112463213,0.009999999999791953,0.13416407865013227,30.9,21.0,44.4,3.7,0.09290975658467127,0.356217140475538,29.295996276665203,-1
28.80000000000006,77.24000000000021,0.17010332154320346,2.1316282072803006e-13,0.13892443989465506,34.1,28.4,33.8,3.7,0.1175006676939584,0.17669254822380748,29.469354888519206,0
28.80000000000006,77.25000000000021,0.1717589590095227,0.010000000000218279,0.14422205101872795,40.7,25.1,30.3,3.9,0.207802779918547,0.3890684395783331,30.03369428355547,-1
28.80000000000006,77.26000000000022,0.17397453836708276,0.020000000000223395,0.15000000000017907,30.2,28.4,2.2,39.2,0.1894937093187668,0.30294689500163496,28.630163501024136,0
28.80000000000006,77.27000000000022,0.1767290015816431,0.03000000000022851,0.15620499351832218,21.5,39.5,3.3,35.7,0.259154188239542,0.09956411391125786,27.721000432522292,-1
28.80000000000006,77.28000000000023,0.17999761109539608,0.040000000000233626,0.1627882059611956,39.0,42.3,0.2,18.4,0.25475849095400566,0.15124104739339422,29.06282248434512,12
28.80000000000006,77.29000000000023,0.18375293194954664,0.05000000000023874,0.1697056274849788,31.8,37.6,0.6,30.0,0.1967215774248731,0.15817860397362216,28.605734696133833,-1
28.80000000000006,77.30000000000024,0.18796579476080266,0.06000000000024386,0.17691806012975714,39.3,49.0,4.7,6.9,0.3608947546732974,0.1878643573970769,28.959020810267255,12
28.80000000000006,77.31000000000024,0.19260617850958428,0.07000000000024897,0.18439088914608154,37.9,42.7,2.4,17.0,0.260611397611538,0.19738915939357635,29.223200749682174,12
28.80000000000006,77.32000000000025,0.19764397284023544,0.08000000000025409,0.1920937271232169,36.7,47.2,2.1,14.0,0.33148659632976735,0.16941861070156952,28.944466704579405,12
28.80000000000006,77.33000000000025,0.20304959985205046,0.0900000000002592,0.20000000000023876,52.5,29.8,2.1,15.5,0.0732344414577383,0.2832684005408205,30.71932467632628,0
28.80000000000006,77.34000000000026,0.2087944922647245,0.10000000000026432,0.2080865204670939,42.6,31.0,1.1,25.2,0.15251030898456525,0.2817094636010908,29.835463291392067,0
28.810000000000063,76.84,0.41685146035491155,0.3999999999999915,0.35468295701938546,5.3,80.5,0.1,14.1,0.6190456051441664,-0.04474334600407137,27.713328088896326,0
28.810000000000063,76.85000000000001,0.40783714887197153,0.38999999999998636,0.34539832078342825,4.9,77.8,3.0,14.3,0.6485906105402268,-0.08070991204260768,27.91619448111261,0
28.810000000000063,76.86000000000001,0.39886982839018437,0.37999999999998124,0.33615472627944554,5.2,83.1,2.4,9.3,0.6017837971866132,-0.13303370259672548,26.938674350200525,0
28.810000000000063,76.87000000000002,0.3899527407263754,0.3699999999999761,0.32695565448544567,12.7,58.6,1.3,27.5,0.3531083380226408,0.09470537105757557,28.742646802801044,-1
28.810000000000063,76.88000000000002,0.3810894120806935,0.359999999999971,0.3178049716414196,5.3,80.6,4.9,9.1,0.6476361131037088,-0.0981674084194339,27.52320876582318,0
28.810000000000063,76.89000000000003,0.3722836821565051,0.3499999999999659,0.3087069808086644,12.6,75.3,0.8,11.3,0.5744971782677131,-0.011101531830754983,28.221331217711516,0
28.810000000000063,76.90000000000003,0.36353973648007587,0.3399999999999608,0.29966648127543205,5.0,70.7,0.7,23.6,0.4501988209592691,-0.04349487896332424,27.21416229257083,0
28.810000000000063,76.91000000000004,0.35486214224681745,0.32999999999995566,0.29068883707496723,5.1,81.2,4.2,9.6,0.5471920243177754,-0.036447909101347035,26.766211526082877,-1
28.810000000000063,76.92000000000004,0.3462558880365765,0.31999999999995055,0.28178005607209866,18.2,66.9,3.1,11.9,0.46975620489648684,0.08176214912428761,28.631035738103424,0
28.810000000000063,76.93000000000005,0.33772642774884537,0.30999999999994543,0.2729468812791116,16.1,75.7,1.4,6.7,0.5771126306174144,0.029715021963397086,28.17129567213967,0
28.810000000000063,76.94000000000005,0.32927972910580783,0.2999999999999403,0.2641968962724431,4.6,59.3,0.3,35.9,0.5031642564546799,-0.010293802559289848,27.515065131912156,0
28.810000000000063,76.95000000000006,0.3209223270512547,0.2899999999999352,0.2555386467835949,7.0,72.0,0.5,20.6,0.4939430333663356,-0.06710587960379696,27.349259368453563,0
28.810000000000063,76.96000000000006,0.3126613823291757,0.2799999999999301,0.24698178070454888,26.8,66.6,2.0,4.7,0.5263388563459475,0.09108694090456662,29.048808301298294,0
28.810000000000063,76.97000000000007,0.30450474544740624,0.26999999999992497,0.23853720883750837,7.3,74.8,1.0,16.9,0.4751574601083554,-0.05532889393263773,27.14238496265725,0
28.810000000000063,76.98000000000008,0.2964610261062803,0.25999999999991985,0.2302172886644018,37.4,44.9,3.6,14.1,0.3221480443862526,0.1859898704284384,30.05942738571889,0
28.810000000000063,76.99000000000008,0.2885396679834295,0.24999999999991473,0.22203603311171843,13.7,59.1,6.2,21.0,0.5072292423066788,0.01085436112219422,27.79278054176698,0
28.810000000000063,77.00000000000009,0.28075102849319544,0.23999999999990962,0.21400934559029883,30.1,50.1,3.3,16.5,0.3579852358326966,0.2102713314781754,29.2342868718951,0
28.810000000000063,77.01000000000009,0.2731064627576334,0.2299999999999045,0.2061552812808539,22.8,60.2,1.0,16.0,0.4083917704613236,0.11942463188649108,28.32978167121642,0
28.810000000000063,77.0200000000001,0.2656184105064751,0.2199999999998994,0.19849433241276243,32.4,54.6,3.1,10.0,0.4530268077500285,0.11825094042750242,29.195684624632083,-1
28.810000000000063,77.0300000000001,0.2583004839329308,0.20999999999989427,0.19104973174539835,25.3,49.9,1.0,23.8,0.3665440915651835,0.09413034527059448,28.503033908033814,0
28.810000000000063,77.0400000000001,0.25116755363698234,0.19999999999988916,0.1838477631084733,26.6,47.1,0.3,26.0,0.3315797303367756,0.10981691412657422,28.788694456054763,0
28.810000000000063,77.05000000000011,0.24423582865744073,0.18999999999988404,0.17691806012951355,34.3,33.7,0.1,32.0,0.15241335299552697,0.24106191432932217,29.38955049678877,0
28.810000000000063,77.06000000000012,0.23752292520930965,0.17999999999987892,0.17029386365923826,22.8,61.2,1.0,15.0,0.4689884953363915,0.08173849515153969,27.972997181200174,0
28.810000000000063,77.07000000000012,0.23104791710809267,0.1699999999998738,0.16401219466854436,42.8,39.7,4.9,12.7,0.22306419228259658,0.18677891401322763,29.87450308180097,0
28.810000000000063,77.08000000000013,0.22483135902268844,0.1599999999998687,0.15811388300839985,29.5,44.5,0.5,25.5,0.31607210423145,0.10375642242772556,28.75248412585512,0
28.810000000000063,77.09000000000013,0.21889527176252618,0.14999999999986358,0.15264337522472315,34.2,40.5,0.5,24.7,0.26692695699113184,0.2040827111696266,29.1157909514209,0
28.810000000000063,77.10000000000014,0.21326307697299962,0.13999999999985846,0.14764823060232557,27.1,52.3,6.9,13.7,0.4249058272952454,0.16303313839303327,28.283916221786654,0
28.810000000000063,77.11000000000014,0.20795946720453276,0.12999999999985334,0.1431782106327621,16.5,31.8,0.1,51.6,0.15739970397523803,0.19419162898988876,27.591924079693257,-1
28.810000000000063,77.12000000000015,0.20301019678822765,0.11999999999984823,0.13928388277184792,36.1,37.6,3.0,23.3,0.23093266356686093,0.20783160808259557,29.249577027790824,0
28.810000000000063,77.13000000000015,0.19844177987509815,0.10999999999984311,0.13601470508737046,64.3,29.5,0.8,5.4,0.20541566184505688,0.2888999811953772,31.559398619897365,-1
28.810000000000063,77.14000000000016,0.19428108502888053,0.099999999999838,0.13341664064128977,47.9,30.1,0.1,21.9,0.1590981214223229,0.2615006025016534,30.241393053039925,0
28.810000000000063,77.15000000000016,0.19055482150814632,0.08999999999983288,0.1315294643796969,38.0,45.4,4.6,12.0,0.3075236927155592,0.2309206489753827,29.23646071922371,0
28.810000000000063,77.16000000000017,0.18728892118863863,0.07999999999982776,0.13038404810410306,38.4,27.9,0.3,33.4,0.13076343092424098,0.21303959793790644,29.476645494486778,0
28.810000000000063,77.17000000000017,0.18450783181211278,0.06999999999982265,0.13000000000006295,44.0,41.5,1.6,12.9,0.26531770805924854,0.31313615508779424,29.515323855496934,0
28.810000000000063,77.18000000000018,0.1822337509903418,0.05999999999981753,0.1303840481041292,46.1,33.3,0.6,20.0,0.23324787860479057,0.2760535569599317,30.004650466678513,0
28.810000000000063,77.19000000000018,0.18048584432030432,0.04999999999981242,0.13152946437974877,31.5,46.6,0.1,21.8,0.41119562001004145,0.08218324624340545,28.43668450143649,-1
28.810000000000063,77.20000000000019,0.1792795024536172,0.0399999999998073,0.13341664064136646,58.1,26.2,0.1,15.6,0.051874940572588124,0.36846187019386106,30.790251756425345,-1
28.810000000000063,77.21000000000019,0.17862569803928036,0.029999999999802185,0.13601470508747077,51.9,25.7,0.2,22.1,0.06804905358432682,0.34971108166113746,30.41478156681153,-1
28.810000000000063,77.2200000000002,0.17853050159573292,0.01999999999979707,0.13928388277197035,36.0,28.1,32.4,3.5,0.14582618982672016,0.24561909878567295,29.891183771944874,0
28.810000000000063,77.2300000000002,0.1789948043939489,0.009999999999791953,0.143178210632905,37.0,27.2,32.0,3.8,0.14728218817837596,0.32196516917811685,29.799328778495774,0
28.810000000000063,77.24000000000021,0.18001427721164856,2.1316282072803006e-13,0.14764823060248727,35.7,17.3,42.9,4.0,0.044817405460746654,0.28960736858214053,29.748899237937906,0
28.810000000000063,77.25000000000021,0.1815795693354203,0.010000000000218279,0.15264337522490193,41.2,22.7,32.1,4.1,0.07663607135659645,0.34169935665869716,30.13252152707432,0
28.810000000000063,77.26000000000022,0.183676726887326,0.020000000000223395,0.158113883008594,48.9,35.7,1.1,14.4,0.15968212478393284,0.26646099650655286,30.0629979759616,0
28.810000000000063,77.27000000000022,0.1862877881130328,0.03000000000022851,0.1640121946687523,42.2,46.1,5.7,6.0,0.2843617546433855,0.18192064198903082,29.181070553620398,12
28.810000000000063,77.28000000000023,0.18939149928138607,0.040000000000233626,0.17029386365945856,41.3,36.4,5.5,16.8,0.2684618309498944,0.30904975388701494,29.23829002264246,0
28.810000000000063,77.29000000000023,0.19296408992363454,0.05000000000023874,0.1769180601297449,43.4,13.2,2.6,40.9,0.023453338814077955,0.4133772896203782,30.103019056721905,11
28.810000000000063,77.30000000000024,0.19698004975139483,0.06000000000024386,0.18384776310871448,54.8,36.1,4.2,4.9,0.2586780948952451,0.22852696098251138,30.7106009848385,-1
28.810000000000063,77.31000000000024,0.20141285956975946,0.07000000000024897,0.1910497317456483,27.2,32.1,0.8,39.9,0.12872929650144352,0.24011509012224141,28.56853737126396,-1
28.810000000000063,77.32000000000025,0.2062356419246526,0.08000000000025409,0.19849433241302014,26.0,29.8,1.0,43.2,0.24040716603564333,0.3236726161412259,28.46432827621469,-1
28.810000000000063,77.33000000000025,0.21142171127885517,0.0900000000002592,0.2061552812811186,40.0,17.5,1.9,40.6,0.02940576743687574,0.40094422926549667,29.946471329709166,-1
28.810000000000063,77.34000000000026,0.21694501607570035,0.10000000000026432,0.21400934559056975,37.0,47.8,1.9,13.3,0.35396008139735485,0.1265315163681889,29.19353476001892,12
28.820000000000064,76.84,0.4212305069674136,0.3999999999999915,0.358468966578722,5.1,81.6,1.3,11.9,0.6281459734014991,-0.012901013248136736,27.62176174127611,0
28.820000000000064,76.85000000000001,0.41231194501253604,0.38999999999998636,0.3492849839314792,4.8,75.8,1.0,18.4,0.5551992830714969,-0.018098140138835962,27.764067508045162,0
28.820000000000064,76.86000000000001,0.403444097738481,0.37999999999998124,0.34014702703391464,5.0,80.6,8.6,5.7,0.6470409270632661,-0.14042862341241244,27.440489781773508,0
28.820000000000064,76.87000000000002,0.3946303840304414,0.3699999999999761,0.3310589071449488,15.4,76.5,3.3,4.8,0.6185254898613594,-0.02591626097578763,28.69102262839195,0
28.820000000000064,76.88000000000002,0.38587451328120975,0.359999999999971,0.32202484376210044,5.5,87.8,1.3,5.5,0.824600714524553,-0.09861689309522496,26.62263891985265,-1
28.820000000000064,76.89000000000003,0.37718051381269363,0.3499999999999659,0.313049516849975,5.0,64.2,2.6,28.2,0.5097634973738898,-0.05984658731284697,27.465842396700786,0
28.820000000000064,76.90000000000003,0.3685527642007381,0.3399999999999608,0.3041381265149119,5.0,69.6,0.6,24.8,0.5576134577170413,0.00230470670359402,27.720463529016385,0
28.820000000000064,76.91000000000004,0.35999602775586614,0.32999999999995566,0.2952964612046656,4.8,56.9,0.2,38.2,0.469344081184907,0.1513878012901823,27.198496503513827,-1
28.820000000000064,76.92000000000004,0.35151549041258484,0.31999999999995055,0.2865309756378824,7.9,68.3,0.9,22.9,0.54129270102369,0.050461303384008394,27.797163706874873,0
28.820000000000064,76.93000000000005,0.3431168022700111,0.30999999999994543,0.27784887978898737,29.3,63.9,1.1,5.7,0.47316426155267455,0.07649941718281046,29.445825991954923,0
28.820000000000064,76.94000000000005,0.33480612300254614,0.2999999999999403,0.2692582403567136,12.7,68.2,0.0,19.1,0.5300862517121815,-0.016968526776362187,28.041534153238892,0
28.820000000000064,76.95000000000006,0.3265901713156633,0.2899999999999352,0.26076809620809166,17.0,64.3,3.4,15.3,0.521440351782568,0.04591942707765012,28.353441361950253,0
28.820000000000064,76.96000000000006,0.3184762785514689,0.2799999999999301,0.25238858928246255,5.1,72.6,0.9,21.4,0.622938158601674,-0.0964608896809,27.08500852650462,0
28.820000000000064,76.97000000000007,0.3104724464425008,0.26999999999992497,0.24413111231465517,12.7,74.1,1.9,11.4,0.49136576482929706,-0.05627723961675145,27.60491020507117,0
28.820000000000064,76.98000000000008,0.3025874088589782,0.25999999999991985,0.23600847442409817,14.2,70.5,0.1,15.1,0.43998796679315016,-0.10798854075877079,27.84249271892894,0
28.820000000000064,76.99000000000008,0.29483069718058463,0.24999999999991473,0.22803508501980527,17.2,54.3,0.4,28.1,0.4561187724169023,0.10182797734566991,28.285233360712795,0
28.820000000000064,77.00000000000009,0.2872127086324505,0.23999999999990962,0.22022715545542892,33.9,43.1,4.2,18.7,0.24802697385967887,0.16932495575055417,29.809912806592795,0
28.820000000000064,77.01000000000009,0.2797447765374511,0.2299999999999045,0.21260291625466876,31.0,57.5,2.0,9.6,0.33460335031395205,0.13640257314190865,29.072936439453475,0
28.820000000000064,77.0200000000001,0.27243924093270444,0.2199999999998994,0.20518284528680736,14.3,49.9,6.0,29.8,0.2615018232647209,0.0993884990770374,27.889361930622393,0
28.820000000000064,77.0300000000001,0.26530951735659264,0.20999999999989427,0.19798989873220899,26.6,56.8,12.1,4.5,0.5012924012817945,0.04525972147440992,28.799343298306916,0
28.820000000000064,77.0400000000001,0.25837016081581143,0.19999999999988916,0.1910497317454045,32.1,44.7,0.9,22.3,0.34618064072639954,0.18282445025083982,29.332201783339304,0
28.820000000000064,77.05000000000011,0.25163692097939167,0.18999999999988404,0.1843908891458357,38.5,38.3,0.7,22.6,0.20494535926808233,0.18832649753553665,29.973165428351546,0
28.820000000000064,77.06000000000012,0.24512678352230133,0.17999999999987892,0.1780449381476287,49.4,41.2,4.1,5.3,0.23311228297163186,0.32497165404515593,30.462361252375096,0
28.820000000000064,77.07000000000012,0.23885799128350285,0.1699999999998738,0.17204650534083565,23.2,57.7,13.8,5.3,0.4220431643578072,0.038925725186146065,28.048543813176977,0
28.820000000000064,77.08000000000013,0.23285003757781722,0.1599999999998687,0.16643316977091935,24.5,44.6,1.9,28.9,0.3443695248909926,0.12699631400960215,28.451662153485742,0
28.820000000000064,77.09000000000013,0.227123622725581,0.14999999999986358,0.1612451549659627,22.6,43.4,3.3,30.7,0.2758996119433811,0.10012012247446334,28.195301979633605,0
28.820000000000064,77.10000000000014,0.22170056382425696,0.13999999999985846,0.15652475842498273,32.0,54.4,2.9,10.7,0.35029858627983834,0.06898878101595703,28.76908097953742,0
28.820000000000064,77.11000000000014,0.21660364724536613,0.12999999999985334,0.1523154621172824,42.1,33.9,0.9,23.1,0.2618523280934845,0.25830314815916233,29.83227009631408,0
28.820000000000064,77.12000000000015,0.21185641363904184,0.11999999999984823,0.14866068747319705,50.7,40.3,1.8,7.2,0.2614080927641933,0.18832548974405253,30.22275816738546,0
28.820000000000064,77.13000000000015,0.20748286676253241,0.10999999999984311,0.1456021977856312,41.3,49.3,3.9,5.5,0.3341187042171291,0.16800528883556803,29.22911539726965,0
28.820000000000064,77.14000000000016,0.20350710061322422,0.099999999999838,0.1431782106327941,35.2,26.0,2.3,36.5,0.16360623123726742,0.2971011037075086,29.39016714746349,0
28.820000000000064,77.15000000000016,0.1999528444408915,0.08999999999983288,0.14142135623735072,40.5,40.4,0.0,19.1,0.15678341441820076,0.19831779951934814,29.49696990521528,0
28.820000000000064,77.16000000000017,0.19684293230900102,0.07999999999982776,0.14035668847623456,30.9,30.0,0.8,38.3,0.1937067400591549,0.13255345443211544,28.923519458275898,0
28.820000000000064,77.17000000000017,0.19419871266310898,0.06999999999982265,0.14000000000006452,59.4,35.5,0.3,4.8,0.2400458066796517,0.3673980696144666,31.130860269938296,-1
28.820000000000064,77.18000000000018,0.19203942303603125,0.05999999999981753,0.14035668847625887,31.4,41.2,0.7,26.7,0.2018541725641334,0.2015291667714209,28.32826039553188,-1
28.820000000000064,77.19000000000018,0.19038156423355437,0.04999999999981242,0.14142135623739893,42.7,40.0,4.6,12.7,0.16293134355086616,0.2420287013219078,29.587461198538772,0
28.820000000000064,77.20000000000019,0.18923831535928026,0.0399999999998073,0.14317821063286557,58.9,36.3,0.1,4.7,0.198481922321942,0.2835968655701,31.06689401870573,0
28.820000000000064,77.21000000000019,0.18861903403427246,0.029999999999802185,0.14560219778572486,46.7,46.9,0.5,5.9,0.33124866801526304,0.2461446512877252,29.48049083137091,-1
28.820000000000064,77.2200000000002,0.18852888372879592,0.01999999999979707,0.14866068747331176,33.8,32.0,30.0,4.2,0.2022435508705422,0.2882997672545598,29.29307139159016,0
28.820000000000064,77.2300000000002,0.1889686217339532,0.009999999999791953,0.15231546211741673,34.7,31.4,29.4,4.5,0.2678023239910958,0.2989985447852185,29.248368197685696,0
28.820000000000064,77.24000000000021,0.1899345676806466,2.1316282072803006e-13,0.15652475842513527,33.5,26.5,35.9,4.2,0.14767097295106016,0.28143614993914634,29.398895068209704,0
28.820000000000064,77.25000000000021,0.19141875561197907,0.010000000000218279,0.16124515496613193,39.4,31.2,25.9,3.6,0.11085866699192173,0.1934012407342101,30.258515146429176,0
28.820000000000064,77.26000000000022,0.19340925520781888,0.020000000000223395,0.16643316977110376,20.8,40.8,0.4,38.1,0.2546514277985001,0.17865862722986978,27.716159953426157,-1
28.820000000000064,77.27000000000022,0.19589063275217644,0.03000000000022851,0.17204650534103388,56.1,24.2,0.5,19.2,0.05286783025055583,0.3606716517475207,30.97980775973907,-1
28.820000000000064,77.28000000000023,0.19884451211952803,0.040000000000233626,0.17804493814783942,27.5,50.1,1.5,20.9,0.3419448223183674,0.104567521892975,28.12511233286584,13
28.820000000000064,77.29000000000023,0.20225019159461477,0.05000000000023874,0.18439088914605767,35.2,31.4,0.6,32.9,0.2530455378741463,0.2085071952728274,29.308764744473702,0
28.820000000000064,77.30000000000024,0.20608527361280293,0.06000000000024386,0.19104973174563655,32.2,30.7,5.5,31.6,0.19926214031896555,0.2702519180374105,29.15146869894158,0
28.820000000000064,77.31000000000024,0.21032627035173118,0.07000000000024897,0.19798989873245015,44.3,27.1,1.3,27.3,0.10786076015950061,0.29360816398773903,30.09536754397627,0
28.820000000000064,77.32000000000025,0.2149491567791681,0.08000000000025409,0.2051828452870567,20.4,40.8,0.1,38.8,0.2968170384910695,0.13769396552893032,28.011028733149036,-1
28.820000000000064,77.33000000000025,0.21992985245318897,0.0900000000002592,0.21260291625492542,38.0,37.6,2.4,22.0,0.19951089181478007,0.3096203016060079,29.633177242131882,0
28.820000000000064,77.34000000000026,0.22524462257751626,0.10000000000026432,0.2202271554556922,55.0,39.0,0.8,5.2,0.11282779181955999,0.3035770966725744,30.896245720734335,-1
28.830000000000066,76.84,0.4257994128695179,0.3999999999999915,0.36249137920786295,4.6,73.6,2.0,19.8,0.5007258045039937,-0.03247318302382585,26.998503906794504,0
28.830000000000066,76.85000000000001,0.4169785845820172,0.38999999999998636,0.3534119409414677,5.2,82.6,0.7,11.6,0.6663220200926648,-0.036478385931155106,27.612943992896106,0
28.830000000000066,76.86000000000001,0.4082121262285319,0.37999999999998124,0.3443835071544693,5.5,86.7,1.9,5.9,0.7189168020147155,-0.10048105911191589,27.114099820192603,0
28.830000000000066,76.87000000000002,0.3995036170049222,0.3699999999999761,0.3354101966249828,5.4,83.3,3.2,8.1,0.7355823843340403,-0.13550528730811018,27.72303451218743,0
28.830000000000066,76.88000000000002,0.3908569303466582,0.359999999999971,0.3264965543463008,5.2,82.8,5.4,6.6,0.6622589814501678,-0.11787971852668237,27.523664797798787,0
28.830000000000066,76.89000000000003,0.38227626136082465,0.3499999999999659,0.31764760348537896,4.9,77.9,0.6,16.6,0.6684579646704303,-0.038202864327123484,27.282347454568754,0
28.830000000000066,76.90000000000003,0.3737661568414224,0.3399999999999608,0.30886890422961377,10.7,78.6,0.9,9.8,0.6389046579065751,-0.029658059891897966,28.00702705152645,0
28.830000000000066,76.91000000000004,0.36533154804917173,0.32999999999995566,0.3001666203960732,25.9,65.8,1.3,7.1,0.5390701355236016,0.07101567157382391,29.377264963984285,0
28.830000000000066,76.92000000000004,0.35697778642375205,0.31999999999995055,0.29154759474226244,7.1,67.8,5.6,19.4,0.565286024329454,-0.07458510009647448,27.77563901322726,0
28.830000000000066,76.93000000000005,0.3487106823715039,0.30999999999994543,0.28301943396169266,18.0,57.4,4.8,19.8,0.440950857821014,0.10766779761074775,28.765969880165002,0
28.830000000000066,76.94000000000005,0.3405365472309807,0.2999999999999403,0.2745906043549114,4.7,70.2,0.2,24.9,0.5855424360840319,-0.04015069113890286,27.10445443015533,0
28.830000000000066,76.95000000000006,0.3324622384572363,0.2899999999999352,0.26627053911387627,4.9,71.7,0.3,23.1,0.5103723475308642,-0.013802919552957559,27.248872720681902,0
28.830000000000066,76.96000000000006,0.3244952079769357,0.2799999999999301,0.25806975801126586,20.4,69.3,1.4,8.8,0.40236910198843995,-0.02680820611426643,28.476294048031097,-1
28.830000000000066,76.97000000000007,0.3166435535424549,0.26999999999992497,0.24999999999998507,29.7,53.7,0.2,16.4,0.415836985204658,0.2189017141232303,29.57314892335889,0
28.830000000000066,76.98000000000008,0.3089160727446735,0.25999999999991985,0.24207436873818747,21.7,71.0,0.8,6.4,0.5577389265429337,0.022474795195901356,28.422897583483742,0
28.830000000000066,76.99000000000008,0.30132231912022633,0.24999999999991473,0.23430749027718167,16.5,56.0,0.3,27.2,0.36023639507125005,0.048622634636700704,28.232561893829335,0
28.830000000000066,77.00000000000009,0.29387265949725716,0.23999999999990962,0.22671568097507375,20.1,61.8,1.9,16.2,0.393077379916767,0.08360930060682636,28.38073661180259,0
28.830000000000066,77.01000000000009,0.2865783313511166,0.2299999999999045,0.21931712199459358,10.4,60.7,6.1,22.9,0.45283374499463097,0.07060291127729819,27.486887042106055,-1
28.830000000000066,77.0200000000001,0.2794514984751202,0.2199999999998994,0.21213203435594466,28.8,45.9,10.9,14.3,0.3489460976192755,0.18860383305196174,29.262348572268596,0
28.830000000000066,77.0300000000001,0.27250530270068146,0.20999999999989427,0.20518284528681274,32.9,53.1,0.9,13.1,0.40389550361682924,0.08345978792990391,29.380257440252613,0
28.830000000000066,77.0400000000001,0.2657539087200604,0.19999999999988916,0.19849433241277387,22.5,56.9,1.8,18.8,0.36111773321274804,0.14013337494112704,28.32504574267437,0
28.830000000000066,77.05000000000011,0.25921253827697177,0.18999999999988404,0.19209372712296888,25.2,58.8,4.2,11.8,0.38943081603146473,0.06435698734536091,28.359069835211162,0
28.830000000000066,77.06000000000012,0.25289748911365467,0.17999999999987892,0.18601075237736847,32.1,48.9,0.2,18.8,0.3735742677587358,0.1509952781421969,29.132030023916933,0
28.830000000000066,77.07000000000012,0.24682613313827176,0.1699999999998738,0.18027756377318824,24.9,46.2,2.2,26.7,0.31943430625318503,0.033262330524621894,28.618731041070614,0
28.830000000000066,77.08000000000013,0.24101688737512317,0.1599999999998687,0.17492855684535163,29.9,63.3,1.0,5.8,0.5227076957372876,0.049997468686833954,28.612024601778,-1
28.830000000000066,77.09000000000013,0.2354891504931681,0.14999999999986358,0.16999999999999732,49.7,44.8,0.4,5.1,0.28703640301423655,0.20158261460452342,30.658951803674167,-1
28.830000000000066,77.10000000000014,0.23026319723306926,0.13999999999985846,0.1655294535724714,32.3,52.2,1.1,14.5,0.40677624004021473,0.15843039177078594,28.815578058717914,0
28.830000000000066,77.11000000000014,0.2253600230741844,0.12999999999985334,0.16155494421404454,30.2,43.6,0.2,26.1,0.29041750869852406,0.14635018365758773,28.8689208330803,0
28.830000000000066,77.12000000000015,0.22080113224347087,0.11999999999984823,0.15811388300843582,30.9,55.1,2.5,11.4,0.35975993814510143,0.03611992885477544,28.51532000627333,-1
28.830000000000066,77.13000000000015,0.21660826392361093,0.10999999999984311,0.1552417469626254,43.7,43.0,0.6,12.8,0.3334081416755058,0.22829218362467535,29.83718689484088,0
28.830000000000066,77.14000000000016,0.2128030544893632,0.099999999999838,0.1529705854078179,33.8,39.3,0.7,26.3,0.20407195423035784,0.19237853338948394,29.151478822481856,0
28.830000000000066,77.15000000000016,0.20940663790817446,0.08999999999983288,0.15132745950425988,30.3,37.8,0.2,31.7,0.2439075947965555,0.1654724907834569,28.842404389930195,0
28.830000000000066,77.16000000000017,0.20643919201548885,0.07999999999982776,0.15033296378378402,51.7,34.6,4.0,9.8,0.22027432077389072,0.28647631749225094,30.53374292522742,0
28.830000000000066,77.17000000000017,0.20391944487961583,0.06999999999982265,0.15000000000006608,54.1,9.3,1.4,35.2,-0.022314435575189813,0.326812974441857,31.16089241134773,-1
28.830000000000066,77.18000000000018,0.20186416224781875,0.05999999999981753,0.1503329637838067,35.4,44.1,1.8,18.8,0.3464399750062682,0.2167229901231168,28.893879126221556,0
28.830000000000066,77.19000000000018,0.20028764315358277,0.04999999999981242,0.15132745950430496,21.5,40.2,1.7,36.6,0.2904307696028414,0.15435987241336682,27.921820933410604,0
28.830000000000066,77.20000000000019,0.19920125501617786,0.0399999999998073,0.1529705854078848,48.4,45.8,1.0,4.8,0.3348714244611174,0.20283494628049778,30.053847754009368,0
28.830000000000066,77.21000000000019,0.19861304086092624,0.029999999999802185,0.1552417469627133,34.0,40.6,0.4,24.9,0.2688231532185865,0.2466400053802698,28.879775996210906,0
28.830000000000066,77.2200000000002,0.19852742883548302,0.01999999999979707,0.15811388300854368,38.4,20.5,37.1,4.0,0.17731638566812435,0.28590896721403786,30.151403708672294,0
28.830000000000066,77.2300000000002,0.19894506779518767,0.009999999999791953,0.16155494421417121,20.8,44.0,30.1,5.1,0.3692333629440901,0.15533280149915757,27.77303900023499,-1
28.830000000000066,77.24000000000021,0.19986280294250866,2.1316282072803006e-13,0.16552945357261561,35.5,19.5,41.3,3.6,0.12147145579192264,0.30252415384685,30.135389578240567,0
28.830000000000066,77.25000000000021,0.201273793624606,0.010000000000218279,0.1700000000001578,22.9,37.8,35.1,4.1,0.27795513653966974,0.3404973621555833,28.33950494445052,-1
28.830000000000066,77.26000000000022,0.20316776319102678,0.020000000000223395,0.1749285568455271,47.4,39.4,0.5,12.8,0.22448709113589763,0.26961997811812227,30.013472968624175,0
28.830000000000066,77.27000000000022,0.20553136013769283,0.03000000000022851,0.18027756377337742,38.9,46.6,0.7,13.7,0.3169460397886591,0.12662716003961805,29.25622744300913,12
28.830000000000066,77.28000000000023,0.20834860210727366,0.040000000000233626,0.18601075237757014,28.5,35.9,1.3,34.3,0.2548910451573809,0.2936105578602804,28.674121199392587,-1
28.830000000000066,77.29000000000023,0.21160137050610117,0.05000000000023874,0.19209372712318193,32.9,41.0,1.2,25.0,0.3215790522713247,0.24584968123295212,28.97757275262752,12
28.830000000000066,77.30000000000024,0.21526992358447514,0.06000000000024386,0.19849433241299724,43.0,27.7,2.4,26.8,0.19390239017136363,0.2927480880879176,30.09325013756926,0
28.830000000000066,77.31000000000024,0.21933339918961597,0.07000000000024897,0.20518284528704545,39.9,50.7,2.1,7.3,0.38534811473618014,0.14433361575763726,29.250038135648527,12
28.830000000000066,77.32000000000025,0.2237702839969537,0.08000000000025409,0.21213203435618583,43.9,48.5,2.2,5.3,0.4365312966107167,0.12288116769118651,29.653297399327155,12
28.830000000000066,77.33000000000025,0.22855883268883614,0.0900000000002592,0.2193171219948424,52.2,40.6,2.4,4.8,0.25862059284855843,0.2751268946599065,30.75631120134865,-1
28.830000000000066,77.34000000000026,0.23367742723697058,0.10000000000026432,0.2267156809753295,17.8,50.2,0.7,31.4,0.40245949022551947,0.06864218123749471,27.76197010323538,13
28.840000000000067,76.84,0.43055213389324665,0.3999999999999915,0.3667424164178729,9.6,76.3,0.7,13.3,0.6312720023367082,-0.09669841788032546,28.584697196575224,-1
28.840000000000067,76.85000000000001,0.42183070063714473,0.38999999999998636,0.3577708763999905,4.9,79.1,1.1,14.8,0.634103298896168,-0.0420295232798013,27.631268877852516,0
28.840000000000067,76.86000000000001,0.4131672058622525,0.37999999999998124,0.3488552708502686,4.9,76.2,0.7,18.3,0.609825011656783,0.010945234935457196,27.187698884929343,0
28.840000000000067,76.87000000000002,0.4045653717262731,0.3699999999999761,0.3400000000000168,5.1,81.3,8.5,5.1,0.6547172402412822,-0.1150136511383689,26.875934096221414,0
28.840000000000067,76.88000000000002,0.39602921609398267,0.359999999999971,0.33120990323359717,5.0,69.5,3.4,22.1,0.4900881840417658,0.007794673016606288,27.67953071370239,0
28.840000000000067,76.89000000000003,0.38756307873688317,0.3499999999999659,0.3224903099319519,11.7,67.5,0.4,20.5,0.5275430505733414,0.008210956418801273,28.475915965053137,0
28.840000000000067,76.90000000000003,0.3791716497841166,0.3399999999999608,0.3138470965295109,5.2,79.1,0.0,15.6,0.6493140323574299,-0.061958573367736455,27.52431634890214,0
28.840000000000067,76.91000000000004,0.3708600005392955,0.32999999999995566,0.30528675044947845,20.1,75.0,0.1,4.8,0.5910968222094819,-0.05563105435820918,28.872668374214587,0
28.840000000000067,76.92000000000004,0.36263361675388556,0.31999999999995055,0.29681644159311715,5.1,71.7,0.6,22.7,0.45319586211956064,-0.053817445701717426,27.00750306406513,0
28.840000000000067,76.93000000000005,0.3544984344112141,0.30999999999994543,0.2884441020371169,8.7,66.4,0.2,24.7,0.4182915566529567,-0.060731875431941015,27.941046435167884,0
28.840000000000067,76.94000000000005,0.3464608780223244,0.2999999999999403,0.2801785145224332,5.2,70.4,1.6,22.8,0.4926884008248831,-0.09752986739942962,27.13589418688435,0
28.840000000000067,76.95000000000006,0.3385279013611703,0.2899999999999352,0.2720294101747018,16.1,62.4,3.9,17.6,0.456003637479748,0.06221376140181768,28.430906850403392,0
28.840000000000067,76.96000000000006,0.3307070304665396,0.2799999999999301,0.26400757564887256,21.3,61.0,2.5,15.2,0.4107726547446245,0.032685554448435655,28.87653460413956,0
28.840000000000067,76.97000000000007,0.32300640860514745,0.26999999999992497,0.25612496949730296,11.5,54.5,0.5,33.5,0.4227956007709602,0.016245850357382435,28.058710012250383,0
28.840000000000067,76.98000000000008,0.31543484271715194,0.25999999999991985,0.24839484696747188,5.0,76.0,1.0,17.9,0.6435999457766142,-0.1254754420408374,26.341983980777343,-1
28.840000000000067,76.99000000000008,0.3080018506437802,0.24999999999991473,0.2408318915758322,20.5,55.1,1.4,23.0,0.46258348705739777,0.010313120891253191,28.626564982489157,0
28.840000000000067,77.00000000000009,0.3007177081583205,0.23999999999990962,0.23345235059856054,24.5,64.2,3.4,8.0,0.49464056361937325,-0.04532037255896183,28.683460184957667,0
28.840000000000067,77.01000000000009,0.2935934944783218,0.2299999999999045,0.22627416997968033,23.4,42.7,3.4,30.5,0.33850805084774327,0.1622472399122667,29.064238286571758,0
28.840000000000067,77.0200000000001,0.2866411345218828,0.2199999999998994,0.2193171219945983,34.1,56.3,4.7,4.9,0.3785724113190633,-0.010571240651615105,29.528982005001986,-1
28.840000000000067,77.0300000000001,0.2798734356811879,0.20999999999989427,0.21260291625467878,14.4,68.8,1.5,15.2,0.5116173163982898,0.022765958524145896,27.534564069266384,-1
28.840000000000067,77.0400000000001,0.2733041163246397,0.19999999999988916,0.20615528128086993,29.9,50.6,2.2,17.4,0.29705059089296687,0.15991373234124825,29.239198961816133,0
28.840000000000067,77.05000000000011,0.266947822617066,0.18999999999988404,0.19999999999998863,38.0,40.0,0.2,21.8,0.3203449674485866,0.20904376043060718,29.950344665329897,0
28.840000000000067,77.06000000000012,0.26082012959124357,0.17999999999987892,0.194164878389467,10.2,59.2,1.7,28.9,0.5310972926003276,0.03830670200258278,27.246797117087652,-1
28.840000000000067,77.07000000000012,0.2549375217577708,0.1699999999998738,0.18867962264112617,30.2,36.6,0.5,32.6,0.21197011417325856,0.19333199271109427,29.347916822050397,0
28.840000000000067,77.08000000000013,0.24931734797240804,0.1599999999998687,0.18357559750685612,26.1,49.8,1.2,22.9,0.2396919530719922,0.14055961637454661,28.54900099358708,0
28.840000000000067,77.09000000000013,0.2439777448866924,0.14999999999986358,0.17888543819998573,28.0,51.3,1.9,18.8,0.31392990674467236,0.13817834666462545,28.787329572540088,0
28.840000000000067,77.10000000000014,0.23893752321474612,0.13999999999985846,0.17464249196573778,35.5,51.3,0.6,12.6,0.3291913863956921,0.21507556817399442,29.22692915086008,0
28.840000000000067,77.11000000000014,0.23421601140827011,0.12999999999985334,0.17088007490636486,26.9,44.5,0.1,28.4,0.23418986053181545,0.2348414548831269,28.687476627034133,-1
28.840000000000067,77.12000000000015,0.2298328523079342,0.11999999999984823,0.16763054614242345,25.8,36.4,0.0,37.8,0.1760846174713327,0.27050971085740966,28.722236869510105,-1
28.840000000000067,77.13000000000015,0.22580775008843845,0.10999999999984311,0.16492422502473564,34.9,48.0,0.0,17.0,0.34223091127952304,0.1248133063100039,29.118167117834922,0
28.840000000000067,77.14000000000016,0.222160167446833,0.099999999999838,0.16278820596103497,24.8,46.3,0.0,28.9,0.3496861234693885,0.18078625882027777,28.288467939659512,0
28.840000000000067,77.15000000000016,0.2189089765176551,0.08999999999983288,0.16124515496601824,27.5,28.9,0.3,43.4,0.056880451798557774,0.2633032068946525,28.71817834464832,-1
28.840000000000067,77.16000000000017,0.21607207130957454,0.07999999999982776,0.16031219541887118,43.8,45.9,0.6,9.7,0.28649192432592746,0.1694522607181509,29.749777550569164,0
28.840000000000067,77.17000000000017,0.21366595423701146,0.06999999999982265,0.16000000000006764,27.2,46.5,0.5,25.8,0.3203838102354294,0.10478232613446309,28.32569389151158,0
28.840000000000067,77.18000000000018,0.2117053140571008,0.05999999999981753,0.16031219541889244,41.8,45.3,8.2,4.7,0.2543616222657669,0.18006497568138852,29.69524715954552,0
28.840000000000067,77.19000000000018,0.21020261653942107,0.04999999999981242,0.16124515496606054,37.6,26.5,0.6,35.3,0.15030920776489454,0.22725582892188573,29.843386555517885,0
28.840000000000067,77.20000000000019,0.20916773173704953,0.0399999999998073,0.1627882059610978,25.9,24.3,0.3,49.5,0.1128085141203373,0.18673593656883647,28.442187544695614,-1
28.840000000000067,77.21000000000019,0.20860762210433717,0.029999999999802185,0.16492422502481838,32.4,45.3,1.6,20.7,0.28527046892749686,0.19556910433460106,28.741308582923086,0
28.840000000000067,77.2200000000002,0.20852611347270097,0.01999999999979707,0.16763054614252518,39.9,30.6,25.6,4.0,0.1321754194121681,0.2683366238828516,30.196145610614597,0
28.840000000000067,77.2300000000002,0.20892376600098372,0.009999999999791953,0.17088007490648463,24.4,25.2,46.1,4.3,0.14047038948751966,0.2485793175811776,28.751508143521068,-1
28.840000000000067,77.24000000000021,0.2097978550892216,2.1316282072803006e-13,0.1746424919658745,25.4,25.5,45.3,3.8,0.09132561876431872,0.29503483671918307,29.033888777936216,-1
28.840000000000067,77.25000000000021,0.211142463753842,0.010000000000218279,0.17888543820013825,28.6,41.2,26.8,3.4,0.18414931057543307,0.17000628067484172,29.279121355716857,0
28.840000000000067,77.26000000000022,0.21294867926344865,0.020000000000223395,0.18357559750702335,41.9,33.2,2.3,22.6,0.1999049661775468,0.30121834775214107,29.99878616373221,0
28.840000000000067,77.27000000000022,0.21520487912696584,0.03000000000022851,0.18867962264130692,35.0,48.6,2.6,13.8,0.2754488369845069,0.12505116577031133,28.966321466068663,12
28.840000000000067,77.28000000000023,0.21789708579982667,0.040000000000233626,0.19416487838966023,30.8,38.8,2.2,28.1,0.16689018498106453,0.1611391358136198,28.863335811745088,0
28.840000000000067,77.29000000000023,0.22100936631749862,0.05000000000023874,0.20000000000019327,52.4,22.4,4.3,20.9,0.10807610391349426,0.34589940579438566,30.849275839940162,10
28.840000000000067,77.30000000000024,0.22452425258770545,0.06000000000024386,0.206155281281085,53.5,37.3,4.2,5.1,0.2275545421857009,0.3800657964867149,30.742540740989703,-1
28.840000000000067,77.31000000000024,0.22842315994678258,0.07000000000024897,0.21260291625490335,48.3,42.6,1.9,7.2,0.24008316914060687,0.29617011700798146,30.100519934481806,0
28.840000000000067,77.32000000000025,0.23268678518574984,0.08000000000025409,0.21931712199483155,38.4,46.3,1.3,14.0,0.3281470121948138,0.2386011774630085,29.282749980373424,12
28.840000000000067,77.33000000000025,0.23729546982630195,0.0900000000002592,0.2262741699799215,23.7,45.9,2.0,28.4,0.33429661558067736,0.07300293247257218,28.402958048270445,13
28.840000000000067,77.34000000000026,0.24222951925826808,0.10000000000026432,0.23345235059880892,25.5,56.4,3.7,14.4,0.4195914268961786,0.10175518969418149,28.235868705812628,13
28.85000000000007,76.84,0.4354826517784954,0.3999999999999915,0.3712142238654419,4.9,78.4,0.0,16.7,0.6157762377607436,-0.03624466230183051,27.854347961723786,0
28.85000000000007,76.85000000000001,0.4268619683223448,0.38999999999998636,0.36235341863989523,5.1,74.3,9.9,10.7,0.4884308486470097,0.048066390035878134,27.89029001953525,0
28.85000000000007,76.86000000000001,0.41830268944870885,0.37999999999998124,0.35355339059329655,9.9,76.4,0.4,13.3,0.6522618526174804,-0.13648638466556673,28.483890205564126,-1
28.85000000000007,76.87000000000002,0.40980866267078786,0.3699999999999761,0.34481879299135265,5.5,70.4,1.4,22.7,0.5614735264045936,0.0010479683156771405,28.09631595535898,0
28.85000000000007,76.88000000000002,0.40138403057423255,0.359999999999971,0.3361547262794481,4.9,60.5,4.0,30.7,0.3969604540733612,0.06541867909485084,27.199550758211,-1
28.85000000000007,76.89000000000003,0.3930332555904316,0.3499999999999659,0.3275667870831966,11.7,78.7,0.5,9.1,0.607712097080306,-0.035812889212046416,28.317064717952366,0
28.85000000000007,76.90000000000003,0.3847611466871504,0.3399999999999608,0.3190611226708858,4.9,78.6,1.3,15.2,0.6163145470562829,-0.1458158904915763,27.0900605954337,0
28.85000000000007,76.91000000000004,0.37657288803100036,0.32999999999995566,0.31064449134018784,4.7,70.6,0.3,24.4,0.533433002203632,-0.026237068886635295,27.551105273114732,0
28.85000000000007,76.92000000000004,0.36847406964399276,0.31999999999995055,0.30232432915662316,8.8,61.3,1.0,29.0,0.5413530495905241,0.04134112773133347,28.17719101221676,0
28.85000000000007,76.93000000000005,0.36047072003146646,0.30999999999994543,0.2941088233970559,29.9,64.4,0.4,5.4,0.38233741515193753,0.07658922782022502,29.62092465398289,0
28.85000000000007,76.94000000000005,0.3525693406976874,0.2999999999999403,0.28600699292150045,38.6,55.8,0.9,4.8,0.32839012796470457,0.1025516765073827,30.611050187093593,-1
28.85000000000007,76.95000000000006,0.3447769423844934,0.2899999999999352,0.27802877548915333,16.8,53.0,0.9,29.3,0.2620532080418641,0.044957742456953914,28.761452438659006,-1
28.85000000000007,76.96000000000006,0.33710108276301753,0.2799999999999301,0.27018512172212045,10.9,62.2,10.1,16.8,0.4637938027135112,0.04450830635067762,28.00549259973072,0
28.85000000000007,76.97000000000007,0.3295499051737043,0.26999999999992497,0.2624880949681266,18.7,66.3,10.1,4.8,0.5239007469153206,-0.009218287781796917,28.516343733331183,0
28.85000000000007,76.98000000000008,0.3221321778400854,0.25999999999991985,0.25495097567963076,23.9,70.9,0.2,4.9,0.5561799517072753,-0.015477523480290738,28.75691862202783,0
28.85000000000007,76.99000000000008,0.3148573327715198,0.24999999999991473,0.24758836806278944,12.9,55.7,2.4,29.0,0.38684378516077506,0.053217817937920894,28.126757096312314,0
28.85000000000007,77.00000000000009,0.3077355033141202,0.23999999999990962,0.240416305603416,35.4,59.6,0.1,4.9,0.456727014687599,0.11618850680559403,29.781696587047072,-1
28.85000000000007,77.01000000000009,0.30077755900331793,0.2299999999999045,0.23345235059856467,24.3,47.3,0.1,28.4,0.3108775242700971,0.1883367372072285,28.912126288686608,0
28.85000000000007,77.0200000000001,0.2939951360141765,0.2199999999998994,0.22671568097508252,28.2,66.2,0.2,5.4,0.5328362841491321,-0.0062029183737986465,28.784962453636606,0
28.85000000000007,77.0300000000001,0.28740066109874224,0.20999999999989427,0.22022715545544297,29.2,48.0,6.7,16.0,0.3873647128692805,0.08285671741869015,29.26305303511814,0
28.85000000000007,77.0400000000001,0.28100736645147617,0.19999999999988916,0.21400934559031876,25.9,51.9,5.2,17.1,0.32054059837732285,0.09909527030827109,28.96388421439814,0
28.85000000000007,77.05000000000011,0.2748292924707892,0.18999999999988404,0.20808652046684173,30.1,44.3,0.4,25.2,0.2843181269481493,0.07879080731479773,29.450561159325716,-1
28.85000000000007,77.06000000000012,0.2688812749151475,0.17999999999987892,0.20248456731316192,19.4,62.8,0.3,17.4,0.45891673073637396,0.07352796566979239,28.03146431581745,0
28.85000000000007,77.07000000000012,0.2631789125290928,0.1699999999998738,0.19723082923315932,22.9,48.3,0.6,28.2,0.4059716639764816,0.027521080878543783,28.455940032117894,0
28.85000000000007,77.08000000000013,0.2577385108981521,0.1599999999998687,0.19235384061671637,18.2,61.1,1.5,19.1,0.4092278971997272,0.08446867585573722,27.78801379260506,0
28.85000000000007,77.09000000000013,0.2525769981609529,0.14999999999986358,0.1878829422805668,32.5,43.6,1.6,22.3,0.34728314057983006,0.23495037182774034,29.336841524401024,0
28.85000000000007,77.10000000000014,0.2477118083580179,0.13999999999985846,0.18384776310851506,35.9,41.6,0.5,22.0,0.2010970164800866,0.21268540877998926,29.648559160846965,0
28.85000000000007,77.11000000000014,0.24316072873718933,0.12999999999985334,0.18027756377321819,37.1,45.7,2.9,14.3,0.37347728005489034,0.08993405247401139,29.44197734216685,0
28.85000000000007,77.12000000000015,0.23894170837257095,0.11999999999984823,0.177200451466719,45.7,32.1,0.7,21.5,0.23149417046885223,0.281906220360659,30.58033712576468,0
28.85000000000007,77.13000000000015,0.23507262707513338,0.10999999999984311,0.1746424919657628,33.3,45.8,5.2,15.7,0.30441712308550495,0.13106298883459402,29.094292899676386,0
28.85000000000007,77.14000000000016,0.23157102582146785,0.099999999999838,0.17262676501636187,39.0,40.7,2.1,18.3,0.31213368559235916,0.15339983303971536,29.70446173688717,0
28.85000000000007,77.15000000000016,0.22845380276985833,0.08999999999983288,0.1711724276862869,22.1,46.5,1.1,30.3,0.29345297314017094,0.16277165464827814,28.201240471021254,0
28.85000000000007,77.16000000000017,0.22573688223241659,0.07999999999982776,0.1702938636593234,33.5,48.9,3.4,14.3,0.29395935250087823,0.19434304336983602,28.847541057853707,0
28.85000000000007,77.17000000000017,0.22343486746704222,0.06999999999982265,0.1700000000000692,41.3,46.2,3.3,9.2,0.40112312278734036,0.2571846223239561,29.676859787873802,0
28.85000000000007,77.18000000000018,0.2215606914595135,0.05999999999981753,0.17029386365934343,41.2,44.2,0.6,13.9,0.2707409422733269,0.1883604772858617,29.790641964462484,0
28.85000000000007,77.19000000000018,0.22012528250980384,0.04999999999981242,0.17117242768632676,34.0,35.7,0.9,29.5,0.2551501198656868,0.23209707015870015,29.17310743525882,0
28.85000000000007,77.20000000000019,0.21913726291989769,0.0399999999998073,0.17262676501642116,37.3,51.7,5.8,5.3,0.4207420709535854,0.23666794062152585,29.063291283161877,-1
28.85000000000007,77.21000000000019,0.21860269897699797,0.029999999999802185,0.17464249196584092,21.4,37.6,0.4,40.6,0.27871660095294654,0.28096442555592566,28.145154035750508,-1
28.85000000000007,77.2200000000002,0.21852491848764483,0.01999999999979707,0.17720045146681523,24.7,35.9,35.6,3.8,0.2530635835436375,0.24861853415890828,28.858576308687606,0
28.85000000000007,77.2300000000002,0.21890440836135724,0.009999999999791953,0.1802775637733317,29.2,28.7,38.9,3.2,0.19230880400316377,0.22660208608819896,29.761282490850803,0
28.85000000000007,77.24000000000021,0.21973879948711852,2.1316282072803006e-13,0.18384776310864492,33.2,20.0,42.9,4.0,0.1328726569717097,0.2999627586818,29.897693417144193,0
28.85000000000007,77.25000000000021,0.2210229399859764,0.010000000000218279,0.18788294228071203,31.4,32.1,32.7,3.8,0.2047860867506467,0.224790228914465,29.564423769781516,0
28.85000000000007,77.26000000000022,0.22274905162547645,0.020000000000223395,0.19235384061687597,35.2,38.1,4.9,21.7,0.24091789610525435,0.2503815616902565,29.33297775268139,0
28.85000000000007,77.27000000000022,0.22490695854075754,0.03000000000022851,0.19723082923333224,32.5,34.4,1.4,31.7,0.14115297216484027,0.18451716191832634,29.304622488405002,0
28.85000000000007,77.28000000000023,0.22748437308979946,0.040000000000233626,0.20248456731334719,28.9,58.7,0.2,12.2,0.4442063431186849,0.1092666590657049,28.37693033935419,13
28.85000000000007,77.29000000000023,0.2304672210967632,0.05000000000023874,0.2080865204670384,42.7,38.7,1.9,16.8,0.2997169188478941,0.25091891613097733,29.870505119192174,0
28.85000000000007,77.30000000000024,0.23383998802614964,0.06000000000024386,0.21400934559052592,37.1,37.1,3.0,22.8,0.17886389001682546,0.2449875262799096,29.595577381285604,0
28.85000000000007,77.31000000000024,0.23758606861530301,0.07000000000024897,0.22022715545565977,32.7,39.4,0.2,27.7,0.24314716389291546,0.14998023545645073,29.45310033308731,-1
28.85000000000007,77.32000000000025,0.24168810479641184,0.08000000000025409,0.22671568097530817,25.0,51.0,0.4,23.6,0.3802686553399494,0.1323601699813316,28.481073487757122,13
28.85000000000007,77.33000000000025,0.24612829987648197,0.0900000000002592,0.23345235059879843,9.3,53.3,0.0,37.4,0.4553182898685634,0.14986488731315878,27.15041944915529,-1
28.85000000000007,77.34000000000026,0.2508887004233027,0.10000000000026432,0.24041630560365718,39.9,53.5,1.8,4.9,0.3235715421226835,0.12935237214282158,29.689667264967756,-1
28.86000000000007,76.84,0.44058499747498475,0.3999999999999915,0.3758989225842824,4.7,75.5,4.1,15.7,0.6191726244417217,-0.05041311266712692,27.405672181086704,0
28.86000000000007,76.85000000000001,0.4320661291978678,0.38999999999998636,0.36715119501374516,5.2,69.0,2.3,23.4,0.5031106545759594,-0.12150168728928022,27.35870302706935,0
28.86000000000007,76.86000000000001,0.42361201588248776,0.37999999999998124,0.3584689665787236,4.9,75.5,7.8,11.9,0.5458183711784742,-0.05015527915788999,27.997830365047903,0
28.86000000000007,76.87000000000002,0.415226612827287,0.3699999999999761,0.3498571136907398,5.3,80.8,0.1,13.8,0.581299586744265,-0.07727153469145569,27.361084589131345,0
28.86000000000007,76.88000000000002,0.4069141678536379,0.359999999999971,0.34132096331753875,8.8,76.5,4.5,10.3,0.5557228732094529,-0.05027629613540053,28.27805910111422,0
28.86000000000007,76.89000000000003,0.3986792445061765,0.3499999999999659,0.33286633954188005,6.5,57.7,3.4,32.3,0.44425532209899626,0.06751822646260723,28.36359388387926,-1
28.86000000000007,76.90000000000003,0.3905267468433026,0.3399999999999608,0.32449961479177136,8.6,79.2,0.7,11.4,0.6014114361878019,-0.08415183670286125,28.02987557069115,0
28.86000000000007,76.91000000000004,0.38246194581946374,0.32999999999995566,0.3162277660168474,5.1,81.5,7.4,6.1,0.6692118733865854,-0.033379923179315665,26.854113053490643,0
28.86000000000007,76.92000000000004,0.3744905072228241,0.31999999999995055,0.308058436014994,16.6,69.8,0.7,12.9,0.47210755778259317,-0.043356552662939224,28.72206290178411,0
28.86000000000007,76.93000000000005,0.3666185210815269,0.30999999999994543,0.30000000000000426,9.4,80.7,4.4,5.5,0.6611498551461575,-0.0031358233775691663,27.812716174707838,0
28.86000000000007,76.94000000000005,0.35885253238622145,0.2999999999999403,0.2920616373302066,4.5,72.2,3.8,19.4,0.5714896702509505,-0.03686724591400552,27.520452339467813,0
28.86000000000007,76.95000000000006,0.3511995728926822,0.2899999999999352,0.2842534080710379,10.5,71.2,2.6,15.7,0.4654101777705405,-0.028082020644546218,27.976785142762036,0
28.86000000000007,76.96000000000006,0.34366719366270754,0.2799999999999301,0.27658633371878477,5.3,83.1,1.8,9.8,0.7232116617698444,-0.1711900303019782,26.62297329264175,-1
28.86000000000007,76.97000000000007,0.33626349787034515,0.26999999999992497,0.26907248094147085,16.7,65.8,0.3,17.3,0.509195246483286,-0.034384948517351646,28.40341731483125,0
28.86000000000007,76.98000000000008,0.32899717324013367,0.25999999999991985,0.26172504656604345,4.8,64.4,1.5,29.4,0.5178715364617548,0.009941973721232032,27.355405154999872,0
28.86000000000007,76.99000000000008,0.3218775232910768,0.24999999999991473,0.25455844122715166,5.1,64.5,0.9,29.5,0.538306787432282,-0.0430404049037606,27.20075576616914,0
28.86000000000007,77.00000000000009,0.3149144963319361,0.23999999999990962,0.24758836806279302,4.7,55.7,3.0,36.6,0.44971875831767405,0.08535263733285225,27.279911315981963,-1
28.86000000000007,77.01000000000009,0.308118710889158,0.2299999999999045,0.2408318915758399,28.0,49.2,2.7,20.2,0.3364948791720921,0.15237178758480416,29.42643509658587,0
28.86000000000007,77.0200000000001,0.30150147594994664,0.2199999999998994,0.23430749027719394,13.5,50.6,4.8,31.1,0.39165800667017014,0.016249283221805813,28.092459212244517,0
28.86000000000007,77.0300000000001,0.2950748040751636,0.20999999999989427,0.22803508501982273,34.6,50.3,0.0,15.1,0.2621978438735991,0.19035433028043658,29.81295476404916,0
28.86000000000007,77.0400000000001,0.288851415090867,0.19999999999988916,0.22203603311174164,19.2,50.9,3.8,26.1,0.37778831211520203,0.09497944569908862,28.304190177564763,0
28.86000000000007,77.05000000000011,0.2828447277217603,0.18999999999988404,0.2163330765278377,6.0,58.1,5.2,30.7,0.5095242503847813,0.025212001541904776,27.178411930294438,-1
28.86000000000007,77.06000000000012,0.27706883621222583,0.17999999999987892,0.2109502310972907,12.9,54.8,3.0,29.4,0.35843112672581184,0.1169292802270733,27.74682868911658,0
28.86000000000007,77.07000000000012,0.27153846872956694,0.1699999999998738,0.2059126028197439,40.2,53.4,0.3,6.1,0.4263726760538683,0.08388501134991481,29.76999671909438,-1
28.86000000000007,77.08000000000013,0.2662689242100906,0.1599999999998687,0.2012461179749887,24.9,47.6,0.2,27.4,0.4170491926048511,0.08046827801861964,28.731141820122573,0
28.86000000000007,77.09000000000013,0.26127598435371,0.14999999999986358,0.19697715603593413,21.3,73.9,0.0,4.8,0.599560343482454,0.010678976543737864,27.90094726084561,-1
28.86000000000007,77.10000000000014,0.2565757977674463,0.13999999999985846,0.1931320791582968,31.0,61.8,2.0,5.1,0.5074703362570995,-0.0009384653229156242,28.788100022017304,-1
28.86000000000007,77.11000000000014,0.2521847338757901,0.12999999999985334,0.18973665961012567,32.8,35.5,1.9,29.8,0.14102637734740908,0.19054261616863438,29.53898227717468,0
28.86000000000007,77.12000000000015,0.24811920522201594,0.11999999999984823,0.18681541692272344,40.8,45.8,8.5,4.9,0.26545379592805773,0.2423229899992467,29.88079031704214,0
28.86000000000007,77.13000000000015,0.24439545822295233,0.10999999999984311,0.18439088914589427,45.8,38.2,1.0,15.0,0.3152867633095035,0.2409635443265552,30.348340524037372,0
28.86000000000007,77.14000000000016,0.24102933431432996,0.099999999999838,0.18248287590899087,28.1,39.5,0.8,31.6,0.30351750761784846,0.11807849465765187,28.887206586196367,0
28.86000000000007,77.15000000000016,0.2380360056798371,0.08999999999983288,0.18110770276280097,19.2,39.4,2.0,39.4,0.27940105317606234,0.17005488152735868,28.13906706604989,0
28.86000000000007,77.16000000000017,0.2354296922650455,0.07999999999982776,0.18027756377326096,27.4,47.8,3.3,21.5,0.316969419888266,0.12295581949703543,28.67335832852927,0
28.86000000000007,77.17000000000017,0.23322336932652532,0.06999999999982265,0.18000000000007077,37.1,40.0,5.7,17.2,0.27423105237685363,0.17618545474811165,29.457231162382353,0
28.86000000000007,77.18000000000018,0.23142847707233405,0.05999999999981753,0.1802775637732799,23.6,54.1,3.2,19.1,0.47380733791630697,0.27812290371884074,28.158211445985604,-1
28.86000000000007,77.19000000000018,0.23005464568233144,0.04999999999981242,0.18110770276283863,25.9,58.5,1.2,14.4,0.42140488141122856,0.11394139421906703,28.142515451643387,-1
28.86000000000007,77.20000000000019,0.22910944982699094,0.0399999999998073,0.18248287590904697,36.3,52.1,1.9,9.6,0.4038625544414382,0.1342268977337083,29.23298484986585,-1
28.86000000000007,77.21000000000019,0.2285982064672208,0.029999999999802185,0.18439088914596827,34.3,37.9,3.9,23.8,0.2747489980234846,0.25831527569284485,29.260764733305685,0
28.86000000000007,77.2200000000002,0.22852382807933602,0.01999999999979707,0.18681541692281473,27.9,38.4,29.7,4.0,0.21230745386581729,0.17715066294499326,29.099489406796703,0
28.86000000000007,77.2300000000002,0.22888674055095015,0.009999999999791953,0.18973665961023353,23.1,44.7,27.8,4.3,0.2728657678247883,0.11989321153724855,28.433843241740878,0
28.86000000000007,77.24000000000021,0.22968487107348232,2.1316282072803006e-13,0.1931320791584204,27.5,35.6,32.5,4.3,0.2967506630612996,0.21947230020273795,29.011890551988028,0
28.86000000000007,77.25000000000021,0.23091370682583276,0.010000000000218279,0.19697715603607266,21.6,36.1,37.9,4.4,0.2534064972758923,0.20973450400951044,28.477974336956756,0
28.86000000000007,77.26000000000022,0.23256642062011293,0.020000000000223395,0.20124611797514122,40.4,52.4,2.4,4.8,0.33758286904500634,0.20548723003512848,29.623190114653305,-1
28.86000000000007,77.27000000000022,0.23463405549931607,0.03000000000022851,0.20591260281990953,42.3,42.8,0.2,14.7,0.2696360358060232,0.2840832790121195,29.944715576452783,0
28.86000000000007,77.28000000000023,0.23710575699476635,0.040000000000233626,0.21095023109746852,15.1,60.4,0.6,23.8,0.3943206089664222,0.10267527602563276,27.335996977971863,13
28.86000000000007,77.29000000000023,0.2399690396698425,0.05000000000023874,0.21633307652802689,23.4,43.9,0.7,31.9,0.3484250829590521,0.19352850568820237,28.373335478994704,13
28.86000000000007,77.30000000000024,0.24321007380466772,0.06000000000024386,0.22203603311194134,16.4,41.9,1.6,40.1,0.2645116586464816,0.18766337293363428,27.91982628154587,-1
28.86000000000007,77.31000000000024,0.2468139785345992,0.07000000000024897,0.2280350850200321,24.9,46.6,1.0,27.5,0.3074777166425219,0.2009350004134504,28.504078941887464,13
28.86000000000007,77.32000000000025,0.2507651092159423,0.08000000000025409,0.2343074902774123,29.3,48.5,2.3,19.9,0.37854593182652185,0.18089129942636317,28.881371924195733,13
28.86000000000007,77.33000000000025,0.2550473289412958,0.0900000000002592,0.2408318915760665,14.5,45.4,0.1,40.0,0.22462866903076434,0.037229968153047924,27.816268299241642,-1
28.86000000000007,77.34000000000026,0.25964425662836416,0.10000000000026432,0.2475883680630272,19.9,56.1,0.3,23.8,0.40305485796356166,0.10408224059316959,28.028161002528254,13
28.870000000000072,76.84,0.4458532718283387,0.3999999999999915,0.38078865529323,5.7,81.3,1.6,11.5,0.631154940145031,-0.020551143722558673,27.057112223050158,0
28.870000000000072,76.85000000000001,0.4374370126087078,0.38999999999998636,0.37215588131859895,5.2,77.5,0.8,16.5,0.5832195741305478,-0.11204095864584968,27.72372457379038,0
28.870000000000072,76.86000000000001,0.42908873208233655,0.37999999999998124,0.3635931792539845,5.1,81.3,0.7,12.9,0.6042231100711026,-0.1108027580125741,27.575763077609032,0
28.870000000000072,76.87000000000002,0.4208124760508223,0.3699999999999761,0.35510561809131835,5.1,82.0,0.1,12.7,0.6024970471689746,-0.09770514709082345,27.16622213242228,0
28.870000000000072,76.88000000000002,0.4126125785770724,0.359999999999971,0.3466987164672154,4.9,76.2,4.5,14.4,0.599922524463262,-0.05679479692747294,27.725501345160605,0
28.870000000000072,76.89000000000003,0.4044936835106549,0.3499999999999659,0.33837848631379064,5.3,74.9,2.5,17.4,0.523595677057023,-0.0863550637309585,27.401750866797276,0
28.870000000000072,76.90000000000003,0.3964607672897977,0.3399999999999608,0.3301514803843987,5.3,74.1,0.3,20.3,0.574959246112593,-0.05173689428298274,27.555263353927884,0
28.870000000000072,76.91000000000004,0.38851916297656747,0.32999999999995566,0.3220248437621048,19.7,72.0,0.1,8.2,0.5203547530814601,0.024762614484712307,29.00181695424018,-1
28.870000000000072,76.92000000000004,0.380674585440124,0.31999999999995055,0.3140063693621615,16.2,72.2,6.9,4.7,0.5254797240087294,-0.11291371337991557,28.726321434986087,0
28.870000000000072,76.93000000000005,0.3729331575497252,0.30999999999994543,0.3061045573002868,4.5,72.3,2.1,21.1,0.5605495578058396,-0.044261157668922295,27.05330029062711,0
28.870000000000072,76.94000000000005,0.3653014371721062,0.2999999999999403,0.29832867780353123,14.1,61.5,1.0,23.4,0.4286204627677902,0.015671127297699556,28.621957118030494,0
28.870000000000072,76.95000000000006,0.3577864446845416,0.2899999999999352,0.29068883707497606,18.1,64.9,2.6,14.4,0.5474522331264636,-0.0555439783803685,28.664789186336705,0
28.870000000000072,76.96000000000006,0.35039569061277437,0.2799999999999301,0.2831960451701277,5.5,81.0,3.1,10.3,0.6219966986861181,-0.060290015597053534,26.9849592647146,0
28.870000000000072,76.97000000000007,0.3431372028795505,0.26999999999992497,0.2758622844826748,19.6,59.3,3.0,18.0,0.48603241804208897,0.0778645825133217,28.825479730968343,0
28.870000000000072,76.98000000000008,0.3360195530025012,0.25999999999991985,0.2687005768508874,25.7,52.8,1.2,20.3,0.3371036077972859,0.12134646243931918,29.498056868297187,0
28.870000000000072,76.99000000000008,0.32905188040793787,0.24999999999991473,0.26172504656604656,4.8,75.9,1.1,18.1,0.5438949313249197,-0.03457573492446441,27.0788185059687,0
28.870000000000072,77.00000000000009,0.32224391382925943,0.23999999999990962,0.2549509756796374,6.4,73.2,0.0,20.4,0.4756472242559741,-0.03073750381545892,27.28333949858378,0
28.870000000000072,77.01000000000009,0.3156059885363373,0.2299999999999045,0.24839484696748262,27.7,61.9,5.3,5.1,0.4324921212603982,0.0367050832440845,29.11592164251266,-1
28.870000000000072,77.0200000000001,0.30914905789925745,0.2199999999998994,0.24207436873820273,19.8,47.4,1.8,31.0,0.3149697048505371,0.1585491405688595,28.795838564503736,0
28.870000000000072,77.0300000000001,0.3028846975335637,0.20999999999989427,0.2360084744241185,24.7,59.1,0.5,15.7,0.4357514010422937,0.12331187566058338,28.848829046710673,0
28.870000000000072,77.0400000000001,0.2968251000168256,0.19999999999988916,0.2302172886644277,22.1,60.6,4.6,12.7,0.48026753723190335,0.00900962932467328,28.63538551729116,0
28.870000000000072,77.05000000000011,0.2909830579260567,0.18999999999988404,0.2247220505424452,28.1,57.8,5.4,8.7,0.4514397694734751,0.1393257287098239,28.896438869554984,0
28.870000000000072,77.06000000000012,0.28537193274742245,0.17999999999987892,0.21954498400100686,9.5,69.2,8.9,12.4,0.5795820633837404,-0.031676993903746044,27.25185484493537,-1
28.870000000000072,77.07000000000012,0.2800056070867156,0.1699999999998738,0.2147091055358473,32.6,58.7,3.9,4.7,0.3839349316481902,0.1349410522221457,29.341749762401637,0
28.870000000000072,77.08000000000013,0.27489841760185,0.1599999999998687,0.21023796041629844,31.3,54.1,10.4,4.3,0.38844121022137823,0.1309975938971817,29.455885905304797,0
28.870000000000072,77.09000000000013,0.2700650662340509,0.14999999999986358,0.20615528128089938,23.4,55.2,0.6,20.9,0.3467916224275628,0.08559879764926302,28.497395537056896,0
28.870000000000072,77.10000000000014,0.26552050768255864,0.13999999999985846,0.20248456731318717,25.8,55.2,3.6,15.4,0.4175117209650765,0.12836050669923094,28.66235243418398,0
28.870000000000072,77.11000000000014,0.26127981169620673,0.12999999999985334,0.19924858845173962,11.9,63.7,3.3,21.2,0.5635127568538947,0.0005432834921039326,27.33153715781305,-1
28.870000000000072,77.12000000000015,0.25735799968139134,0.11999999999984823,0.19646882704391808,31.5,48.7,0.5,19.3,0.2784785897449397,0.20501463790607205,29.242218287099828,0
28.870000000000072,77.13000000000015,0.2537698563659778,0.10999999999984311,0.19416487838951585,31.9,39.7,0.2,28.3,0.29167738573106117,0.2594365583715212,29.463119629947983,0
28.870000000000072,77.14000000000016,0.2505297187960167,0.099999999999838,0.19235384061676067,29.2,45.2,7.8,17.8,0.35923203545603216,0.13424630717392008,28.954995400591255,0
28.870000000000072,77.15000000000016,0.2476512467160495,0.08999999999983288,0.19104973174548315,42.9,47.8,0.7,8.6,0.28556360144813586,0.18133860153255363,29.907267589026162,0
28.870000000000072,77.16000000000017,0.2451471802815937,0.07999999999982776,0.19026297590446803,29.4,40.7,4.4,25.6,0.28811640974516095,0.16599276794960455,28.91505229360094,0
28.870000000000072,77.17000000000017,0.24302909290868657,0.06999999999982265,0.19000000000007233,36.3,43.3,0.0,20.5,0.27170334142595676,0.21116276283719784,29.51939387203771,0
28.870000000000072,77.18000000000018,0.24130714867160902,0.05999999999981753,0.19026297590448593,20.7,56.2,0.0,23.1,0.3997417053598498,0.1466028107686586,28.001258739744852,-1
28.870000000000072,77.19000000000018,0.23998987478646935,0.04999999999981242,0.19104973174551884,34.1,31.0,1.3,33.6,0.15934740520606266,0.16392155120258656,29.40531483365379,-1
28.870000000000072,77.20000000000019,0.2390839601479544,0.0399999999998073,0.19235384061681388,28.8,55.8,0.5,14.9,0.3909562311023717,0.036484854591307195,28.674913780139494,-1
28.870000000000072,77.21000000000019,0.23859409045496552,0.029999999999802185,0.1941648783895861,34.7,54.7,2.4,8.3,0.450076488817873,0.12642371619071519,29.07374487011138,-1
28.870000000000072,77.2200000000002,0.2385228290961603,0.01999999999979707,0.19646882704400487,26.5,40.3,28.5,4.6,0.25874294303770823,0.1872965147528583,28.81832744467423,0
28.870000000000072,77.2300000000002,0.23887055071741292,0.009999999999791953,0.19924858845184232,25.3,41.6,29.0,4.1,0.244316541144628,0.12083534319317088,28.875354611255077,0
28.870000000000072,77.24000000000021,0.23963543143709856,2.1316282072803006e-13,0.20248456731330508,30.5,33.2,32.5,3.8,0.20224987805812422,0.23453701076641703,29.678114494811663,0
28.870000000000072,77.25000000000021,0.24081349629962356,0.010000000000218279,0.20615528128103175,22.4,47.1,26.4,4.1,0.21779332936627654,0.09465216664719181,28.525708790471803,0
28.870000000000072,77.26000000000022,0.24239872111884883,0.020000000000223395,0.21023796041644446,15.0,57.9,0.4,26.6,0.38025519559109305,0.03316112851819303,27.502802358721567,13
28.870000000000072,77.27000000000022,0.24438318272757295,0.03000000000022851,0.21470910553600614,46.6,29.6,3.0,20.8,0.22882955681246764,0.3552814610291702,30.694882861193623,-1
28.870000000000072,77.28000000000023,0.2467572491337658,0.040000000000233626,0.21954498400117772,41.0,44.6,1.0,13.4,0.29413273427561304,0.18284334434701496,30.042817948436156,0
28.870000000000072,77.29000000000023,0.2495097994068943,0.05000000000023874,0.2247220505426273,17.8,52.5,0.2,29.5,0.3485982993684126,0.07286375900206929,27.8519595615381,13
28.870000000000072,77.30000000000024,0.2526284623712738,0.06000000000024386,0.2302172886646203,35.8,46.8,1.3,16.1,0.3298484903977913,0.1799880938000195,29.496944811713504,12
28.870000000000072,77.31000000000024,0.25609986333475415,0.07000000000024897,0.2360084744243208,24.5,47.0,0.2,28.3,0.3598309966450285,0.1931145351012367,28.55760352381524,13
28.870000000000072,77.32000000000025,0.25990986899324475,0.08000000000025409,0.2420743687384141,30.6,63.7,0.3,5.4,0.5397370715049625,0.07114888385178701,28.78983451675644,-1
28.870000000000072,77.33000000000025,0.2640438221206694,0.0900000000002592,0.2483948469677023,31.9,62.3,0.6,5.3,0.4381486940692297,0.05628794717833045,28.87220297359766,-1
28.870000000000072,77.34000000000026,0.26848675945025297,0.10000000000026432,0.25495097567986486,25.4,50.0,4.2,20.5,0.3285990372145649,0.15515626935712531,28.65888700893275,13
28.880000000000074,76.84,0.45128166370908174,0.3999999999999915,0.3858756276315316,4.8,72.6,5.0,17.6,0.5422413879513566,-0.00796321676490469,27.314208076297714,0
28.880000000000074,76.85000000000001,0.44296855418870645,0.38999999999998636,0.37735924528229753,5.3,85.6,3.7,5.3,0.7218580413734814,-0.05486692702001919,27.11582038293278,0
28.880000000000074,76.86000000000001,0.4347265117289599,0.37999999999998124,0.36891733491396433,4.9,77.6,0.8,16.7,0.6012520842339479,-0.07508313268109174,27.150994951350288,0
28.880000000000074,76.87000000000002,0.42655965585135464,0.3699999999999761,0.3605551275464257,5.2,82.8,0.7,11.4,0.7534939870695596,-0.07464124215529565,27.09817980497569,0
28.880000000000074,76.88000000000002,0.4184723885754268,0.359999999999971,0.35227829907619446,5.5,87.3,1.7,5.5,0.6776495916902651,-0.08048041949069984,27.399501764066233,0
28.880000000000074,76.89000000000003,0.4104694142077094,0.3499999999999659,0.3440930106817258,5.4,86.4,2.8,5.4,0.7657742803708874,-0.1067068543372489,27.090210914535533,0
28.880000000000074,76.90000000000003,0.4025557601128288,0.3399999999999608,0.3360059523282468,5.9,74.5,9.3,10.2,0.5258484749045741,0.011172066783557776,28.04211694194722,0
28.880000000000074,76.91000000000004,0.3947367983859813,0.32999999999995566,0.32802438933714984,16.2,78.4,0.3,5.1,0.5361076466971374,-0.010830791974703824,28.675713986758872,-1
28.880000000000074,76.92000000000004,0.3870182683026895,0.31999999999995055,0.3201562118716553,5.0,65.6,0.1,29.2,0.4853285553409921,0.08114328748201848,27.562064288405885,-1
28.880000000000074,76.93000000000005,0.379406299367855,0.30999999999994543,0.3124099870362768,6.4,72.1,2.3,19.2,0.6058693465258082,0.00458552622801265,27.8837931593586,0
28.880000000000074,76.94000000000005,0.37190743471999654,0.2999999999999403,0.304795013082572,10.7,80.7,3.6,5.0,0.6024510305338632,-0.16773547982904718,27.97093346424238,-1
28.880000000000074,76.95000000000006,0.36452865456642336,0.2899999999999352,0.29732137494637695,12.2,72.7,3.9,11.3,0.5234731536435873,-0.046818606853886884,28.162092044550548,0
28.880000000000074,76.96000000000006,0.3572773992292338,0.2799999999999301,0.29000000000000525,9.1,73.1,2.2,15.6,0.6091507348057478,-0.11909225748784436,27.863068543048954,-1
28.880000000000074,76.97000000000007,0.3501615912689512,0.26999999999992497,0.28284271247462306,17.1,63.8,6.1,13.0,0.5094549868452369,0.0003589682588842624,28.622432118270773,0
28.880000000000074,76.98000000000008,0.34318965602127777,0.25999999999991985,0.2758622844826775,16.6,59.8,1.5,22.2,0.398579242415006,0.03223189353340548,28.55721538543124,0
28.880000000000074,76.99000000000008,0.3363705397326021,0.24999999999991473,0.2690724809414767,4.9,67.2,4.8,23.0,0.4622556849986105,0.022136301252190772,27.19825969792726,0
28.880000000000074,77.00000000000009,0.3297137243124729,0.23999999999990962,0.26248809496813597,22.8,65.3,6.9,5.0,0.5291646055670941,0.01991720724332581,28.826668941285547,0
28.880000000000074,77.01000000000009,0.32322923753893446,0.2299999999999045,0.2561249694973163,25.5,58.8,3.9,11.8,0.34760647084335095,0.1522104127307445,29.046736327724282,0
28.880000000000074,77.0200000000001,0.3169276573604782,0.2199999999998994,0.25000000000000283,8.5,59.4,0.7,31.4,0.48857617580250845,-0.004926558821267732,27.69944785700162,0
28.880000000000074,77.0300000000001,0.310820108744593,0.20999999999989427,0.24413111231467788,18.0,53.1,0.4,28.4,0.41249143956558676,0.07407608985580491,28.51105982681471,0
28.880000000000074,77.0400000000001,0.3049182513396021,0.19999999999988916,0.23853720883753654,26.0,67.4,1.6,5.0,0.39255439458960806,-0.020985509998517476,28.787755405496448,-1
28.880000000000074,77.05000000000011,0.2992342560603667,0.18999999999988404,0.23323807579381925,17.6,55.7,1.2,25.6,0.40207841374063025,0.1465274037739711,28.323433999301226,0
28.880000000000074,77.06000000000012,0.2937807686013529,0.17999999999987892,0.22825424421027624,29.8,61.6,3.9,4.7,0.35545659199299523,0.16031683476693506,29.212579932973917,0
28.880000000000074,77.07000000000012,0.28857085784951053,0.1699999999998738,0.22360679774999168,40.7,54.7,0.2,4.4,0.3320455416818124,0.14199375624429175,30.323027156400588,-1
28.880000000000074,77.08000000000013,0.2836179472459445,0.1599999999998687,0.21931712199462938,15.4,57.2,0.6,26.7,0.3896514494546687,-0.013833288934834605,27.939097892773418,-1
28.880000000000074,77.09000000000013,0.278935727363858,0.14999999999986358,0.21540659228540063,10.8,52.7,2.9,33.5,0.3109105717869174,0.05849064281093924,27.593568607514026,-1
28.880000000000074,77.10000000000014,0.27453804836489587,0.13999999999985846,0.21189620100419615,26.9,34.5,0.2,38.3,0.3214080452722113,0.2198077384081767,29.283000206893345,-1
28.880000000000074,77.11000000000014,0.27043879159619,0.12999999999985334,0.20880613017824162,35.8,42.0,0.8,21.4,0.32120290268070895,0.16565688116792074,29.60887216165398,0
28.880000000000074,77.12000000000015,0.2666517204144936,0.11999999999984823,0.20615528128091956,24.3,41.6,1.0,33.2,0.34277195215815315,0.28244260131173127,28.795657722168524,-1
28.880000000000074,77.13000000000015,0.2631903113718498,0.10999999999984311,0.20396078054375444,39.2,54.3,1.8,4.7,0.3816856745825908,0.23736707328153056,29.83072124075143,-1
28.880000000000074,77.14000000000016,0.26006756814338355,0.099999999999838,0.2022374841616169,14.6,55.4,0.3,29.6,0.4001233703402002,-0.020641061973937322,27.674788009229285,-1
28.880000000000074,77.15000000000016,0.2572958219637774,0.08999999999983288,0.20099751242247538,35.8,51.6,4.0,8.6,0.4434363521199259,0.0917098153382046,29.402550220606713,-1
28.880000000000074,77.16000000000017,0.25488652377090953,0.07999999999982776,0.20024984394507342,23.5,34.4,1.2,40.9,0.2312866197014009,0.22143614226010333,28.728160498711464,0
28.880000000000074,77.17000000000017,0.25285003460553696,0.06999999999982265,0.2000000000000739,48.6,35.8,5.2,10.4,0.2528120900723888,0.21320608199636348,30.615779862194557,-1
28.880000000000074,77.18000000000018,0.25119542193285344,0.05999999999981753,0.20024984394509043,47.0,47.1,1.2,4.7,0.27834102074282013,0.21464525797291265,30.47834858567497,-1
28.880000000000074,77.19000000000018,0.249930270275586,0.04999999999981242,0.20099751242250932,21.1,50.2,0.6,28.1,0.30600940979122376,0.11283521633581234,28.259762615199236,0
28.880000000000074,77.20000000000019,0.2490605147349352,0.0399999999998073,0.2022374841616675,25.3,49.9,0.3,24.6,0.3621519991293453,0.12442160871010241,28.50031234113662,0
28.880000000000074,77.21000000000019,0.24859030552303224,0.029999999999802185,0.2039607805438213,35.1,45.3,0.0,19.5,0.3263484668604787,0.2297399990076508,29.590884852580814,0
28.880000000000074,77.2200000000002,0.2485219105029541,0.01999999999979707,0.2061552812810023,20.3,47.9,28.1,3.8,0.28124544378673266,0.21177096897112885,28.471525584196158,-1
28.880000000000074,77.2300000000002,0.24885566097648326,0.009999999999791953,0.2088061301783396,25.9,40.5,29.3,4.3,0.2824228483113928,0.19500387639842917,28.958385300124792,0
28.880000000000074,77.24000000000021,0.2495899437077676,2.1316282072803006e-13,0.21189620100430884,22.2,35.8,38.3,3.7,0.16111651988783926,0.12699603524452163,28.976785119362116,0
28.880000000000074,77.25000000000021,0.25072123962690324,0.010000000000218279,0.2154065922855273,9.2,48.1,38.4,4.3,0.3335915099861849,0.09429428133258708,27.368254330992084,-1
28.880000000000074,77.26000000000022,0.25224420706937095,0.020000000000223395,0.21931712199476935,28.5,66.0,0.6,4.8,0.4221256352246415,0.02629244700994535,28.54217203604379,-1
28.880000000000074,77.27000000000022,0.2541518050301051,0.03000000000022851,0.22360679775014422,22.9,35.6,0.4,41.1,0.2867995294091976,0.2903136735870803,28.644227022058825,0
28.880000000000074,77.28000000000023,0.25643544996756124,0.040000000000233626,0.2282542442104406,24.3,58.1,3.0,14.6,0.4073388940682611,0.11705807589014684,28.334529497891026,13
28.880000000000074,77.29000000000023,0.2590851983423037,0.05000000000023874,0.23323807579399472,43.2,45.8,5.9,5.1,0.2775215745240985,0.22072597216221168,30.115906910825316,0
28.880000000000074,77.30000000000024,0.26208994639260075,0.06000000000024386,0.2385372088377224,14.7,58.2,0.2,26.8,0.3665130858473975,0.08558029567501577,27.66283746195128,13
28.880000000000074,77.31000000000024,0.26543763862738456,0.07000000000024897,0.24413111231487347,33.2,41.7,0.3,24.9,0.21320073200259199,0.1891818346547024,29.5826935024649,0
28.880000000000074,77.32000000000025,0.2691154770727389,0.08000000000025409,0.25000000000020745,23.3,52.7,6.4,17.7,0.3961205119343688,0.16900275457790392,28.51960944392501,13
28.880000000000074,77.33000000000025,0.27311012430903026,0.0900000000002592,0.25612496949752933,22.5,59.8,0.1,17.6,0.48839009448177667,0.03995554998903737,28.353210824842993,-1
28.880000000000074,77.34000000000026,0.2774078946246848,0.10000000000026432,0.26248809496835684,26.6,63.0,6.2,4.1,0.5121866392149206,0.11280188028358722,28.947276857116766,-1
